gene	n_pairs_any	n_variants_any	median_tumor_AF	median_tumor_DP	median_normal_AF	median_normal_DP	pairs_any	caution_reason_symbol	n_pairs_high	n_high	n_pairs_moderate	n_moderate	n_pairs_low	n_low	n_pairs_modifier	n_modifier	n_pairs_low_splice_region	n_low_splice_region	n_pairs_functional_strict	n_functional_strict	n_pairs_functional_extended	n_functional_extended	has_symbol_caution	caution_reason_data	caution_reason	has_caution_flag	unbiased_somatic_gene_score	unbiased_somatic_gene_score_caution_adjusted
TP53	9	10	0.202	148.5	0.0175	87.0	candidate_kenya_pair_001,candidate_kenya_pair_002,candidate_kenya_pair_004,candidate_kenya_pair_005,candidate_kenya_pair_007,candidate_kenya_pair_008,candidate_kenya_pair_012,candidate_kenya_pair_015,candidate_kenya_pair_018	.	6	6	3	3	0	0	1	1	0	0	8	9	8	9	False	.	.	False	69	69
MUC5B	10	18	0.2025	119.0	0.019	69.0	candidate_kenya_pair_001,candidate_kenya_pair_003,candidate_kenya_pair_004,candidate_kenya_pair_005,candidate_kenya_pair_006,candidate_kenya_pair_008,candidate_kenya_pair_013,candidate_kenya_pair_015,candidate_kenya_pair_019,candidate_kenya_pair_021	.	0	0	7	11	1	4	3	3	0	0	7	11	7	11	False	.	.	False	46	46
TTN	9	21	0.131	135.0	0.018	81.0	candidate_kenya_pair_003,candidate_kenya_pair_005,candidate_kenya_pair_006,candidate_kenya_pair_012,candidate_kenya_pair_013,candidate_kenya_pair_014,candidate_kenya_pair_018,candidate_kenya_pair_020,candidate_kenya_pair_021	.	1	1	6	7	4	6	6	7	1	1	6	8	6	9	False	.	.	False	43	43
EML5	6	6	0.064	70.5	0.036000000000000004	39.0	candidate_kenya_pair_004,candidate_kenya_pair_005,candidate_kenya_pair_013,candidate_kenya_pair_014,candidate_kenya_pair_015,candidate_kenya_pair_021	.	1	1	5	5	0	0	0	0	0	0	6	6	6	6	False	.	.	False	39	39
MUC12	4	12	0.1845	255.5	0.0075655	173.5	candidate_kenya_pair_003,candidate_kenya_pair_006,candidate_kenya_pair_007,candidate_kenya_pair_015	.	0	0	4	8	1	3	1	1	0	0	4	8	4	8	False	.	.	False	28	28
ASH1L	7	8	0.057999999999999996	145.0	0.028	50.5	candidate_kenya_pair_001,candidate_kenya_pair_003,candidate_kenya_pair_008,candidate_kenya_pair_012,candidate_kenya_pair_013,candidate_kenya_pair_020,candidate_kenya_pair_021	.	1	1	3	3	0	0	4	4	0	0	4	4	4	4	False	.	.	False	27	27
DOCK8	8	9	0.085	64.0	0.045	31.0	candidate_kenya_pair_003,candidate_kenya_pair_006,candidate_kenya_pair_007,candidate_kenya_pair_010,candidate_kenya_pair_012,candidate_kenya_pair_013,candidate_kenya_pair_015,candidate_kenya_pair_021	.	1	1	3	3	0	0	5	5	0	0	4	4	4	4	False	.	.	False	27	27
RHPN2	6	7	0.059	129.0	0.026	56.0	candidate_kenya_pair_008,candidate_kenya_pair_014,candidate_kenya_pair_015,candidate_kenya_pair_017,candidate_kenya_pair_019,candidate_kenya_pair_021	.	3	3	0	0	0	0	3	4	0	0	3	3	3	3	False	.	.	False	27	27
KMT2C	12	17	0.136	34.0	0.063	20.0	candidate_kenya_pair_001,candidate_kenya_pair_003,candidate_kenya_pair_004,candidate_kenya_pair_006,candidate_kenya_pair_008,candidate_kenya_pair_009,candidate_kenya_pair_011,candidate_kenya_pair_014,candidate_kenya_pair_015,candidate_kenya_pair_018,candidate_kenya_pair_019,candidate_kenya_pair_021	.	1	1	2	2	5	5	6	9	2	2	3	3	4	5	False	.	.	False	24	24
ECPAS	5	5	0.12	42.0	0.038	40.0	candidate_kenya_pair_004,candidate_kenya_pair_007,candidate_kenya_pair_013,candidate_kenya_pair_014,candidate_kenya_pair_020	.	0	0	4	4	0	0	1	1	0	0	4	4	4	4	False	.	.	False	24	24
HMCN1	6	7	0.122	72.0	0.033	39.0	candidate_kenya_pair_002,candidate_kenya_pair_003,candidate_kenya_pair_006,candidate_kenya_pair_009,candidate_kenya_pair_013,candidate_kenya_pair_020	.	0	0	4	4	0	0	2	3	0	0	4	4	4	4	False	.	.	False	24	24
KDM6B	4	5	0.069	78.0	0.035	34.0	candidate_kenya_pair_003,candidate_kenya_pair_007,candidate_kenya_pair_014,candidate_kenya_pair_020	.	0	0	4	4	1	1	0	0	0	0	4	4	4	4	False	.	.	False	24	24
PIK3CA	4	4	0.346	195.5	0.017	84.0	candidate_kenya_pair_007,candidate_kenya_pair_009,candidate_kenya_pair_013,candidate_kenya_pair_014	.	0	0	4	4	0	0	0	0	0	0	4	4	4	4	False	.	.	False	24	24
PRDM2	4	4	0.1005	85.5	0.042499999999999996	38.0	candidate_kenya_pair_003,candidate_kenya_pair_005,candidate_kenya_pair_010,candidate_kenya_pair_015	.	0	0	4	4	0	0	0	0	0	0	4	4	4	4	False	.	.	False	24	24
RECQL4	4	4	0.112	64.0	0.037500000000000006	25.0	candidate_kenya_pair_005,candidate_kenya_pair_010,candidate_kenya_pair_014,candidate_kenya_pair_020	.	0	0	4	4	0	0	0	0	0	0	4	4	4	4	False	.	.	False	24	24
SIGLEC10	4	5	0.078	304.0	0.016	131.0	candidate_kenya_pair_005,candidate_kenya_pair_007,candidate_kenya_pair_013,candidate_kenya_pair_015	.	0	0	4	4	0	0	1	1	0	0	4	4	4	4	False	.	.	False	24	24
WNK2	5	6	0.0765	211.0	0.0155	100.5	candidate_kenya_pair_001,candidate_kenya_pair_004,candidate_kenya_pair_007,candidate_kenya_pair_010,candidate_kenya_pair_019	.	0	0	4	4	1	1	1	1	0	0	4	4	4	4	False	.	.	False	24	24
ANKRD36C	7	18	0.0925	66.5	0.039	38.5	candidate_kenya_pair_003,candidate_kenya_pair_006,candidate_kenya_pair_008,candidate_kenya_pair_010,candidate_kenya_pair_015,candidate_kenya_pair_018,candidate_kenya_pair_021	.	0	0	3	5	1	2	6	11	1	1	3	5	4	6	False	.	.	False	23	23
CEP290	4	5	0.104	44.0	0.038	36.0	candidate_kenya_pair_001,candidate_kenya_pair_008,candidate_kenya_pair_014,candidate_kenya_pair_019	possible_pseudogene_symbol	1	1	3	3	0	0	1	1	0	0	4	4	4	4	True	.	possible_pseudogene_symbol	True	27	22
GOLGA6L2	4	4	0.095	73.5	0.031	51.0	candidate_kenya_pair_004,candidate_kenya_pair_005,candidate_kenya_pair_006,candidate_kenya_pair_007	.	1	1	2	2	0	0	1	1	0	0	3	3	3	3	False	.	.	False	21	21
LRRK2	3	3	0.096	53.0	0.03	46.0	candidate_kenya_pair_007,candidate_kenya_pair_014,candidate_kenya_pair_020	.	1	1	2	2	0	0	0	0	0	0	3	3	3	3	False	.	.	False	21	21
MYO5C	3	3	0.061	88.0	0.024	61.0	candidate_kenya_pair_013,candidate_kenya_pair_015,candidate_kenya_pair_019	.	1	1	2	2	0	0	0	0	0	0	3	3	3	3	False	.	.	False	21	21
PPP4R1	3	3	0.056	83.0	0.03	49.0	candidate_kenya_pair_004,candidate_kenya_pair_014,candidate_kenya_pair_015	.	1	1	2	2	0	0	0	0	0	0	3	3	3	3	False	.	.	False	21	21
CACNA1A	5	8	0.08099999999999999	71.5	0.051000000000000004	22.0	candidate_kenya_pair_003,candidate_kenya_pair_008,candidate_kenya_pair_010,candidate_kenya_pair_019,candidate_kenya_pair_021	.	0	0	3	6	0	0	2	2	0	0	3	6	3	6	False	.	.	False	21	21
FSIP2	4	4	0.0885	97.5	0.024	63.0	candidate_kenya_pair_007,candidate_kenya_pair_013,candidate_kenya_pair_014,candidate_kenya_pair_017	possible_pseudogene_symbol	0	0	4	4	0	0	0	0	0	0	4	4	4	4	True	.	possible_pseudogene_symbol	True	24	19
MDN1	5	7	0.065	74.0	0.02	78.0	candidate_kenya_pair_001,candidate_kenya_pair_012,candidate_kenya_pair_013,candidate_kenya_pair_019,candidate_kenya_pair_020	.	0	0	3	4	1	1	2	2	0	0	3	4	3	4	False	.	.	False	19	19
TUT4	5	5	0.153	42.0	0.042	33.0	candidate_kenya_pair_002,candidate_kenya_pair_003,candidate_kenya_pair_007,candidate_kenya_pair_013,candidate_kenya_pair_021	.	1	1	1	1	2	2	1	1	1	1	2	2	3	3	False	.	.	False	18	18
AJM1	3	3	0.095	157.0	0.02	154.0	candidate_kenya_pair_003,candidate_kenya_pair_012,candidate_kenya_pair_013	.	0	0	3	3	0	0	0	0	0	0	3	3	3	3	False	.	.	False	18	18
ANKRD26	3	3	0.07	69.0	0.029	47.0	candidate_kenya_pair_005,candidate_kenya_pair_008,candidate_kenya_pair_014	.	0	0	3	3	0	0	0	0	0	0	3	3	3	3	False	.	.	False	18	18
ARID1B	4	5	0.059	75.0	0.021	59.0	candidate_kenya_pair_013,candidate_kenya_pair_014,candidate_kenya_pair_015,candidate_kenya_pair_019	.	0	0	3	3	0	0	1	2	0	0	3	3	3	3	False	.	.	False	18	18
ARMCX4	3	3	0.114	159.0	0.011	129.0	candidate_kenya_pair_006,candidate_kenya_pair_009,candidate_kenya_pair_013	.	0	0	3	3	0	0	0	0	0	0	3	3	3	3	False	.	.	False	18	18
ASPHD1	3	3	0.049	116.0	0.042	33.0	candidate_kenya_pair_015,candidate_kenya_pair_020,candidate_kenya_pair_021	.	0	0	3	3	0	0	0	0	0	0	3	3	3	3	False	.	.	False	18	18
ATP4A	5	5	0.095	90.0	0.032	31.0	candidate_kenya_pair_006,candidate_kenya_pair_009,candidate_kenya_pair_015,candidate_kenya_pair_017,candidate_kenya_pair_019	.	0	0	3	3	0	0	2	2	0	0	3	3	3	3	False	.	.	False	18	18
CHAC1	3	3	0.045	233.0	0.017	95.0	candidate_kenya_pair_001,candidate_kenya_pair_007,candidate_kenya_pair_014	.	0	0	3	3	0	0	0	0	0	0	3	3	3	3	False	.	.	False	18	18
DNAH11	4	5	0.107	91.0	0.03	54.0	candidate_kenya_pair_003,candidate_kenya_pair_006,candidate_kenya_pair_007,candidate_kenya_pair_015	.	0	0	3	3	1	1	1	1	0	0	3	3	3	3	False	.	.	False	18	18
DOCK11	4	4	0.0755	115.5	0.0385	41.0	candidate_kenya_pair_007,candidate_kenya_pair_010,candidate_kenya_pair_015,candidate_kenya_pair_021	.	0	0	3	3	0	0	1	1	0	0	3	3	3	3	False	.	.	False	18	18
DROSHA	4	4	0.0915	55.5	0.041499999999999995	26.0	candidate_kenya_pair_004,candidate_kenya_pair_007,candidate_kenya_pair_014,candidate_kenya_pair_019	.	0	0	3	3	1	1	0	0	0	0	3	3	3	3	False	.	.	False	18	18
FOXD4L1	4	6	0.095	61.0	0.0525	27.0	candidate_kenya_pair_004,candidate_kenya_pair_009,candidate_kenya_pair_013,candidate_kenya_pair_020	.	0	0	3	3	3	3	0	0	0	0	3	3	3	3	False	.	.	False	18	18
GATA6	3	3	0.099	81.0	0.031	31.0	candidate_kenya_pair_006,candidate_kenya_pair_010,candidate_kenya_pair_015	.	0	0	3	3	0	0	0	0	0	0	3	3	3	3	False	.	.	False	18	18
KIAA1549	4	4	0.07200000000000001	100.5	0.0325	48.5	candidate_kenya_pair_005,candidate_kenya_pair_007,candidate_kenya_pair_009,candidate_kenya_pair_017	.	0	0	3	3	0	0	1	1	0	0	3	3	3	3	False	.	.	False	18	18
MUC17	3	3	0.174	541.0	0.00517	374.0	candidate_kenya_pair_002,candidate_kenya_pair_006,candidate_kenya_pair_016	.	0	0	3	3	0	0	0	0	0	0	3	3	3	3	False	.	.	False	18	18
NACA	5	6	0.101	49.5	0.0635	23.5	candidate_kenya_pair_003,candidate_kenya_pair_004,candidate_kenya_pair_012,candidate_kenya_pair_013,candidate_kenya_pair_014	.	0	0	3	3	1	1	1	2	0	0	3	3	3	3	False	.	.	False	18	18
NCOR2	9	11	0.113	44.0	0.053	21.0	candidate_kenya_pair_003,candidate_kenya_pair_004,candidate_kenya_pair_005,candidate_kenya_pair_007,candidate_kenya_pair_008,candidate_kenya_pair_013,candidate_kenya_pair_019,candidate_kenya_pair_020,candidate_kenya_pair_021	.	0	0	3	3	1	1	6	7	0	0	3	3	3	3	False	.	.	False	18	18
PLXNA1	6	7	0.065	95.0	0.02	68.0	candidate_kenya_pair_004,candidate_kenya_pair_006,candidate_kenya_pair_012,candidate_kenya_pair_013,candidate_kenya_pair_015,candidate_kenya_pair_021	.	0	0	3	3	1	1	3	3	0	0	3	3	3	3	False	.	.	False	18	18
PXDN	5	5	0.04	190.0	0.015	101.0	candidate_kenya_pair_006,candidate_kenya_pair_007,candidate_kenya_pair_010,candidate_kenya_pair_012,candidate_kenya_pair_014	.	0	0	3	3	0	0	2	2	0	0	3	3	3	3	False	.	.	False	18	18
RIF1	5	6	0.08499999999999999	104.5	0.023	60.0	candidate_kenya_pair_006,candidate_kenya_pair_008,candidate_kenya_pair_013,candidate_kenya_pair_020,candidate_kenya_pair_021	.	0	0	3	3	0	0	2	3	0	0	3	3	3	3	False	.	.	False	18	18
RNF112	4	4	0.089	69.0	0.037	38.5	candidate_kenya_pair_003,candidate_kenya_pair_004,candidate_kenya_pair_009,candidate_kenya_pair_012	.	0	0	3	3	0	0	1	1	0	0	3	3	3	3	False	.	.	False	18	18
RYR3	5	7	0.1	70.0	0.026	61.0	candidate_kenya_pair_006,candidate_kenya_pair_008,candidate_kenya_pair_009,candidate_kenya_pair_013,candidate_kenya_pair_021	.	0	0	3	3	0	0	3	4	0	0	3	3	3	3	False	.	.	False	18	18
SYNPO2L	4	4	0.064	90.0	0.0385	26.5	candidate_kenya_pair_005,candidate_kenya_pair_007,candidate_kenya_pair_014,candidate_kenya_pair_018	.	0	0	3	3	0	0	1	1	0	0	3	3	3	3	False	.	.	False	18	18
TERF2	3	3	0.06	108.0	0.023	73.0	candidate_kenya_pair_003,candidate_kenya_pair_008,candidate_kenya_pair_019	.	0	0	3	3	0	0	0	0	0	0	3	3	3	3	False	.	.	False	18	18
ZBTB21	3	3	0.089	184.0	0.017	93.0	candidate_kenya_pair_010,candidate_kenya_pair_013,candidate_kenya_pair_015	.	0	0	3	3	0	0	0	0	0	0	3	3	3	3	False	.	.	False	18	18
RB1	2	2	0.45999999999999996	52.0	0.0345	41.5	candidate_kenya_pair_015,candidate_kenya_pair_018	.	2	2	0	0	0	0	0	0	0	0	2	2	2	2	False	.	.	False	18	18
TAB1	2	2	0.028	406.0	0.0065325	248.0	candidate_kenya_pair_001,candidate_kenya_pair_004	.	2	2	0	0	0	0	0	0	0	0	2	2	2	2	False	.	.	False	18	18
URB1	2	2	0.075	89.0	0.0228475	91.5	candidate_kenya_pair_013,candidate_kenya_pair_019	.	2	2	0	0	0	0	0	0	0	0	2	2	2	2	False	.	.	False	18	18
PCLO	3	6	0.46599999999999997	88.0	0.025	63.0	candidate_kenya_pair_006,candidate_kenya_pair_014,candidate_kenya_pair_019	.	1	1	2	2	1	1	2	2	1	1	2	3	2	4	False	.	.	False	18	18
AC118281.1	3	3	0.054	413.0	0.008208	207.0	candidate_kenya_pair_003,candidate_kenya_pair_007,candidate_kenya_pair_013	noncoding_or_immunoglobulin_like_prefix	1	1	2	2	0	0	0	0	0	0	3	3	3	3	True	.	noncoding_or_immunoglobulin_like_prefix	True	21	16
MUC3A	5	7	0.25	137.0	0.024	55.0	candidate_kenya_pair_001,candidate_kenya_pair_004,candidate_kenya_pair_006,candidate_kenya_pair_013,candidate_kenya_pair_018	.	0	0	2	3	1	1	2	3	1	1	2	3	3	4	False	.	.	False	16	16
FLG	2	7	0.943	554.0	0.005061	295.0	candidate_kenya_pair_006,candidate_kenya_pair_013	.	0	0	2	6	1	1	0	0	0	0	2	6	2	6	False	.	.	False	16	16
BICRA	4	4	0.08349999999999999	78.5	0.04	33.0	candidate_kenya_pair_005,candidate_kenya_pair_010,candidate_kenya_pair_013,candidate_kenya_pair_020	.	0	0	2	2	2	2	0	0	1	1	2	2	3	3	False	.	.	False	15	15
C4orf54	4	4	0.1155	94.5	0.023	55.5	candidate_kenya_pair_006,candidate_kenya_pair_012,candidate_kenya_pair_013,candidate_kenya_pair_018	.	0	0	2	2	2	2	0	0	1	1	2	2	3	3	False	.	.	False	15	15
FBN3	6	7	0.131	111.0	0.036	36.0	candidate_kenya_pair_003,candidate_kenya_pair_006,candidate_kenya_pair_008,candidate_kenya_pair_013,candidate_kenya_pair_017,candidate_kenya_pair_018	.	0	0	2	2	1	1	3	4	1	1	2	2	3	3	False	.	.	False	15	15
HMCN2	4	5	0.07	90.0	0.028	52.0	candidate_kenya_pair_006,candidate_kenya_pair_007,candidate_kenya_pair_013,candidate_kenya_pair_020	.	0	0	2	2	1	1	2	2	1	1	2	2	3	3	False	.	.	False	15	15
L1CAM	4	4	0.0545	152.5	0.020499999999999997	64.0	candidate_kenya_pair_005,candidate_kenya_pair_012,candidate_kenya_pair_017,candidate_kenya_pair_020	.	0	0	2	2	1	1	1	1	1	1	2	2	3	3	False	.	.	False	15	15
MCOLN1	3	3	0.254	108.0	0.022	74.0	candidate_kenya_pair_003,candidate_kenya_pair_006,candidate_kenya_pair_007	.	0	0	2	2	1	1	0	0	1	1	2	2	3	3	False	.	.	False	15	15
MUC16	5	7	0.111	134.0	0.015	90.0	candidate_kenya_pair_008,candidate_kenya_pair_012,candidate_kenya_pair_013,candidate_kenya_pair_014,candidate_kenya_pair_018	.	0	0	2	2	1	2	2	3	1	1	2	2	3	3	False	.	.	False	15	15
NBEAL1	3	3	0.083	84.0	0.036	35.0	candidate_kenya_pair_003,candidate_kenya_pair_005,candidate_kenya_pair_018	.	0	0	2	2	1	1	0	0	1	1	2	2	3	3	False	.	.	False	15	15
PPFIA3	4	4	0.087	92.0	0.028	48.5	candidate_kenya_pair_009,candidate_kenya_pair_010,candidate_kenya_pair_012,candidate_kenya_pair_014	.	0	0	2	2	1	1	1	1	1	1	2	2	3	3	False	.	.	False	15	15
GOLGA2	3	4	0.0905	58.0	0.0535	23.0	candidate_kenya_pair_001,candidate_kenya_pair_003,candidate_kenya_pair_008	.	1	1	1	1	1	1	1	1	1	1	2	2	2	3	False	.	.	False	15	15
MAP4K2	2	3	0.081	49.0	0.061	24.0	candidate_kenya_pair_004,candidate_kenya_pair_014	.	1	1	1	1	1	1	0	0	1	1	1	2	2	3	False	.	.	False	15	15
ADGRB2	3	3	0.114	52.0	0.044	32.0	candidate_kenya_pair_004,candidate_kenya_pair_013,candidate_kenya_pair_019	.	1	1	1	1	0	0	1	1	0	0	2	2	2	2	False	.	.	False	15	15
AGRN	3	3	0.071	70.0	0.027	52.0	candidate_kenya_pair_002,candidate_kenya_pair_011,candidate_kenya_pair_014	.	1	1	1	1	0	0	1	1	0	0	2	2	2	2	False	.	.	False	15	15
ANK2	3	3	0.15	67.0	0.036	40.0	candidate_kenya_pair_007,candidate_kenya_pair_013,candidate_kenya_pair_019	.	1	1	1	1	0	0	1	1	0	0	2	2	2	2	False	.	.	False	15	15
ANKRD11	2	2	0.3035	78.5	0.019	74.5	candidate_kenya_pair_010,candidate_kenya_pair_013	.	1	1	1	1	0	0	0	0	0	0	2	2	2	2	False	.	.	False	15	15
B3GNT3	2	3	0.115	245.0	0.00876	146.0	candidate_kenya_pair_001,candidate_kenya_pair_010	.	1	1	1	1	1	1	0	0	0	0	2	2	2	2	False	.	.	False	15	15
BAIAP2L2	2	2	0.09	54.5	0.051500000000000004	27.0	candidate_kenya_pair_017,candidate_kenya_pair_021	.	1	1	1	1	0	0	0	0	0	0	2	2	2	2	False	.	.	False	15	15
BCAS3	3	3	0.076	69.0	0.026	52.0	candidate_kenya_pair_009,candidate_kenya_pair_015,candidate_kenya_pair_018	.	1	1	1	1	0	0	1	1	0	0	2	2	2	2	False	.	.	False	15	15
BEST3	4	4	0.14550000000000002	101.0	0.015	92.0	candidate_kenya_pair_001,candidate_kenya_pair_008,candidate_kenya_pair_013,candidate_kenya_pair_015	.	1	1	1	1	0	0	2	2	0	0	2	2	2	2	False	.	.	False	15	15
BMPR2	4	4	0.058	140.0	0.0225	66.0	candidate_kenya_pair_008,candidate_kenya_pair_012,candidate_kenya_pair_015,candidate_kenya_pair_019	.	1	1	1	1	0	0	2	2	0	0	2	2	2	2	False	.	.	False	15	15
CARMIL2	2	2	0.09	57.5	0.0375	49.0	candidate_kenya_pair_013,candidate_kenya_pair_018	.	1	1	1	1	0	0	0	0	0	0	2	2	2	2	False	.	.	False	15	15
CD68	2	2	0.07	208.0	0.011554	136.0	candidate_kenya_pair_014,candidate_kenya_pair_021	.	1	1	1	1	0	0	0	0	0	0	2	2	2	2	False	.	.	False	15	15
CDH1	3	4	0.1315	70.5	0.025500000000000002	62.0	candidate_kenya_pair_001,candidate_kenya_pair_013,candidate_kenya_pair_014	.	1	1	1	1	0	0	2	2	0	0	2	2	2	2	False	.	.	False	15	15
CHD2	3	3	0.091	97.0	0.027	46.0	candidate_kenya_pair_010,candidate_kenya_pair_011,candidate_kenya_pair_013	.	1	1	1	1	0	0	1	1	0	0	2	2	2	2	False	.	.	False	15	15
COL18A1	5	7	0.228	71.0	0.027	50.0	candidate_kenya_pair_001,candidate_kenya_pair_006,candidate_kenya_pair_007,candidate_kenya_pair_008,candidate_kenya_pair_013	.	1	1	1	1	0	0	4	5	0	0	2	2	2	2	False	.	.	False	15	15
DNAH1	4	4	0.045	166.5	0.02	74.0	candidate_kenya_pair_003,candidate_kenya_pair_004,candidate_kenya_pair_012,candidate_kenya_pair_014	.	1	1	1	1	0	0	2	2	0	0	2	2	2	2	False	.	.	False	15	15
DZIP1L	5	6	0.154	93.0	0.0325	45.5	candidate_kenya_pair_004,candidate_kenya_pair_006,candidate_kenya_pair_010,candidate_kenya_pair_019,candidate_kenya_pair_020	.	1	1	1	1	0	0	4	4	0	0	2	2	2	2	False	.	.	False	15	15
EEA1	3	3	0.087	53.0	0.042	37.0	candidate_kenya_pair_001,candidate_kenya_pair_019,candidate_kenya_pair_020	.	1	1	1	1	0	0	1	1	0	0	2	2	2	2	False	.	.	False	15	15
FOXC1	2	2	0.086	62.5	0.046	34.5	candidate_kenya_pair_013,candidate_kenya_pair_020	.	1	1	1	1	0	0	0	0	0	0	2	2	2	2	False	.	.	False	15	15
GNB5	2	2	0.06999999999999999	203.0	0.013701000000000001	172.5	candidate_kenya_pair_007,candidate_kenya_pair_013	.	1	1	1	1	0	0	0	0	0	0	2	2	2	2	False	.	.	False	15	15
GTSE1	2	2	0.593	91.5	0.044500000000000005	46.0	candidate_kenya_pair_005,candidate_kenya_pair_006	.	1	1	1	1	0	0	0	0	0	0	2	2	2	2	False	.	.	False	15	15
IPO7	2	2	0.118	46.5	0.062	25.0	candidate_kenya_pair_007,candidate_kenya_pair_015	.	1	1	1	1	0	0	0	0	0	0	2	2	2	2	False	.	.	False	15	15
KIF18A	3	3	0.106	47.0	0.038	33.0	candidate_kenya_pair_013,candidate_kenya_pair_015,candidate_kenya_pair_021	.	1	1	1	1	0	0	1	1	0	0	2	2	2	2	False	.	.	False	15	15
MAP3K10	4	5	0.107	44.0	0.043	28.0	candidate_kenya_pair_006,candidate_kenya_pair_010,candidate_kenya_pair_013,candidate_kenya_pair_019	.	1	1	1	1	0	0	3	3	0	0	2	2	2	2	False	.	.	False	15	15
MIEN1	3	3	0.059	188.0	0.023	60.0	candidate_kenya_pair_007,candidate_kenya_pair_008,candidate_kenya_pair_010	.	1	1	1	1	1	1	0	0	0	0	2	2	2	2	False	.	.	False	15	15
MRC2	5	6	0.0615	90.5	0.031	43.0	candidate_kenya_pair_003,candidate_kenya_pair_007,candidate_kenya_pair_017,candidate_kenya_pair_018,candidate_kenya_pair_019	.	1	1	1	1	0	0	4	4	0	0	2	2	2	2	False	.	.	False	15	15
MTUS2	2	2	0.11349999999999999	82.5	0.0343945	91.5	candidate_kenya_pair_005,candidate_kenya_pair_013	.	1	1	1	1	0	0	0	0	0	0	2	2	2	2	False	.	.	False	15	15
NACAD	2	2	0.1125	70.0	0.0345	51.0	candidate_kenya_pair_010,candidate_kenya_pair_013	.	1	1	1	1	0	0	0	0	0	0	2	2	2	2	False	.	.	False	15	15
NCOA1	3	5	0.065	134.0	0.014	92.0	candidate_kenya_pair_001,candidate_kenya_pair_005,candidate_kenya_pair_013	.	1	1	1	1	0	0	2	3	0	0	2	2	2	2	False	.	.	False	15	15
NF1	5	6	0.119	70.5	0.036500000000000005	45.5	candidate_kenya_pair_005,candidate_kenya_pair_006,candidate_kenya_pair_013,candidate_kenya_pair_014,candidate_kenya_pair_015	.	1	1	1	1	0	0	3	4	0	0	2	2	2	2	False	.	.	False	15	15
OSBPL9	2	3	0.096	94.0	0.021	83.0	candidate_kenya_pair_013,candidate_kenya_pair_015	.	1	1	1	1	0	0	1	1	0	0	2	2	2	2	False	.	.	False	15	15
PRPF40B	2	2	0.061	215.0	0.0270885	134.0	candidate_kenya_pair_010,candidate_kenya_pair_013	.	1	1	1	1	0	0	0	0	0	0	2	2	2	2	False	.	.	False	15	15
RALGAPA2	2	2	0.178	63.5	0.048999999999999995	70.0	candidate_kenya_pair_013,candidate_kenya_pair_014	.	1	1	1	1	0	0	0	0	0	0	2	2	2	2	False	.	.	False	15	15
RBMX	2	2	0.243	44.0	0.0655	28.0	candidate_kenya_pair_015,candidate_kenya_pair_018	.	1	1	1	1	0	0	0	0	0	0	2	2	2	2	False	.	.	False	15	15
RGS22	3	3	0.083	48.0	0.043	32.0	candidate_kenya_pair_015,candidate_kenya_pair_017,candidate_kenya_pair_019	.	1	1	1	1	0	0	1	1	0	0	2	2	2	2	False	.	.	False	15	15
SACS	2	2	0.0815	62.5	0.0335	44.5	candidate_kenya_pair_014,candidate_kenya_pair_019	.	1	1	1	1	0	0	0	0	0	0	2	2	2	2	False	.	.	False	15	15
SDK1	2	3	0.097	141.0	0.019	72.0	candidate_kenya_pair_003,candidate_kenya_pair_013	.	1	1	1	1	0	0	1	1	0	0	2	2	2	2	False	.	.	False	15	15
SDR39U1	2	3	0.082	169.0	0.008801	142.0	candidate_kenya_pair_006,candidate_kenya_pair_013	.	1	1	1	1	0	0	1	1	0	0	2	2	2	2	False	.	.	False	15	15
SEC31A	3	3	0.178	39.0	0.045	28.0	candidate_kenya_pair_004,candidate_kenya_pair_013,candidate_kenya_pair_014	.	1	1	1	1	0	0	1	1	0	0	2	2	2	2	False	.	.	False	15	15
SERPINB6	4	4	0.067	99.5	0.0205	83.0	candidate_kenya_pair_004,candidate_kenya_pair_010,candidate_kenya_pair_013,candidate_kenya_pair_014	.	1	1	1	1	0	0	2	2	0	0	2	2	2	2	False	.	.	False	15	15
SMG7	2	2	0.078	122.0	0.016307000000000002	101.5	candidate_kenya_pair_008,candidate_kenya_pair_013	.	1	1	1	1	0	0	0	0	0	0	2	2	2	2	False	.	.	False	15	15
SNW1	2	2	0.0885	52.0	0.052500000000000005	26.0	candidate_kenya_pair_005,candidate_kenya_pair_017	.	1	1	1	1	0	0	0	0	0	0	2	2	2	2	False	.	.	False	15	15
SRRM2	5	5	0.055	116.0	0.021	76.0	candidate_kenya_pair_001,candidate_kenya_pair_007,candidate_kenya_pair_013,candidate_kenya_pair_017,candidate_kenya_pair_021	.	1	1	1	1	2	2	1	1	0	0	2	2	2	2	False	.	.	False	15	15
TBX3	3	3	0.093	63.0	0.019	75.0	candidate_kenya_pair_004,candidate_kenya_pair_011,candidate_kenya_pair_013	.	1	1	1	1	0	0	1	1	0	0	2	2	2	2	False	.	.	False	15	15
THPO	2	2	0.064	93.0	0.031	46.0	candidate_kenya_pair_003,candidate_kenya_pair_008	.	1	1	1	1	0	0	0	0	0	0	2	2	2	2	False	.	.	False	15	15
TRPS1	2	3	0.202	324.0	0.01	203.0	candidate_kenya_pair_008,candidate_kenya_pair_012	.	1	1	1	1	1	1	0	0	0	0	2	2	2	2	False	.	.	False	15	15
ZAN	4	5	0.069	102.0	0.036	36.0	candidate_kenya_pair_001,candidate_kenya_pair_006,candidate_kenya_pair_015,candidate_kenya_pair_021	.	1	1	1	1	0	0	2	3	0	0	2	2	2	2	False	.	.	False	15	15
ZNF185	3	3	0.121	235.0	0.015	103.0	candidate_kenya_pair_002,candidate_kenya_pair_007,candidate_kenya_pair_012	.	1	1	1	1	0	0	1	1	0	0	2	2	2	2	False	.	.	False	15	15
ZNF638	2	3	0.084	66.0	0.039	35.0	candidate_kenya_pair_014,candidate_kenya_pair_015	.	1	1	1	1	0	0	1	1	0	0	2	2	2	2	False	.	.	False	15	15
ZNF800	2	2	0.17250000000000001	95.0	0.019999999999999997	66.5	candidate_kenya_pair_008,candidate_kenya_pair_013	.	1	1	1	1	0	0	0	0	0	0	2	2	2	2	False	.	.	False	15	15
THAP12	4	5	0.121	102.0	0.021	67.0	candidate_kenya_pair_006,candidate_kenya_pair_010,candidate_kenya_pair_013,candidate_kenya_pair_014	possible_pseudogene_symbol	0	0	3	4	0	0	1	1	0	0	3	4	3	4	True	.	possible_pseudogene_symbol	True	19	14
RETSAT	3	5	0.072	100.0	0.049	24.0	candidate_kenya_pair_010,candidate_kenya_pair_019,candidate_kenya_pair_020	.	0	0	2	4	0	0	1	1	0	0	2	4	2	4	False	.	.	False	14	14
TUBB8B	5	8	0.0895	111.0	0.039	35.5	candidate_kenya_pair_001,candidate_kenya_pair_006,candidate_kenya_pair_010,candidate_kenya_pair_018,candidate_kenya_pair_020	.	0	0	2	4	1	2	2	2	0	0	2	4	2	4	False	.	.	False	14	14
AC022966.1	4	5	0.159	29.0	0.067	14.0	candidate_kenya_pair_006,candidate_kenya_pair_008,candidate_kenya_pair_009,candidate_kenya_pair_015	noncoding_or_immunoglobulin_like_prefix	0	0	3	3	1	1	1	1	0	0	3	3	3	3	True	.	noncoding_or_immunoglobulin_like_prefix	True	18	13
NCBP3	4	4	0.061	107.5	0.0275	61.0	candidate_kenya_pair_001,candidate_kenya_pair_008,candidate_kenya_pair_015,candidate_kenya_pair_021	possible_pseudogene_symbol	0	0	3	3	0	0	1	1	0	0	3	3	3	3	True	.	possible_pseudogene_symbol	True	18	13
ADCY3	3	4	0.0945	52.5	0.044	34.0	candidate_kenya_pair_001,candidate_kenya_pair_012,candidate_kenya_pair_019	.	0	0	2	3	0	0	1	1	0	0	2	3	2	3	False	.	.	False	13	13
ADRM1	3	4	0.053500000000000006	123.0	0.03	46.0	candidate_kenya_pair_001,candidate_kenya_pair_004,candidate_kenya_pair_021	.	0	0	2	3	0	0	1	1	0	0	2	3	2	3	False	.	.	False	13	13
C18orf54	2	3	0.081	56.0	0.04	44.0	candidate_kenya_pair_003,candidate_kenya_pair_006	.	0	0	2	3	0	0	0	0	0	0	2	3	2	3	False	.	.	False	13	13
CEACAM1	2	5	0.035	395.0	0.01	141.0	candidate_kenya_pair_007,candidate_kenya_pair_013	.	0	0	2	3	1	1	1	1	0	0	2	3	2	3	False	.	.	False	13	13
GCC2	2	3	0.107	40.0	0.056	26.0	candidate_kenya_pair_001,candidate_kenya_pair_019	.	0	0	2	3	0	0	0	0	0	0	2	3	2	3	False	.	.	False	13	13
GOLGA6A	4	12	0.10400000000000001	70.0	0.025	49.5	candidate_kenya_pair_006,candidate_kenya_pair_009,candidate_kenya_pair_014,candidate_kenya_pair_019	.	0	0	2	3	1	1	3	8	0	0	2	3	2	3	False	.	.	False	13	13
PCDHB11	2	4	0.0585	151.0	0.0097015	151.5	candidate_kenya_pair_001,candidate_kenya_pair_006	.	0	0	2	3	1	1	0	0	0	0	2	3	2	3	False	.	.	False	13	13
PRAMEF9	2	4	0.3175	107.0	0.0305	52.5	candidate_kenya_pair_006,candidate_kenya_pair_016	.	0	0	2	3	1	1	0	0	0	0	2	3	2	3	False	.	.	False	13	13
QRICH2	2	3	0.383	356.0	0.006926	234.0	candidate_kenya_pair_003,candidate_kenya_pair_006	.	0	0	2	3	0	0	0	0	0	0	2	3	2	3	False	.	.	False	13	13
SHANK1	2	4	0.113	127.0	0.028999999999999998	54.0	candidate_kenya_pair_003,candidate_kenya_pair_013	.	0	0	2	3	0	0	1	1	0	0	2	3	2	3	False	.	.	False	13	13
ZNF417	2	3	0.148	404.0	0.007273	200.0	candidate_kenya_pair_006,candidate_kenya_pair_007	.	0	0	2	3	0	0	0	0	0	0	2	3	2	3	False	.	.	False	13	13
CALCR	4	5	0.1	37.0	0.043	36.0	candidate_kenya_pair_007,candidate_kenya_pair_013,candidate_kenya_pair_015,candidate_kenya_pair_020	.	0	0	1	1	2	2	2	2	2	2	1	1	3	3	False	.	.	False	12	12
BAGE2	17	38	0.2005	24.0	0.08449999999999999	15.0	candidate_kenya_pair_002,candidate_kenya_pair_003,candidate_kenya_pair_004,candidate_kenya_pair_005,candidate_kenya_pair_006,candidate_kenya_pair_007,candidate_kenya_pair_008,candidate_kenya_pair_009,candidate_kenya_pair_010,candidate_kenya_pair_011,candidate_kenya_pair_012,candidate_kenya_pair_013,candidate_kenya_pair_015,candidate_kenya_pair_016,candidate_kenya_pair_018,candidate_kenya_pair_019,candidate_kenya_pair_020	.	1	1	0	0	1	1	16	36	1	1	1	1	2	2	False	.	.	False	12	12
CLU	2	4	0.0735	45.0	0.057999999999999996	24.5	candidate_kenya_pair_017,candidate_kenya_pair_018	.	1	1	0	0	1	1	1	2	1	1	1	1	2	2	False	.	.	False	12	12
OBSCN	6	7	0.121	37.0	0.058	20.0	candidate_kenya_pair_001,candidate_kenya_pair_003,candidate_kenya_pair_006,candidate_kenya_pair_013,candidate_kenya_pair_014,candidate_kenya_pair_017	.	1	1	0	0	1	1	5	5	1	1	1	1	2	2	False	.	.	False	12	12
TOP2A	2	2	0.088	55.0	0.0375	52.5	candidate_kenya_pair_013,candidate_kenya_pair_014	.	1	1	0	0	1	1	0	0	1	1	1	1	2	2	False	.	.	False	12	12
OTOGL	4	5	0.231	30.0	0.077	16.0	candidate_kenya_pair_001,candidate_kenya_pair_002,candidate_kenya_pair_007,candidate_kenya_pair_013	.	0	0	2	2	1	1	2	2	1	1	2	2	2	3	False	.	.	False	12	12
ABCA8	3	4	0.1185	53.5	0.0475	28.5	candidate_kenya_pair_004,candidate_kenya_pair_005,candidate_kenya_pair_013	.	0	0	2	2	0	0	2	2	0	0	2	2	2	2	False	.	.	False	12	12
ADAM21	4	4	0.0965	103.5	0.023	66.0	candidate_kenya_pair_003,candidate_kenya_pair_004,candidate_kenya_pair_006,candidate_kenya_pair_014	.	0	0	2	2	2	2	0	0	0	0	2	2	2	2	False	.	.	False	12	12
ARFGEF2	3	3	0.305	226.0	0.012	125.0	candidate_kenya_pair_005,candidate_kenya_pair_008,candidate_kenya_pair_018	.	0	0	2	2	1	1	0	0	0	0	2	2	2	2	False	.	.	False	12	12
ARHGEF11	4	6	0.1505	147.0	0.0265	58.5	candidate_kenya_pair_006,candidate_kenya_pair_008,candidate_kenya_pair_015,candidate_kenya_pair_018	.	0	0	2	2	0	0	2	4	0	0	2	2	2	2	False	.	.	False	12	12
ARHGEF25	3	3	0.148	78.0	0.033	38.0	candidate_kenya_pair_003,candidate_kenya_pair_005,candidate_kenya_pair_007	.	0	0	2	2	0	0	1	1	0	0	2	2	2	2	False	.	.	False	12	12
ARMC4	2	4	0.1015	48.0	0.036000000000000004	47.0	candidate_kenya_pair_008,candidate_kenya_pair_015	.	0	0	2	2	2	2	0	0	0	0	2	2	2	2	False	.	.	False	12	12
ATL2	3	4	0.5665	84.0	0.03	52.5	candidate_kenya_pair_006,candidate_kenya_pair_013,candidate_kenya_pair_020	.	0	0	2	2	0	0	2	2	0	0	2	2	2	2	False	.	.	False	12	12
ATP13A3	2	2	0.1275	48.0	0.0685	20.0	candidate_kenya_pair_002,candidate_kenya_pair_014	.	0	0	2	2	0	0	0	0	0	0	2	2	2	2	False	.	.	False	12	12
ATPAF1	2	3	0.273	13.0	0.097	18.0	candidate_kenya_pair_006,candidate_kenya_pair_013	.	0	0	2	2	1	1	0	0	0	0	2	2	2	2	False	.	.	False	12	12
BICD2	2	2	0.14150000000000001	297.0	0.011	137.5	candidate_kenya_pair_010,candidate_kenya_pair_020	.	0	0	2	2	0	0	0	0	0	0	2	2	2	2	False	.	.	False	12	12
BORCS6	2	2	0.0745	229.5	0.011602	186.0	candidate_kenya_pair_001,candidate_kenya_pair_013	.	0	0	2	2	0	0	0	0	0	0	2	2	2	2	False	.	.	False	12	12
BPIFC	2	2	0.5815	60.5	0.0375	40.5	candidate_kenya_pair_006,candidate_kenya_pair_009	.	0	0	2	2	0	0	0	0	0	0	2	2	2	2	False	.	.	False	12	12
BRPF1	2	2	0.044	157.0	0.0225	68.5	candidate_kenya_pair_015,candidate_kenya_pair_018	.	0	0	2	2	0	0	0	0	0	0	2	2	2	2	False	.	.	False	12	12
C22orf42	5	5	0.158	33.0	0.049	26.0	candidate_kenya_pair_001,candidate_kenya_pair_008,candidate_kenya_pair_009,candidate_kenya_pair_011,candidate_kenya_pair_020	.	0	0	2	2	1	1	2	2	0	0	2	2	2	2	False	.	.	False	12	12
CACNA1G	5	6	0.056999999999999995	120.0	0.025500000000000002	55.0	candidate_kenya_pair_013,candidate_kenya_pair_014,candidate_kenya_pair_015,candidate_kenya_pair_017,candidate_kenya_pair_019	.	0	0	2	2	1	1	2	3	0	0	2	2	2	2	False	.	.	False	12	12
CACNA1H	3	3	0.03	234.0	0.015	106.0	candidate_kenya_pair_005,candidate_kenya_pair_009,candidate_kenya_pair_021	.	0	0	2	2	0	0	1	1	0	0	2	2	2	2	False	.	.	False	12	12
CACNA2D1	5	5	0.103	94.0	0.04	37.0	candidate_kenya_pair_007,candidate_kenya_pair_008,candidate_kenya_pair_011,candidate_kenya_pair_013,candidate_kenya_pair_018	.	0	0	2	2	0	0	3	3	0	0	2	2	2	2	False	.	.	False	12	12
CAND2	4	4	0.11649999999999999	71.5	0.0345	41.5	candidate_kenya_pair_002,candidate_kenya_pair_013,candidate_kenya_pair_017,candidate_kenya_pair_020	.	0	0	2	2	0	0	2	2	0	0	2	2	2	2	False	.	.	False	12	12
CCAR1	2	2	0.135	40.5	0.057499999999999996	25.0	candidate_kenya_pair_005,candidate_kenya_pair_006	.	0	0	2	2	0	0	0	0	0	0	2	2	2	2	False	.	.	False	12	12
CCDC180	4	4	0.106	94.5	0.0275	60.0	candidate_kenya_pair_007,candidate_kenya_pair_008,candidate_kenya_pair_012,candidate_kenya_pair_017	.	0	0	2	2	0	0	2	2	0	0	2	2	2	2	False	.	.	False	12	12
CCDC30	3	4	0.1605	29.0	0.0695	19.5	candidate_kenya_pair_007,candidate_kenya_pair_008,candidate_kenya_pair_013	.	0	0	2	2	0	0	1	2	0	0	2	2	2	2	False	.	.	False	12	12
CCT7	2	6	0.2755	115.5	0.022	94.0	candidate_kenya_pair_013,candidate_kenya_pair_017	.	0	0	2	2	0	0	2	4	0	0	2	2	2	2	False	.	.	False	12	12
CMYA5	2	2	0.534	67.0	0.044	35.0	candidate_kenya_pair_001,candidate_kenya_pair_006	.	0	0	2	2	0	0	0	0	0	0	2	2	2	2	False	.	.	False	12	12
CNTN2	7	7	0.107	56.0	0.06	24.0	candidate_kenya_pair_001,candidate_kenya_pair_003,candidate_kenya_pair_004,candidate_kenya_pair_009,candidate_kenya_pair_012,candidate_kenya_pair_014,candidate_kenya_pair_020	.	0	0	2	2	0	0	5	5	0	0	2	2	2	2	False	.	.	False	12	12
COL6A2	3	3	0.063	356.0	0.006714	193.0	candidate_kenya_pair_001,candidate_kenya_pair_013,candidate_kenya_pair_021	.	0	0	2	2	0	0	1	1	0	0	2	2	2	2	False	.	.	False	12	12
COL6A5	4	4	0.1895	43.5	0.051500000000000004	28.0	candidate_kenya_pair_008,candidate_kenya_pair_009,candidate_kenya_pair_012,candidate_kenya_pair_013	.	0	0	2	2	0	0	2	2	0	0	2	2	2	2	False	.	.	False	12	12
COPG2	2	2	0.11399999999999999	58.0	0.0495	36.0	candidate_kenya_pair_012,candidate_kenya_pair_017	.	0	0	2	2	0	0	0	0	0	0	2	2	2	2	False	.	.	False	12	12
COQ8A	5	5	0.153	98.0	0.021	50.0	candidate_kenya_pair_001,candidate_kenya_pair_009,candidate_kenya_pair_013,candidate_kenya_pair_020,candidate_kenya_pair_021	.	0	0	2	2	0	0	3	3	0	0	2	2	2	2	False	.	.	False	12	12
CRNKL1	2	3	0.078	127.0	0.012	126.0	candidate_kenya_pair_006,candidate_kenya_pair_013	.	0	0	2	2	1	1	0	0	0	0	2	2	2	2	False	.	.	False	12	12
CROCC	4	10	0.1675	288.5	0.0165	142.0	candidate_kenya_pair_001,candidate_kenya_pair_006,candidate_kenya_pair_010,candidate_kenya_pair_015	.	0	0	2	2	1	1	3	7	0	0	2	2	2	2	False	.	.	False	12	12
CTXN1	2	2	0.0335	320.5	0.018000000000000002	126.0	candidate_kenya_pair_003,candidate_kenya_pair_015	.	0	0	2	2	0	0	0	0	0	0	2	2	2	2	False	.	.	False	12	12
CYTH4	4	4	0.164	271.0	0.01668	190.5	candidate_kenya_pair_003,candidate_kenya_pair_006,candidate_kenya_pair_013,candidate_kenya_pair_014	.	0	0	2	2	1	1	1	1	0	0	2	2	2	2	False	.	.	False	12	12
DGKK	2	3	0.051	123.0	0.018	85.0	candidate_kenya_pair_012,candidate_kenya_pair_014	.	0	0	2	2	1	1	0	0	0	0	2	2	2	2	False	.	.	False	12	12
DGLUCY	2	2	0.073	148.0	0.033762	100.0	candidate_kenya_pair_007,candidate_kenya_pair_015	.	0	0	2	2	0	0	0	0	0	0	2	2	2	2	False	.	.	False	12	12
DNAH17	5	5	0.096	75.0	0.036	34.0	candidate_kenya_pair_001,candidate_kenya_pair_002,candidate_kenya_pair_012,candidate_kenya_pair_017,candidate_kenya_pair_021	.	0	0	2	2	0	0	3	3	0	0	2	2	2	2	False	.	.	False	12	12
DNAH6	4	4	0.0875	72.5	0.0305	47.0	candidate_kenya_pair_005,candidate_kenya_pair_011,candidate_kenya_pair_013,candidate_kenya_pair_019	.	0	0	2	2	0	0	2	2	0	0	2	2	2	2	False	.	.	False	12	12
DNMT3A	4	4	0.10350000000000001	75.0	0.039999999999999994	36.0	candidate_kenya_pair_003,candidate_kenya_pair_006,candidate_kenya_pair_018,candidate_kenya_pair_019	.	0	0	2	2	0	0	2	2	0	0	2	2	2	2	False	.	.	False	12	12
DOCK1	3	3	0.097	102.0	0.03	53.0	candidate_kenya_pair_001,candidate_kenya_pair_013,candidate_kenya_pair_017	.	0	0	2	2	0	0	1	1	0	0	2	2	2	2	False	.	.	False	12	12
DOCK3	5	6	0.0985	61.5	0.044	27.5	candidate_kenya_pair_001,candidate_kenya_pair_005,candidate_kenya_pair_007,candidate_kenya_pair_010,candidate_kenya_pair_013	.	0	0	2	2	2	2	1	2	0	0	2	2	2	2	False	.	.	False	12	12
DPPA4	2	2	0.0835	55.5	0.055	22.0	candidate_kenya_pair_003,candidate_kenya_pair_021	.	0	0	2	2	0	0	0	0	0	0	2	2	2	2	False	.	.	False	12	12
E4F1	2	2	0.088	274.0	0.0113675	165.0	candidate_kenya_pair_003,candidate_kenya_pair_013	.	0	0	2	2	0	0	0	0	0	0	2	2	2	2	False	.	.	False	12	12
ELMSAN1	2	2	0.06	138.5	0.0335	39.0	candidate_kenya_pair_008,candidate_kenya_pair_010	.	0	0	2	2	0	0	0	0	0	0	2	2	2	2	False	.	.	False	12	12
ESPNL	2	3	0.051	151.0	0.019	82.0	candidate_kenya_pair_010,candidate_kenya_pair_013	.	0	0	2	2	0	0	1	1	0	0	2	2	2	2	False	.	.	False	12	12
ESR1	2	2	0.1995	198.0	0.0115	129.0	candidate_kenya_pair_013,candidate_kenya_pair_020	.	0	0	2	2	0	0	0	0	0	0	2	2	2	2	False	.	.	False	12	12
F8	4	6	0.11100000000000002	137.5	0.028	64.0	candidate_kenya_pair_001,candidate_kenya_pair_005,candidate_kenya_pair_010,candidate_kenya_pair_013	.	0	0	2	2	1	1	3	3	0	0	2	2	2	2	False	.	.	False	12	12
FAM181B	2	2	0.043	220.5	0.02	80.0	candidate_kenya_pair_005,candidate_kenya_pair_015	.	0	0	2	2	0	0	0	0	0	0	2	2	2	2	False	.	.	False	12	12
FAM227B	2	2	0.069	93.0	0.020499999999999997	82.0	candidate_kenya_pair_013,candidate_kenya_pair_021	.	0	0	2	2	0	0	0	0	0	0	2	2	2	2	False	.	.	False	12	12
FAT4	2	2	0.623	308.5	0.0099905	182.5	candidate_kenya_pair_006,candidate_kenya_pair_009	.	0	0	2	2	0	0	0	0	0	0	2	2	2	2	False	.	.	False	12	12
FBXW12	2	2	0.0905	60.5	0.0495	27.5	candidate_kenya_pair_004,candidate_kenya_pair_020	.	0	0	2	2	0	0	0	0	0	0	2	2	2	2	False	.	.	False	12	12
FMN2	4	4	0.11599999999999999	86.0	0.03	47.0	candidate_kenya_pair_004,candidate_kenya_pair_007,candidate_kenya_pair_013,candidate_kenya_pair_018	.	0	0	2	2	0	0	2	2	0	0	2	2	2	2	False	.	.	False	12	12
FMNL1	4	4	0.07999999999999999	79.5	0.018500000000000003	72.5	candidate_kenya_pair_003,candidate_kenya_pair_012,candidate_kenya_pair_013,candidate_kenya_pair_017	.	0	0	2	2	0	0	2	2	0	0	2	2	2	2	False	.	.	False	12	12
FTO	3	3	0.069	60.0	0.029	44.0	candidate_kenya_pair_012,candidate_kenya_pair_017,candidate_kenya_pair_019	.	0	0	2	2	0	0	1	1	0	0	2	2	2	2	False	.	.	False	12	12
FYB2	2	2	0.241	103.5	0.0225	79.0	candidate_kenya_pair_006,candidate_kenya_pair_013	.	0	0	2	2	0	0	0	0	0	0	2	2	2	2	False	.	.	False	12	12
GOLGA6D	3	3	0.148	42.0	0.045	31.0	candidate_kenya_pair_003,candidate_kenya_pair_004,candidate_kenya_pair_020	.	0	0	2	2	0	0	1	1	0	0	2	2	2	2	False	.	.	False	12	12
GPR137	3	3	0.041	143.0	0.018	81.0	candidate_kenya_pair_004,candidate_kenya_pair_015,candidate_kenya_pair_021	.	0	0	2	2	0	0	1	1	0	0	2	2	2	2	False	.	.	False	12	12
GRAMD1C	3	4	0.153	72.5	0.0495	54.0	candidate_kenya_pair_003,candidate_kenya_pair_018,candidate_kenya_pair_019	.	0	0	2	2	0	0	1	2	0	0	2	2	2	2	False	.	.	False	12	12
GRIN1	2	2	0.035	170.5	0.014	108.5	candidate_kenya_pair_015,candidate_kenya_pair_021	.	0	0	2	2	0	0	0	0	0	0	2	2	2	2	False	.	.	False	12	12
HCFC1	3	3	0.095	244.0	0.009578	163.0	candidate_kenya_pair_013,candidate_kenya_pair_014,candidate_kenya_pair_018	.	0	0	2	2	0	0	1	1	0	0	2	2	2	2	False	.	.	False	12	12
HECW1	2	2	0.203	131.5	0.020999999999999998	74.5	candidate_kenya_pair_007,candidate_kenya_pair_013	.	0	0	2	2	0	0	0	0	0	0	2	2	2	2	False	.	.	False	12	12
HPS3	2	2	0.087	82.5	0.0305	50.5	candidate_kenya_pair_013,candidate_kenya_pair_014	.	0	0	2	2	0	0	0	0	0	0	2	2	2	2	False	.	.	False	12	12
IDE	2	3	0.103	38.0	0.049	22.0	candidate_kenya_pair_012,candidate_kenya_pair_013	.	0	0	2	2	0	0	1	1	0	0	2	2	2	2	False	.	.	False	12	12
IFITM10	2	2	0.042499999999999996	255.5	0.0145	110.0	candidate_kenya_pair_017,candidate_kenya_pair_020	.	0	0	2	2	0	0	0	0	0	0	2	2	2	2	False	.	.	False	12	12
IL17RB	2	2	0.15	63.0	0.0295	47.0	candidate_kenya_pair_007,candidate_kenya_pair_013	.	0	0	2	2	0	0	0	0	0	0	2	2	2	2	False	.	.	False	12	12
KCNK13	2	2	0.525	169.0	0.019	94.0	candidate_kenya_pair_006,candidate_kenya_pair_008	.	0	0	2	2	0	0	0	0	0	0	2	2	2	2	False	.	.	False	12	12
KDM1A	2	2	0.091	100.5	0.035500000000000004	67.5	candidate_kenya_pair_004,candidate_kenya_pair_013	.	0	0	2	2	0	0	0	0	0	0	2	2	2	2	False	.	.	False	12	12
KIAA1324L	3	3	0.169	89.0	0.022	138.0	candidate_kenya_pair_003,candidate_kenya_pair_008,candidate_kenya_pair_016	.	0	0	2	2	0	0	1	1	0	0	2	2	2	2	False	.	.	False	12	12
KIAA1522	2	2	0.1005	97.0	0.028	55.5	candidate_kenya_pair_005,candidate_kenya_pair_017	.	0	0	2	2	0	0	0	0	0	0	2	2	2	2	False	.	.	False	12	12
KIF9	4	4	0.1085	156.5	0.019	83.0	candidate_kenya_pair_001,candidate_kenya_pair_003,candidate_kenya_pair_013,candidate_kenya_pair_020	.	0	0	2	2	1	1	1	1	0	0	2	2	2	2	False	.	.	False	12	12
KMT2D	2	2	0.0595	121.5	0.039	66.0	candidate_kenya_pair_009,candidate_kenya_pair_015	.	0	0	2	2	0	0	0	0	0	0	2	2	2	2	False	.	.	False	12	12
KNTC1	4	5	0.076	60.0	0.056	22.0	candidate_kenya_pair_002,candidate_kenya_pair_003,candidate_kenya_pair_015,candidate_kenya_pair_019	.	0	0	2	2	0	0	3	3	0	0	2	2	2	2	False	.	.	False	12	12
LGR6	3	3	0.274	285.0	0.015	100.0	candidate_kenya_pair_006,candidate_kenya_pair_008,candidate_kenya_pair_010	.	0	0	2	2	0	0	1	1	0	0	2	2	2	2	False	.	.	False	12	12
LIMK1	3	3	0.033	239.0	0.011	101.0	candidate_kenya_pair_005,candidate_kenya_pair_006,candidate_kenya_pair_019	.	0	0	2	2	0	0	1	1	0	0	2	2	2	2	False	.	.	False	12	12
LIN7B	2	2	0.07150000000000001	110.0	0.0305	51.0	candidate_kenya_pair_015,candidate_kenya_pair_021	.	0	0	2	2	0	0	0	0	0	0	2	2	2	2	False	.	.	False	12	12
LSM1	2	2	0.2835	254.0	0.016	97.5	candidate_kenya_pair_008,candidate_kenya_pair_013	.	0	0	2	2	0	0	0	0	0	0	2	2	2	2	False	.	.	False	12	12
MADCAM1	2	2	0.141	95.0	0.025500000000000002	59.5	candidate_kenya_pair_007,candidate_kenya_pair_013	.	0	0	2	2	0	0	0	0	0	0	2	2	2	2	False	.	.	False	12	12
MAN2C1	3	4	0.0695	101.5	0.027000000000000003	53.5	candidate_kenya_pair_008,candidate_kenya_pair_012,candidate_kenya_pair_020	.	0	0	2	2	0	0	2	2	0	0	2	2	2	2	False	.	.	False	12	12
MAP4K4	5	5	0.047	127.0	0.019	74.0	candidate_kenya_pair_006,candidate_kenya_pair_008,candidate_kenya_pair_010,candidate_kenya_pair_013,candidate_kenya_pair_014	.	0	0	2	2	0	0	3	3	0	0	2	2	2	2	False	.	.	False	12	12
MARK3	3	4	0.07150000000000001	135.5	0.027	66.5	candidate_kenya_pair_003,candidate_kenya_pair_007,candidate_kenya_pair_020	.	0	0	2	2	1	1	1	1	0	0	2	2	2	2	False	.	.	False	12	12
MON2	4	4	0.097	46.0	0.0615	23.5	candidate_kenya_pair_008,candidate_kenya_pair_013,candidate_kenya_pair_018,candidate_kenya_pair_019	.	0	0	2	2	0	0	2	2	0	0	2	2	2	2	False	.	.	False	12	12
MTX1	3	3	0.111	169.0	0.029	52.0	candidate_kenya_pair_002,candidate_kenya_pair_004,candidate_kenya_pair_007	.	0	0	2	2	0	0	1	1	0	0	2	2	2	2	False	.	.	False	12	12
MYO18B	3	4	0.115	60.0	0.0295	46.0	candidate_kenya_pair_006,candidate_kenya_pair_012,candidate_kenya_pair_013	.	0	0	2	2	0	0	2	2	0	0	2	2	2	2	False	.	.	False	12	12
NBPF1	10	16	0.1155	61.5	0.037500000000000006	49.0	candidate_kenya_pair_001,candidate_kenya_pair_005,candidate_kenya_pair_006,candidate_kenya_pair_007,candidate_kenya_pair_009,candidate_kenya_pair_013,candidate_kenya_pair_014,candidate_kenya_pair_018,candidate_kenya_pair_020,candidate_kenya_pair_021	.	0	0	2	2	2	2	9	12	0	0	2	2	2	2	False	.	.	False	12	12
NBPF14	8	12	0.301	25.0	0.067	19.5	candidate_kenya_pair_004,candidate_kenya_pair_006,candidate_kenya_pair_009,candidate_kenya_pair_010,candidate_kenya_pair_011,candidate_kenya_pair_013,candidate_kenya_pair_014,candidate_kenya_pair_015	.	0	0	2	2	1	1	7	9	0	0	2	2	2	2	False	.	.	False	12	12
NDOR1	2	2	0.041	208.0	0.019000000000000003	84.5	candidate_kenya_pair_017,candidate_kenya_pair_021	.	0	0	2	2	0	0	0	0	0	0	2	2	2	2	False	.	.	False	12	12
NELFA	3	4	0.0805	173.5	0.0185	85.0	candidate_kenya_pair_004,candidate_kenya_pair_007,candidate_kenya_pair_015	.	0	0	2	2	0	0	2	2	0	0	2	2	2	2	False	.	.	False	12	12
NEURL2	2	2	0.0285	322.0	0.01623	145.5	candidate_kenya_pair_008,candidate_kenya_pair_019	.	0	0	2	2	0	0	0	0	0	0	2	2	2	2	False	.	.	False	12	12
NFAT5	2	2	0.08549999999999999	91.0	0.041	53.5	candidate_kenya_pair_007,candidate_kenya_pair_014	.	0	0	2	2	0	0	0	0	0	0	2	2	2	2	False	.	.	False	12	12
NOBOX	2	2	0.059	92.0	0.0235	54.5	candidate_kenya_pair_001,candidate_kenya_pair_019	.	0	0	2	2	0	0	0	0	0	0	2	2	2	2	False	.	.	False	12	12
NOC2L	2	2	0.091	214.5	0.016	102.0	candidate_kenya_pair_004,candidate_kenya_pair_007	.	0	0	2	2	0	0	0	0	0	0	2	2	2	2	False	.	.	False	12	12
NRTN	2	2	0.0465	113.5	0.055	30.0	candidate_kenya_pair_003,candidate_kenya_pair_008	.	0	0	2	2	0	0	0	0	0	0	2	2	2	2	False	.	.	False	12	12
NXNL2	2	2	0.1085	52.0	0.0445	36.0	candidate_kenya_pair_006,candidate_kenya_pair_012	.	0	0	2	2	0	0	0	0	0	0	2	2	2	2	False	.	.	False	12	12
ONECUT3	6	7	0.109	47.0	0.048	28.0	candidate_kenya_pair_004,candidate_kenya_pair_005,candidate_kenya_pair_010,candidate_kenya_pair_017,candidate_kenya_pair_018,candidate_kenya_pair_021	.	0	0	2	2	0	0	5	5	0	0	2	2	2	2	False	.	.	False	12	12
OR2T27	3	5	0.255	266.0	0.03	49.0	candidate_kenya_pair_006,candidate_kenya_pair_008,candidate_kenya_pair_018	.	0	0	2	2	1	2	1	1	0	0	2	2	2	2	False	.	.	False	12	12
OR5H14	4	4	0.064	147.0	0.019	84.5	candidate_kenya_pair_003,candidate_kenya_pair_006,candidate_kenya_pair_007,candidate_kenya_pair_010	.	0	0	2	2	2	2	0	0	0	0	2	2	2	2	False	.	.	False	12	12
OSR2	2	2	0.024	547.0	0.0102595	233.0	candidate_kenya_pair_003,candidate_kenya_pair_004	.	0	0	2	2	0	0	0	0	0	0	2	2	2	2	False	.	.	False	12	12
PACS1	3	3	0.097	46.0	0.048	21.0	candidate_kenya_pair_012,candidate_kenya_pair_019,candidate_kenya_pair_020	.	0	0	2	2	0	0	1	1	0	0	2	2	2	2	False	.	.	False	12	12
PAN3	3	3	0.073	85.0	0.045	23.0	candidate_kenya_pair_001,candidate_kenya_pair_007,candidate_kenya_pair_015	.	0	0	2	2	0	0	1	1	0	0	2	2	2	2	False	.	.	False	12	12
PARS2	2	2	0.10450000000000001	282.5	0.012101	132.0	candidate_kenya_pair_001,candidate_kenya_pair_002	.	0	0	2	2	0	0	0	0	0	0	2	2	2	2	False	.	.	False	12	12
PCDH1	2	2	0.10550000000000001	248.5	0.0213005	97.5	candidate_kenya_pair_010,candidate_kenya_pair_020	.	0	0	2	2	0	0	0	0	0	0	2	2	2	2	False	.	.	False	12	12
PCDHA8	2	3	0.11	112.0	0.023	67.0	candidate_kenya_pair_007,candidate_kenya_pair_010	.	0	0	2	2	1	1	0	0	0	0	2	2	2	2	False	.	.	False	12	12
PEAK1	2	2	0.0985	142.5	0.0144425	124.0	candidate_kenya_pair_013,candidate_kenya_pair_016	.	0	0	2	2	0	0	0	0	0	0	2	2	2	2	False	.	.	False	12	12
PHF21B	4	4	0.11049999999999999	141.0	0.0315	55.5	candidate_kenya_pair_005,candidate_kenya_pair_006,candidate_kenya_pair_018,candidate_kenya_pair_019	.	0	0	2	2	0	0	2	2	0	0	2	2	2	2	False	.	.	False	12	12
PKD1	2	2	0.095	80.5	0.07500000000000001	18.5	candidate_kenya_pair_010,candidate_kenya_pair_021	.	0	0	2	2	0	0	0	0	0	0	2	2	2	2	False	.	.	False	12	12
PKHD1L1	4	4	0.08549999999999999	67.0	0.044	48.5	candidate_kenya_pair_007,candidate_kenya_pair_013,candidate_kenya_pair_019,candidate_kenya_pair_021	.	0	0	2	2	0	0	2	2	0	0	2	2	2	2	False	.	.	False	12	12
PLBD2	2	2	0.0985	66.0	0.0485	29.5	candidate_kenya_pair_010,candidate_kenya_pair_015	.	0	0	2	2	0	0	0	0	0	0	2	2	2	2	False	.	.	False	12	12
PLEKHM2	2	3	0.114	211.0	0.011	143.0	candidate_kenya_pair_008,candidate_kenya_pair_013	.	0	0	2	2	0	0	1	1	0	0	2	2	2	2	False	.	.	False	12	12
PPEF1	2	2	0.0805	116.0	0.0325	46.0	candidate_kenya_pair_005,candidate_kenya_pair_015	.	0	0	2	2	0	0	0	0	0	0	2	2	2	2	False	.	.	False	12	12
PRAMEF19	2	2	0.1535	102.5	0.044	42.5	candidate_kenya_pair_004,candidate_kenya_pair_018	.	0	0	2	2	0	0	0	0	0	0	2	2	2	2	False	.	.	False	12	12
PRRC2B	2	2	0.04	155.0	0.0225	69.5	candidate_kenya_pair_001,candidate_kenya_pair_003	.	0	0	2	2	0	0	0	0	0	0	2	2	2	2	False	.	.	False	12	12
PSG3	5	5	0.07	76.0	0.025	51.0	candidate_kenya_pair_006,candidate_kenya_pair_009,candidate_kenya_pair_012,candidate_kenya_pair_013,candidate_kenya_pair_018	.	0	0	2	2	0	0	3	3	0	0	2	2	2	2	False	.	.	False	12	12
PSG4	3	3	0.072	132.0	0.023	68.0	candidate_kenya_pair_004,candidate_kenya_pair_005,candidate_kenya_pair_006	.	0	0	2	2	0	0	1	1	0	0	2	2	2	2	False	.	.	False	12	12
PTPN23	3	3	0.146	43.0	0.054	25.0	candidate_kenya_pair_006,candidate_kenya_pair_008,candidate_kenya_pair_014	.	0	0	2	2	0	0	1	1	0	0	2	2	2	2	False	.	.	False	12	12
PTPRQ	3	3	0.133	114.0	0.029	51.0	candidate_kenya_pair_013,candidate_kenya_pair_014,candidate_kenya_pair_018	.	0	0	2	2	0	0	1	1	0	0	2	2	2	2	False	.	.	False	12	12
PTPRS	7	8	0.10250000000000001	43.5	0.053	21.5	candidate_kenya_pair_001,candidate_kenya_pair_007,candidate_kenya_pair_008,candidate_kenya_pair_013,candidate_kenya_pair_014,candidate_kenya_pair_020,candidate_kenya_pair_021	.	0	0	2	2	1	1	5	5	0	0	2	2	2	2	False	.	.	False	12	12
PYROXD2	3	3	0.059	144.0	0.02	64.0	candidate_kenya_pair_007,candidate_kenya_pair_015,candidate_kenya_pair_019	.	0	0	2	2	0	0	1	1	0	0	2	2	2	2	False	.	.	False	12	12
REPIN1	2	2	0.05500000000000001	167.0	0.033	58.5	candidate_kenya_pair_017,candidate_kenya_pair_018	.	0	0	2	2	0	0	0	0	0	0	2	2	2	2	False	.	.	False	12	12
RNMT	3	3	0.068	75.0	0.035	42.0	candidate_kenya_pair_004,candidate_kenya_pair_014,candidate_kenya_pair_019	.	0	0	2	2	0	0	1	1	0	0	2	2	2	2	False	.	.	False	12	12
RPL10	3	3	0.125	43.0	0.043	22.0	candidate_kenya_pair_006,candidate_kenya_pair_009,candidate_kenya_pair_015	.	0	0	2	2	0	0	1	1	0	0	2	2	2	2	False	.	.	False	12	12
SART3	3	3	0.096	93.0	0.029	54.0	candidate_kenya_pair_010,candidate_kenya_pair_011,candidate_kenya_pair_017	.	0	0	2	2	0	0	1	1	0	0	2	2	2	2	False	.	.	False	12	12
SASS6	2	2	0.0875	78.5	0.029	53.5	candidate_kenya_pair_005,candidate_kenya_pair_014	.	0	0	2	2	0	0	0	0	0	0	2	2	2	2	False	.	.	False	12	12
SEMA3A	2	2	0.10899999999999999	99.5	0.026000000000000002	89.5	candidate_kenya_pair_008,candidate_kenya_pair_019	.	0	0	2	2	0	0	0	0	0	0	2	2	2	2	False	.	.	False	12	12
SGO2	2	2	0.10850000000000001	39.0	0.0495	29.0	candidate_kenya_pair_005,candidate_kenya_pair_020	.	0	0	2	2	0	0	0	0	0	0	2	2	2	2	False	.	.	False	12	12
SHANK3	4	4	0.1335	40.5	0.0645	23.0	candidate_kenya_pair_002,candidate_kenya_pair_003,candidate_kenya_pair_007,candidate_kenya_pair_013	.	0	0	2	2	2	2	0	0	0	0	2	2	2	2	False	.	.	False	12	12
SKIDA1	5	6	0.182	53.5	0.0455	71.0	candidate_kenya_pair_003,candidate_kenya_pair_005,candidate_kenya_pair_008,candidate_kenya_pair_013,candidate_kenya_pair_020	.	0	0	2	2	2	2	2	2	0	0	2	2	2	2	False	.	.	False	12	12
SKOR1	3	3	0.044	131.0	0.023	56.0	candidate_kenya_pair_004,candidate_kenya_pair_008,candidate_kenya_pair_012	.	0	0	2	2	0	0	1	1	0	0	2	2	2	2	False	.	.	False	12	12
SLC24A1	3	3	0.04	292.0	0.00844	180.0	candidate_kenya_pair_002,candidate_kenya_pair_003,candidate_kenya_pair_019	.	0	0	2	2	0	0	1	1	0	0	2	2	2	2	False	.	.	False	12	12
SLC2A4	2	2	0.0445	199.5	0.025	99.0	candidate_kenya_pair_014,candidate_kenya_pair_018	.	0	0	2	2	0	0	0	0	0	0	2	2	2	2	False	.	.	False	12	12
SLIT1	2	2	0.043	143.0	0.0235	76.0	candidate_kenya_pair_003,candidate_kenya_pair_015	.	0	0	2	2	0	0	0	0	0	0	2	2	2	2	False	.	.	False	12	12
SON	3	3	0.111	37.0	0.071	19.0	candidate_kenya_pair_001,candidate_kenya_pair_007,candidate_kenya_pair_020	.	0	0	2	2	0	0	1	1	0	0	2	2	2	2	False	.	.	False	12	12
SPDYE16	2	2	0.6435	26.0	0.053	34.5	candidate_kenya_pair_006,candidate_kenya_pair_013	.	0	0	2	2	0	0	0	0	0	0	2	2	2	2	False	.	.	False	12	12
SRPK3	2	3	0.053	275.0	0.007249	207.0	candidate_kenya_pair_003,candidate_kenya_pair_013	.	0	0	2	2	0	0	1	1	0	0	2	2	2	2	False	.	.	False	12	12
SRSF11	4	4	0.0985	133.5	0.023	66.0	candidate_kenya_pair_010,candidate_kenya_pair_012,candidate_kenya_pair_013,candidate_kenya_pair_019	.	0	0	2	2	0	0	2	2	0	0	2	2	2	2	False	.	.	False	12	12
STAB1	3	3	0.08	101.0	0.021	63.0	candidate_kenya_pair_004,candidate_kenya_pair_013,candidate_kenya_pair_021	.	0	0	2	2	0	0	1	1	0	0	2	2	2	2	False	.	.	False	12	12
SV2A	3	3	0.072	125.0	0.028	57.0	candidate_kenya_pair_005,candidate_kenya_pair_007,candidate_kenya_pair_013	.	0	0	2	2	0	0	1	1	0	0	2	2	2	2	False	.	.	False	12	12
TCEAL4	3	3	0.081	84.0	0.019	66.0	candidate_kenya_pair_003,candidate_kenya_pair_013,candidate_kenya_pair_020	.	0	0	2	2	0	0	1	1	0	0	2	2	2	2	False	.	.	False	12	12
TCP11L2	3	3	0.081	104.0	0.028	46.0	candidate_kenya_pair_009,candidate_kenya_pair_013,candidate_kenya_pair_018	.	0	0	2	2	0	0	1	1	0	0	2	2	2	2	False	.	.	False	12	12
TECTA	2	3	0.316	428.0	0.012	128.0	candidate_kenya_pair_006,candidate_kenya_pair_018	.	0	0	2	2	0	0	1	1	0	0	2	2	2	2	False	.	.	False	12	12
TENM1	3	3	0.073	161.0	0.032	39.0	candidate_kenya_pair_003,candidate_kenya_pair_006,candidate_kenya_pair_009	.	0	0	2	2	0	0	1	1	0	0	2	2	2	2	False	.	.	False	12	12
TENM4	5	7	0.057	99.0	0.027	52.0	candidate_kenya_pair_004,candidate_kenya_pair_006,candidate_kenya_pair_011,candidate_kenya_pair_013,candidate_kenya_pair_021	.	0	0	2	2	0	0	4	5	0	0	2	2	2	2	False	.	.	False	12	12
THADA	4	4	0.08499999999999999	61.0	0.035	41.0	candidate_kenya_pair_001,candidate_kenya_pair_007,candidate_kenya_pair_013,candidate_kenya_pair_019	.	0	0	2	2	0	0	2	2	0	0	2	2	2	2	False	.	.	False	12	12
TICRR	2	2	0.07	72.5	0.028999999999999998	54.0	candidate_kenya_pair_006,candidate_kenya_pair_021	.	0	0	2	2	0	0	0	0	0	0	2	2	2	2	False	.	.	False	12	12
TMEM87B	3	3	0.186	38.0	0.033	40.0	candidate_kenya_pair_002,candidate_kenya_pair_008,candidate_kenya_pair_009	.	0	0	2	2	0	0	1	1	0	0	2	2	2	2	False	.	.	False	12	12
TNPO2	5	5	0.16	117.0	0.025	59.0	candidate_kenya_pair_006,candidate_kenya_pair_007,candidate_kenya_pair_013,candidate_kenya_pair_015,candidate_kenya_pair_018	.	0	0	2	2	0	0	3	3	0	0	2	2	2	2	False	.	.	False	12	12
TRAF1	3	3	0.077	184.0	0.017	84.0	candidate_kenya_pair_003,candidate_kenya_pair_010,candidate_kenya_pair_020	.	0	0	2	2	0	0	1	1	0	0	2	2	2	2	False	.	.	False	12	12
TSC2	5	5	0.088	164.0	0.031	45.0	candidate_kenya_pair_007,candidate_kenya_pair_010,candidate_kenya_pair_013,candidate_kenya_pair_018,candidate_kenya_pair_020	.	0	0	2	2	0	0	3	3	0	0	2	2	2	2	False	.	.	False	12	12
UBA3	2	2	0.1255	44.5	0.0425	36.0	candidate_kenya_pair_012,candidate_kenya_pair_013	.	0	0	2	2	0	0	0	0	0	0	2	2	2	2	False	.	.	False	12	12
UBASH3A	3	3	0.21	60.0	0.035	44.0	candidate_kenya_pair_002,candidate_kenya_pair_006,candidate_kenya_pair_019	.	0	0	2	2	0	0	1	1	0	0	2	2	2	2	False	.	.	False	12	12
UBE4B	4	5	0.114	84.0	0.025	60.0	candidate_kenya_pair_006,candidate_kenya_pair_007,candidate_kenya_pair_013,candidate_kenya_pair_018	.	0	0	2	2	0	0	3	3	0	0	2	2	2	2	False	.	.	False	12	12
UBR4	6	6	0.087	85.5	0.024	55.5	candidate_kenya_pair_001,candidate_kenya_pair_003,candidate_kenya_pair_018,candidate_kenya_pair_019,candidate_kenya_pair_020,candidate_kenya_pair_021	.	0	0	2	2	1	1	3	3	0	0	2	2	2	2	False	.	.	False	12	12
UHRF1BP1L	2	3	0.082	120.0	0.015	107.0	candidate_kenya_pair_012,candidate_kenya_pair_013	.	0	0	2	2	0	0	1	1	0	0	2	2	2	2	False	.	.	False	12	12
UNC93B1	3	4	0.08	50.5	0.0605	33.5	candidate_kenya_pair_013,candidate_kenya_pair_019,candidate_kenya_pair_021	.	0	0	2	2	1	1	1	1	0	0	2	2	2	2	False	.	.	False	12	12
VWDE	2	2	0.0815	120.0	0.0215	71.5	candidate_kenya_pair_002,candidate_kenya_pair_004	.	0	0	2	2	0	0	0	0	0	0	2	2	2	2	False	.	.	False	12	12
WIPF3	2	2	0.053000000000000005	137.5	0.025500000000000002	62.0	candidate_kenya_pair_007,candidate_kenya_pair_013	.	0	0	2	2	0	0	0	0	0	0	2	2	2	2	False	.	.	False	12	12
YTHDC2	2	2	0.14250000000000002	52.5	0.0435	37.5	candidate_kenya_pair_008,candidate_kenya_pair_015	.	0	0	2	2	0	0	0	0	0	0	2	2	2	2	False	.	.	False	12	12
ZFP36L2	2	2	0.0455	334.5	0.027706500000000002	121.5	candidate_kenya_pair_007,candidate_kenya_pair_010	.	0	0	2	2	0	0	0	0	0	0	2	2	2	2	False	.	.	False	12	12
ZMIZ2	6	6	0.0735	117.5	0.025	56.5	candidate_kenya_pair_003,candidate_kenya_pair_006,candidate_kenya_pair_007,candidate_kenya_pair_013,candidate_kenya_pair_018,candidate_kenya_pair_019	.	0	0	2	2	1	1	3	3	0	0	2	2	2	2	False	.	.	False	12	12
ZNF121	2	2	0.256	102.0	0.021	84.5	candidate_kenya_pair_013,candidate_kenya_pair_018	.	0	0	2	2	0	0	0	0	0	0	2	2	2	2	False	.	.	False	12	12
ZNF629	2	2	0.0585	102.0	0.025	55.0	candidate_kenya_pair_005,candidate_kenya_pair_019	.	0	0	2	2	0	0	0	0	0	0	2	2	2	2	False	.	.	False	12	12
CBWD5	1	2	0.122	113.5	0.0235	58.5	candidate_kenya_pair_006	.	1	1	1	1	0	0	0	0	0	0	1	2	1	2	False	.	.	False	12	12
FAM185A	1	2	0.0635	46.0	0.059	25.5	candidate_kenya_pair_021	.	1	1	1	1	0	0	0	0	0	0	1	2	1	2	False	.	.	False	12	12
PFN2	3	5	0.118	51.0	0.052	28.0	candidate_kenya_pair_004,candidate_kenya_pair_006,candidate_kenya_pair_018	.	1	1	1	1	0	0	2	3	0	0	1	2	1	2	False	.	.	False	12	12
RCC1	3	4	0.1775	81.5	0.031	48.0	candidate_kenya_pair_005,candidate_kenya_pair_006,candidate_kenya_pair_015	.	1	1	1	1	0	0	2	2	0	0	1	2	1	2	False	.	.	False	12	12
SAMD1	1	3	0.247	92.0	0.017	98.0	candidate_kenya_pair_013	.	1	1	1	1	0	0	1	1	0	0	1	2	1	2	False	.	.	False	12	12
SHISA9	1	2	0.153	123.0	0.0365	33.5	candidate_kenya_pair_001	.	1	1	1	1	0	0	0	0	0	0	1	2	1	2	False	.	.	False	12	12
TMEM144	1	4	0.073	180.0	0.0165	86.0	candidate_kenya_pair_013	.	1	1	1	1	1	2	0	0	0	0	1	2	1	2	False	.	.	False	12	12
MFF	1	3	0.119	93.0	0.033	45.0	candidate_kenya_pair_007	.	1	2	0	0	1	1	0	0	1	1	1	2	1	3	False	.	.	False	11	11
GRM1	4	5	0.153	194.0	0.043	125.0	candidate_kenya_pair_003,candidate_kenya_pair_007,candidate_kenya_pair_013,candidate_kenya_pair_015	.	1	2	0	0	0	0	3	3	0	0	1	2	1	2	False	.	.	False	11	11
NPIPB9	1	2	0.1015	46.5	0.091	13.0	candidate_kenya_pair_020	.	1	2	0	0	0	0	0	0	0	0	1	2	1	2	False	.	.	False	11	11
RAG1	1	2	0.0285	279.0	0.012	120.0	candidate_kenya_pair_006	.	1	2	0	0	0	0	0	0	0	0	1	2	1	2	False	.	.	False	11	11
ROCK1	1	3	0.129	54.0	0.021	80.0	candidate_kenya_pair_013	.	1	2	0	0	0	0	1	1	0	0	1	2	1	2	False	.	.	False	11	11
ZBTB14	1	2	0.2145	119.5	0.017	143.0	candidate_kenya_pair_013	.	1	2	0	0	0	0	0	0	0	0	1	2	1	2	False	.	.	False	11	11
CROCCP2	15	31	0.157	58.0	0.048	27.0	candidate_kenya_pair_001,candidate_kenya_pair_003,candidate_kenya_pair_004,candidate_kenya_pair_005,candidate_kenya_pair_006,candidate_kenya_pair_007,candidate_kenya_pair_010,candidate_kenya_pair_012,candidate_kenya_pair_013,candidate_kenya_pair_014,candidate_kenya_pair_015,candidate_kenya_pair_017,candidate_kenya_pair_018,candidate_kenya_pair_020,candidate_kenya_pair_021	possible_pseudogene_symbol	1	1	0	0	2	2	14	28	2	2	1	1	3	3	True	.	possible_pseudogene_symbol	True	15	10
ARHGAP5	3	3	0.086	72.0	0.025	51.0	candidate_kenya_pair_005,candidate_kenya_pair_007,candidate_kenya_pair_014	possible_pseudogene_symbol	1	1	1	1	0	0	1	1	0	0	2	2	2	2	True	.	possible_pseudogene_symbol	True	15	10
MPP4	3	3	0.064	89.0	0.024	61.0	candidate_kenya_pair_001,candidate_kenya_pair_003,candidate_kenya_pair_008	possible_pseudogene_symbol	1	1	1	1	0	0	1	1	0	0	2	2	2	2	True	.	possible_pseudogene_symbol	True	15	10
SLC4A1AP	3	3	0.111	52.0	0.04	37.0	candidate_kenya_pair_007,candidate_kenya_pair_013,candidate_kenya_pair_021	possible_pseudogene_symbol	1	1	1	1	0	0	1	1	0	0	2	2	2	2	True	.	possible_pseudogene_symbol	True	15	10
USP4	2	2	0.051000000000000004	144.0	0.0195	76.0	candidate_kenya_pair_009,candidate_kenya_pair_018	possible_pseudogene_symbol	1	1	1	1	0	0	0	0	0	0	2	2	2	2	True	.	possible_pseudogene_symbol	True	15	10
KRTAP10-1	1	5	0.995	486.0	0.005722	264.0	candidate_kenya_pair_006	multi_gene_or_interval_annotation	1	2	1	2	1	1	0	0	0	0	1	4	1	4	True	.	multi_gene_or_interval_annotation	True	15	10
ARHGEF38	2	2	0.526	196.5	0.014499999999999999	101.0	candidate_kenya_pair_006,candidate_kenya_pair_013	.	0	0	1	1	1	1	0	0	1	1	1	1	2	2	False	.	.	False	9	9
CACNA1S	6	9	0.117	130.0	0.02	60.0	candidate_kenya_pair_002,candidate_kenya_pair_006,candidate_kenya_pair_012,candidate_kenya_pair_013,candidate_kenya_pair_015,candidate_kenya_pair_018	.	0	0	1	1	1	1	4	7	1	1	1	1	2	2	False	.	.	False	9	9
CCDC120	3	3	0.139	88.0	0.049	25.0	candidate_kenya_pair_008,candidate_kenya_pair_010,candidate_kenya_pair_013	.	0	0	1	1	1	1	1	1	1	1	1	1	2	2	False	.	.	False	9	9
CCDC136	2	2	0.112	34.5	0.055499999999999994	23.5	candidate_kenya_pair_008,candidate_kenya_pair_020	.	0	0	1	1	1	1	0	0	1	1	1	1	2	2	False	.	.	False	9	9
CCDC154	3	3	0.075	160.0	0.033	47.0	candidate_kenya_pair_005,candidate_kenya_pair_006,candidate_kenya_pair_008	.	0	0	1	1	2	2	0	0	1	1	1	1	2	2	False	.	.	False	9	9
CHD3	4	4	0.0875	51.0	0.0365	34.5	candidate_kenya_pair_005,candidate_kenya_pair_006,candidate_kenya_pair_011,candidate_kenya_pair_014	.	0	0	1	1	1	1	2	2	1	1	1	1	2	2	False	.	.	False	9	9
DIAPH2	3	5	0.165	52.0	0.038	34.0	candidate_kenya_pair_006,candidate_kenya_pair_007,candidate_kenya_pair_014	.	0	0	1	1	1	1	2	3	1	1	1	1	2	2	False	.	.	False	9	9
ELMOD2	2	2	0.059	87.5	0.032	47.5	candidate_kenya_pair_003,candidate_kenya_pair_009	.	0	0	1	1	1	1	0	0	1	1	1	1	2	2	False	.	.	False	9	9
FADS3	2	2	0.078	46.5	0.055999999999999994	19.0	candidate_kenya_pair_001,candidate_kenya_pair_005	.	0	0	1	1	1	1	0	0	1	1	1	1	2	2	False	.	.	False	9	9
FAM200A	3	3	0.065	69.0	0.027	52.0	candidate_kenya_pair_009,candidate_kenya_pair_012,candidate_kenya_pair_021	.	0	0	1	1	1	1	1	1	1	1	1	1	2	2	False	.	.	False	9	9
GREB1L	2	2	0.1135	98.5	0.024328	150.0	candidate_kenya_pair_013,candidate_kenya_pair_017	.	0	0	1	1	1	1	0	0	1	1	1	1	2	2	False	.	.	False	9	9
HIPK1	3	3	0.046	89.0	0.041	33.0	candidate_kenya_pair_001,candidate_kenya_pair_003,candidate_kenya_pair_007	.	0	0	1	1	1	1	1	1	1	1	1	1	2	2	False	.	.	False	9	9
IL12RB2	3	3	0.074	77.0	0.025	52.0	candidate_kenya_pair_011,candidate_kenya_pair_013,candidate_kenya_pair_014	.	0	0	1	1	1	1	1	1	1	1	1	1	2	2	False	.	.	False	9	9
KCNH2	3	3	0.056	107.0	0.034	42.0	candidate_kenya_pair_006,candidate_kenya_pair_009,candidate_kenya_pair_017	.	0	0	1	1	1	1	1	1	1	1	1	1	2	2	False	.	.	False	9	9
KCNJ12	5	10	0.2175	58.0	0.0465	28.5	candidate_kenya_pair_006,candidate_kenya_pair_010,candidate_kenya_pair_014,candidate_kenya_pair_018,candidate_kenya_pair_021	.	0	0	1	1	2	2	4	7	1	1	1	1	2	2	False	.	.	False	9	9
KIF2A	3	4	0.082	81.5	0.045	34.0	candidate_kenya_pair_004,candidate_kenya_pair_015,candidate_kenya_pair_020	.	0	0	1	1	1	1	2	2	1	1	1	1	2	2	False	.	.	False	9	9
KIFC2	6	7	0.036	201.0	0.037	33.0	candidate_kenya_pair_001,candidate_kenya_pair_003,candidate_kenya_pair_004,candidate_kenya_pair_007,candidate_kenya_pair_015,candidate_kenya_pair_021	.	0	0	1	1	1	1	4	5	1	1	1	1	2	2	False	.	.	False	9	9
LAMB3	3	3	0.049	170.0	0.023	67.0	candidate_kenya_pair_005,candidate_kenya_pair_013,candidate_kenya_pair_014	.	0	0	1	1	1	1	1	1	1	1	1	1	2	2	False	.	.	False	9	9
LONRF2	3	3	0.084	65.0	0.038	40.0	candidate_kenya_pair_005,candidate_kenya_pair_010,candidate_kenya_pair_019	.	0	0	1	1	1	1	1	1	1	1	1	1	2	2	False	.	.	False	9	9
MACF1	6	6	0.1005	53.0	0.057999999999999996	23.0	candidate_kenya_pair_003,candidate_kenya_pair_004,candidate_kenya_pair_006,candidate_kenya_pair_013,candidate_kenya_pair_019,candidate_kenya_pair_020	.	0	0	1	1	1	1	4	4	1	1	1	1	2	2	False	.	.	False	9	9
MCF2L	6	6	0.0995	120.5	0.025500000000000002	78.5	candidate_kenya_pair_003,candidate_kenya_pair_005,candidate_kenya_pair_012,candidate_kenya_pair_013,candidate_kenya_pair_016,candidate_kenya_pair_021	.	0	0	1	1	1	1	4	4	1	1	1	1	2	2	False	.	.	False	9	9
MXRA8	3	3	0.053	113.0	0.027	47.0	candidate_kenya_pair_005,candidate_kenya_pair_014,candidate_kenya_pair_021	.	0	0	1	1	1	1	1	1	1	1	1	1	2	2	False	.	.	False	9	9
PTPN3	2	2	0.116	49.0	0.038	40.5	candidate_kenya_pair_007,candidate_kenya_pair_013	.	0	0	1	1	1	1	0	0	1	1	1	1	2	2	False	.	.	False	9	9
PTPRD	6	6	0.084	99.0	0.022	67.0	candidate_kenya_pair_003,candidate_kenya_pair_004,candidate_kenya_pair_008,candidate_kenya_pair_009,candidate_kenya_pair_015,candidate_kenya_pair_018	.	0	0	1	1	1	1	4	4	1	1	1	1	2	2	False	.	.	False	9	9
REV3L	5	8	0.094	44.5	0.0645	18.0	candidate_kenya_pair_001,candidate_kenya_pair_003,candidate_kenya_pair_004,candidate_kenya_pair_007,candidate_kenya_pair_018	.	0	0	1	1	2	2	3	5	1	1	1	1	2	2	False	.	.	False	9	9
SLC4A10	3	5	0.096	107.0	0.014	102.0	candidate_kenya_pair_008,candidate_kenya_pair_012,candidate_kenya_pair_013	.	0	0	1	1	1	1	2	3	1	1	1	1	2	2	False	.	.	False	9	9
TALDO1	2	2	0.07650000000000001	133.5	0.0305	60.5	candidate_kenya_pair_001,candidate_kenya_pair_002	.	0	0	1	1	1	1	0	0	1	1	1	1	2	2	False	.	.	False	9	9
TBC1D17	2	3	0.066	107.0	0.016	83.0	candidate_kenya_pair_013,candidate_kenya_pair_014	.	0	0	1	1	1	1	1	1	1	1	1	1	2	2	False	.	.	False	9	9
TNNT1	4	4	0.0635	100.5	0.036500000000000005	39.0	candidate_kenya_pair_001,candidate_kenya_pair_006,candidate_kenya_pair_007,candidate_kenya_pair_012	.	0	0	1	1	1	1	2	2	1	1	1	1	2	2	False	.	.	False	9	9
TPTE	9	10	0.16599999999999998	45.0	0.0615	23.0	candidate_kenya_pair_003,candidate_kenya_pair_004,candidate_kenya_pair_005,candidate_kenya_pair_006,candidate_kenya_pair_007,candidate_kenya_pair_008,candidate_kenya_pair_012,candidate_kenya_pair_015,candidate_kenya_pair_019	.	0	0	1	1	2	2	6	7	1	1	1	1	2	2	False	.	.	False	9	9
WDFY3	4	4	0.119	37.0	0.042499999999999996	33.0	candidate_kenya_pair_015,candidate_kenya_pair_018,candidate_kenya_pair_019,candidate_kenya_pair_020	.	0	0	1	1	1	1	2	2	1	1	1	1	2	2	False	.	.	False	9	9
ABCB4	2	2	0.5125	131.5	0.027	55.5	candidate_kenya_pair_006,candidate_kenya_pair_019	.	1	1	0	0	1	1	0	0	0	0	1	1	1	1	False	.	.	False	9	9
ABCE1	2	2	0.072	69.5	0.04	49.0	candidate_kenya_pair_015,candidate_kenya_pair_021	.	1	1	0	0	0	0	1	1	0	0	1	1	1	1	False	.	.	False	9	9
ADAM30	1	1	0.027	232.0	0.009805	154.0	candidate_kenya_pair_014	.	1	1	0	0	0	0	0	0	0	0	1	1	1	1	False	.	.	False	9	9
ADH1A	1	1	0.052	133.0	0.023	72.0	candidate_kenya_pair_001	.	1	1	0	0	0	0	0	0	0	0	1	1	1	1	False	.	.	False	9	9
AF254983.1	5	7	0.149	50.0	0.045	35.0	candidate_kenya_pair_005,candidate_kenya_pair_006,candidate_kenya_pair_010,candidate_kenya_pair_014,candidate_kenya_pair_017	.	1	1	0	0	0	0	4	6	0	0	1	1	1	1	False	.	.	False	9	9
AGT	1	1	0.129	312.0	0.00916	160.0	candidate_kenya_pair_002	.	1	1	0	0	0	0	0	0	0	0	1	1	1	1	False	.	.	False	9	9
AKAP17A	1	1	0.056	116.0	0.027	59.0	candidate_kenya_pair_014	.	1	1	0	0	0	0	0	0	0	0	1	1	1	1	False	.	.	False	9	9
ANKRD30A	2	2	0.2915	27.5	0.0435	30.0	candidate_kenya_pair_008,candidate_kenya_pair_015	.	1	1	0	0	0	0	1	1	0	0	1	1	1	1	False	.	.	False	9	9
ARHGEF39	2	2	0.139	100.0	0.031	48.5	candidate_kenya_pair_001,candidate_kenya_pair_018	.	1	1	0	0	0	0	1	1	0	0	1	1	1	1	False	.	.	False	9	9
ATP1A3	2	2	0.2395	105.0	0.052	67.0	candidate_kenya_pair_012,candidate_kenya_pair_015	.	1	1	0	0	0	0	1	1	0	0	1	1	1	1	False	.	.	False	9	9
ATP2B1	1	1	0.061	207.0	0.016	99.0	candidate_kenya_pair_004	.	1	1	0	0	0	0	0	0	0	0	1	1	1	1	False	.	.	False	9	9
BAHCC1	2	2	0.0785	296.5	0.0184325	138.5	candidate_kenya_pair_003,candidate_kenya_pair_008	.	1	1	0	0	0	0	1	1	0	0	1	1	1	1	False	.	.	False	9	9
BLOC1S6	2	2	0.0935	52.5	0.039	36.0	candidate_kenya_pair_008,candidate_kenya_pair_020	.	1	1	0	0	0	0	1	1	0	0	1	1	1	1	False	.	.	False	9	9
BRMS1	1	1	0.241	182.0	0.012	124.0	candidate_kenya_pair_009	.	1	1	0	0	0	0	0	0	0	0	1	1	1	1	False	.	.	False	9	9
BX119927.1	1	1	0.136	27.0	0.054	22.0	candidate_kenya_pair_015	.	1	1	0	0	0	0	0	0	0	0	1	1	1	1	False	.	.	False	9	9
C12orf50	1	1	0.055	71.0	0.029	48.0	candidate_kenya_pair_014	.	1	1	0	0	0	0	0	0	0	0	1	1	1	1	False	.	.	False	9	9
C1orf112	1	1	0.244	142.0	0.032	40.0	candidate_kenya_pair_018	.	1	1	0	0	0	0	0	0	0	0	1	1	1	1	False	.	.	False	9	9
CACNG1	1	1	0.053	290.0	0.006257	244.0	candidate_kenya_pair_013	.	1	1	0	0	0	0	0	0	0	0	1	1	1	1	False	.	.	False	9	9
CALHM6	1	1	0.102	48.0	0.053	25.0	candidate_kenya_pair_006	.	1	1	0	0	0	0	0	0	0	0	1	1	1	1	False	.	.	False	9	9
CAPN14	3	3	0.073	86.0	0.027	52.0	candidate_kenya_pair_003,candidate_kenya_pair_013,candidate_kenya_pair_014	.	1	1	0	0	0	0	2	2	0	0	1	1	1	1	False	.	.	False	9	9
CARD11	3	4	0.6819999999999999	195.5	0.023	96.5	candidate_kenya_pair_006,candidate_kenya_pair_014,candidate_kenya_pair_020	.	1	1	0	0	1	2	1	1	0	0	1	1	1	1	False	.	.	False	9	9
CARD19	2	2	0.1145	157.0	0.049999999999999996	73.5	candidate_kenya_pair_010,candidate_kenya_pair_013	.	1	1	0	0	0	0	1	1	0	0	1	1	1	1	False	.	.	False	9	9
CBFB	2	2	0.123	93.5	0.0198935	154.0	candidate_kenya_pair_013,candidate_kenya_pair_014	.	1	1	0	0	0	0	1	1	0	0	1	1	1	1	False	.	.	False	9	9
CCDC160	1	1	0.108	37.0	0.045	30.0	candidate_kenya_pair_019	.	1	1	0	0	0	0	0	0	0	0	1	1	1	1	False	.	.	False	9	9
CCDC24	1	1	0.038	202.0	0.008851	179.0	candidate_kenya_pair_013	.	1	1	0	0	0	0	0	0	0	0	1	1	1	1	False	.	.	False	9	9
CCNB2	2	2	0.11800000000000001	48.5	0.049	28.0	candidate_kenya_pair_008,candidate_kenya_pair_010	.	1	1	0	0	0	0	1	1	0	0	1	1	1	1	False	.	.	False	9	9
CDC42BPA	4	4	0.079	61.0	0.0315	44.5	candidate_kenya_pair_003,candidate_kenya_pair_012,candidate_kenya_pair_015,candidate_kenya_pair_019	.	1	1	0	0	1	1	2	2	0	0	1	1	1	1	False	.	.	False	9	9
CERKL	1	1	0.083	71.0	0.03	45.0	candidate_kenya_pair_007	.	1	1	0	0	0	0	0	0	0	0	1	1	1	1	False	.	.	False	9	9
CHD5	3	3	0.173	27.0	0.071	15.0	candidate_kenya_pair_015,candidate_kenya_pair_019,candidate_kenya_pair_020	.	1	1	0	0	0	0	2	2	0	0	1	1	1	1	False	.	.	False	9	9
CIR1	1	1	0.136	33.0	0.056	27.0	candidate_kenya_pair_001	.	1	1	0	0	0	0	0	0	0	0	1	1	1	1	False	.	.	False	9	9
CLDN22	1	1	0.032	432.0	0.004106	375.0	candidate_kenya_pair_013	.	1	1	0	0	0	0	0	0	0	0	1	1	1	1	False	.	.	False	9	9
CNN1	1	1	0.085	189.0	0.021	69.0	candidate_kenya_pair_010	.	1	1	0	0	0	0	0	0	0	0	1	1	1	1	False	.	.	False	9	9
CNTN5	2	2	0.369	28.5	0.07350000000000001	15.0	candidate_kenya_pair_012,candidate_kenya_pair_014	.	1	1	0	0	0	0	1	1	0	0	1	1	1	1	False	.	.	False	9	9
COCH&STRN3	1	1	0.193	70.0	0.034	41.0	candidate_kenya_pair_018	.	1	1	0	0	0	0	0	0	0	0	1	1	1	1	False	.	.	False	9	9
COL19A1	3	3	0.166	38.0	0.053	27.0	candidate_kenya_pair_005,candidate_kenya_pair_012,candidate_kenya_pair_013	.	1	1	0	0	1	1	1	1	0	0	1	1	1	1	False	.	.	False	9	9
CPNE8	2	2	0.10300000000000001	45.0	0.029	50.0	candidate_kenya_pair_008,candidate_kenya_pair_013	.	1	1	0	0	0	0	1	1	0	0	1	1	1	1	False	.	.	False	9	9
CRELD2	1	2	0.4995	422.0	0.005521	296.5	candidate_kenya_pair_006	.	1	1	0	0	1	1	0	0	0	0	1	1	1	1	False	.	.	False	9	9
CRYGD	1	1	0.044	113.0	0.017	73.0	candidate_kenya_pair_021	.	1	1	0	0	0	0	0	0	0	0	1	1	1	1	False	.	.	False	9	9
CSMD1	2	2	0.32549999999999996	56.5	0.042499999999999996	66.0	candidate_kenya_pair_008,candidate_kenya_pair_010	.	1	1	0	0	0	0	1	1	0	0	1	1	1	1	False	.	.	False	9	9
CUL4A	3	4	0.143	20.5	0.057999999999999996	25.0	candidate_kenya_pair_008,candidate_kenya_pair_012,candidate_kenya_pair_013	.	1	1	0	0	0	0	2	3	0	0	1	1	1	1	False	.	.	False	9	9
CWH43	2	2	0.1795	101.5	0.0195	73.5	candidate_kenya_pair_007,candidate_kenya_pair_013	.	1	1	0	0	0	0	1	1	0	0	1	1	1	1	False	.	.	False	9	9
CYP2F1	2	3	0.082	63.0	0.034	40.0	candidate_kenya_pair_004,candidate_kenya_pair_014	.	1	1	0	0	1	1	1	1	0	0	1	1	1	1	False	.	.	False	9	9
CYP3A5	1	1	0.07	67.0	0.052	30.0	candidate_kenya_pair_014	.	1	1	0	0	0	0	0	0	0	0	1	1	1	1	False	.	.	False	9	9
DCUN1D1	2	2	0.177	94.5	0.0325	51.0	candidate_kenya_pair_018,candidate_kenya_pair_020	.	1	1	0	0	1	1	0	0	0	0	1	1	1	1	False	.	.	False	9	9
DEK	1	1	0.278	94.0	0.02	79.0	candidate_kenya_pair_013	.	1	1	0	0	0	0	0	0	0	0	1	1	1	1	False	.	.	False	9	9
DGKZ	4	4	0.1085	81.5	0.0595	30.5	candidate_kenya_pair_012,candidate_kenya_pair_017,candidate_kenya_pair_018,candidate_kenya_pair_019	.	1	1	0	0	0	0	3	3	0	0	1	1	1	1	False	.	.	False	9	9
DICER1	1	1	0.073	82.0	0.029	44.0	candidate_kenya_pair_018	.	1	1	0	0	0	0	0	0	0	0	1	1	1	1	False	.	.	False	9	9
DIDO1	1	1	0.07	171.0	0.008124	162.0	candidate_kenya_pair_013	.	1	1	0	0	0	0	0	0	0	0	1	1	1	1	False	.	.	False	9	9
DPH3	1	1	0.282	131.0	0.014	106.0	candidate_kenya_pair_007	.	1	1	0	0	0	0	0	0	0	0	1	1	1	1	False	.	.	False	9	9
DPPA2	2	2	0.545	204.5	0.0296125	101.0	candidate_kenya_pair_006,candidate_kenya_pair_014	.	1	1	0	0	0	0	1	1	0	0	1	1	1	1	False	.	.	False	9	9
DUS4L	1	1	0.051	225.0	0.017	95.0	candidate_kenya_pair_007	.	1	1	0	0	0	0	0	0	0	0	1	1	1	1	False	.	.	False	9	9
E2F3	1	1	0.06	75.0	0.03	51.0	candidate_kenya_pair_014	.	1	1	0	0	0	0	0	0	0	0	1	1	1	1	False	.	.	False	9	9
EFCAB5	2	3	0.21	24.0	0.083	15.0	candidate_kenya_pair_019,candidate_kenya_pair_020	.	1	1	0	0	0	0	1	2	0	0	1	1	1	1	False	.	.	False	9	9
EIF1AD	2	2	0.1745	145.0	0.042	41.5	candidate_kenya_pair_009,candidate_kenya_pair_010	.	1	1	0	0	0	0	1	1	0	0	1	1	1	1	False	.	.	False	9	9
EIF4ENIF1	2	3	0.105	20.0	0.091	10.0	candidate_kenya_pair_014,candidate_kenya_pair_021	.	1	1	0	0	0	0	1	2	0	0	1	1	1	1	False	.	.	False	9	9
ERBB4	1	2	0.0935	64.0	0.035	41.5	candidate_kenya_pair_007	.	1	1	0	0	0	0	1	1	0	0	1	1	1	1	False	.	.	False	9	9
ESYT2	2	2	0.14100000000000001	40.5	0.061	24.0	candidate_kenya_pair_001,candidate_kenya_pair_010	.	1	1	0	0	0	0	1	1	0	0	1	1	1	1	False	.	.	False	9	9
EXOC3L4	1	1	0.532	117.0	0.076	59.0	candidate_kenya_pair_015	.	1	1	0	0	0	0	0	0	0	0	1	1	1	1	False	.	.	False	9	9
FAM161B	2	2	0.10550000000000001	57.0	0.0495	33.5	candidate_kenya_pair_003,candidate_kenya_pair_012	.	1	1	0	0	0	0	1	1	0	0	1	1	1	1	False	.	.	False	9	9
FAM193B	2	2	0.0925	60.5	0.045	32.0	candidate_kenya_pair_015,candidate_kenya_pair_019	.	1	1	0	0	0	0	1	1	0	0	1	1	1	1	False	.	.	False	9	9
FAM199X	2	2	0.081	71.0	0.022	58.5	candidate_kenya_pair_007,candidate_kenya_pair_008	.	1	1	0	0	0	0	1	1	0	0	1	1	1	1	False	.	.	False	9	9
FAM47C	1	1	0.065	301.0	0.008193	189.0	candidate_kenya_pair_006	.	1	1	0	0	0	0	0	0	0	0	1	1	1	1	False	.	.	False	9	9
FGD6	3	3	0.06	128.0	0.017	77.0	candidate_kenya_pair_008,candidate_kenya_pair_012,candidate_kenya_pair_013	.	1	1	0	0	0	0	2	2	0	0	1	1	1	1	False	.	.	False	9	9
FOXA1	1	2	0.146	188.5	0.018159	112.0	candidate_kenya_pair_009	.	1	1	0	0	0	0	1	1	0	0	1	1	1	1	False	.	.	False	9	9
FURIN	1	1	0.126	293.0	0.008999	182.0	candidate_kenya_pair_003	.	1	1	0	0	0	0	0	0	0	0	1	1	1	1	False	.	.	False	9	9
FUT5	2	2	0.521	323.0	0.0076805	270.0	candidate_kenya_pair_006,candidate_kenya_pair_013	.	1	1	0	0	1	1	0	0	0	0	1	1	1	1	False	.	.	False	9	9
GALNT2	1	1	0.16	133.0	0.029	51.0	candidate_kenya_pair_010	.	1	1	0	0	0	0	0	0	0	0	1	1	1	1	False	.	.	False	9	9
GBA3	1	1	0.049	183.0	0.012	125.0	candidate_kenya_pair_013	.	1	1	0	0	0	0	0	0	0	0	1	1	1	1	False	.	.	False	9	9
GCN1	3	3	0.081	184.0	0.018	85.0	candidate_kenya_pair_003,candidate_kenya_pair_006,candidate_kenya_pair_015	.	1	1	0	0	1	1	1	1	0	0	1	1	1	1	False	.	.	False	9	9
GPATCH8	2	2	0.1275	96.0	0.027499999999999997	51.5	candidate_kenya_pair_005,candidate_kenya_pair_019	.	1	1	0	0	0	0	1	1	0	0	1	1	1	1	False	.	.	False	9	9
GRIA2	1	1	0.289	260.0	0.007398	199.0	candidate_kenya_pair_019	.	1	1	0	0	0	0	0	0	0	0	1	1	1	1	False	.	.	False	9	9
GRK4	1	1	0.077	62.0	0.026	62.0	candidate_kenya_pair_017	.	1	1	0	0	0	0	0	0	0	0	1	1	1	1	False	.	.	False	9	9
GSPT1	2	2	0.11649999999999999	85.0	0.051500000000000004	40.5	candidate_kenya_pair_005,candidate_kenya_pair_021	.	1	1	0	0	0	0	1	1	0	0	1	1	1	1	False	.	.	False	9	9
GTF2I	2	2	0.27249999999999996	66.0	0.059	22.5	candidate_kenya_pair_006,candidate_kenya_pair_018	.	1	1	0	0	0	0	1	1	0	0	1	1	1	1	False	.	.	False	9	9
HDAC5	1	1	0.104	208.0	0.015	98.0	candidate_kenya_pair_001	.	1	1	0	0	0	0	0	0	0	0	1	1	1	1	False	.	.	False	9	9
HNRNPA1	2	2	0.08499999999999999	56.5	0.029500000000000002	48.5	candidate_kenya_pair_008,candidate_kenya_pair_017	.	1	1	0	0	0	0	1	1	0	0	1	1	1	1	False	.	.	False	9	9
HR	1	1	0.079	70.0	0.027	51.0	candidate_kenya_pair_005	.	1	1	0	0	0	0	0	0	0	0	1	1	1	1	False	.	.	False	9	9
HSPB1	2	2	0.159	44.0	0.0545	34.5	candidate_kenya_pair_004,candidate_kenya_pair_019	.	1	1	0	0	0	0	1	1	0	0	1	1	1	1	False	.	.	False	9	9
HUWE1	5	7	0.116	55.0	0.061	18.0	candidate_kenya_pair_003,candidate_kenya_pair_007,candidate_kenya_pair_010,candidate_kenya_pair_018,candidate_kenya_pair_019	.	1	1	0	0	1	1	4	5	0	0	1	1	1	1	False	.	.	False	9	9
IFT57	3	3	0.111	42.0	0.043	31.0	candidate_kenya_pair_006,candidate_kenya_pair_014,candidate_kenya_pair_019	.	1	1	0	0	0	0	2	2	0	0	1	1	1	1	False	.	.	False	9	9
IGSF9B	1	1	0.054	128.0	0.024	61.0	candidate_kenya_pair_015	.	1	1	0	0	0	0	0	0	0	0	1	1	1	1	False	.	.	False	9	9
IL17A	1	1	0.133	64.0	0.045	33.0	candidate_kenya_pair_003	.	1	1	0	0	0	0	0	0	0	0	1	1	1	1	False	.	.	False	9	9
IP6K2	2	2	0.32899999999999996	79.0	0.036000000000000004	60.5	candidate_kenya_pair_001,candidate_kenya_pair_015	.	1	1	0	0	0	0	1	1	0	0	1	1	1	1	False	.	.	False	9	9
IPO5	2	2	0.093	50.0	0.040999999999999995	38.5	candidate_kenya_pair_009,candidate_kenya_pair_019	.	1	1	0	0	1	1	0	0	0	0	1	1	1	1	False	.	.	False	9	9
KCNH6	3	3	0.071	103.0	0.033	43.0	candidate_kenya_pair_006,candidate_kenya_pair_018,candidate_kenya_pair_021	.	1	1	0	0	0	0	2	2	0	0	1	1	1	1	False	.	.	False	9	9
KCNN2	1	1	0.065	63.0	0.029	50.0	candidate_kenya_pair_015	.	1	1	0	0	0	0	0	0	0	0	1	1	1	1	False	.	.	False	9	9
KDELR3	1	1	0.313	65.0	0.031	39.0	candidate_kenya_pair_013	.	1	1	0	0	0	0	0	0	0	0	1	1	1	1	False	.	.	False	9	9
KIAA1958	4	5	0.2	107.0	0.022	53.0	candidate_kenya_pair_002,candidate_kenya_pair_006,candidate_kenya_pair_007,candidate_kenya_pair_019	.	1	1	0	0	0	0	3	4	0	0	1	1	1	1	False	.	.	False	9	9
KIDINS220	2	2	0.5135	90.5	0.027000000000000003	63.0	candidate_kenya_pair_006,candidate_kenya_pair_014	.	1	1	0	0	0	0	1	1	0	0	1	1	1	1	False	.	.	False	9	9
KIF21A	1	1	0.108	54.0	0.029	49.0	candidate_kenya_pair_013	.	1	1	0	0	0	0	0	0	0	0	1	1	1	1	False	.	.	False	9	9
KIT	3	3	0.052	144.0	0.015	103.0	candidate_kenya_pair_001,candidate_kenya_pair_013,candidate_kenya_pair_019	.	1	1	0	0	0	0	2	2	0	0	1	1	1	1	False	.	.	False	9	9
KLF4	2	2	0.6395	243.5	0.0115	129.5	candidate_kenya_pair_006,candidate_kenya_pair_009	.	1	1	0	0	1	1	0	0	0	0	1	1	1	1	False	.	.	False	9	9
KPNA4	2	2	0.213	43.0	0.048	39.5	candidate_kenya_pair_008,candidate_kenya_pair_019	.	1	1	0	0	0	0	1	1	0	0	1	1	1	1	False	.	.	False	9	9
KRT27	1	1	0.096	43.0	0.048	28.0	candidate_kenya_pair_020	.	1	1	0	0	0	0	0	0	0	0	1	1	1	1	False	.	.	False	9	9
LACC1	1	1	0.187	24.0	0.071	17.0	candidate_kenya_pair_015	.	1	1	0	0	0	0	0	0	0	0	1	1	1	1	False	.	.	False	9	9
LIN54	5	5	0.167	40.0	0.063	21.0	candidate_kenya_pair_006,candidate_kenya_pair_008,candidate_kenya_pair_012,candidate_kenya_pair_015,candidate_kenya_pair_017	.	1	1	0	0	0	0	4	4	0	0	1	1	1	1	False	.	.	False	9	9
LMOD3	2	2	0.524	86.0	0.024	62.0	candidate_kenya_pair_006,candidate_kenya_pair_019	.	1	1	0	0	0	0	1	1	0	0	1	1	1	1	False	.	.	False	9	9
LRRC7	2	2	0.0545	194.0	0.0236475	111.0	candidate_kenya_pair_001,candidate_kenya_pair_020	.	1	1	0	0	0	0	1	1	0	0	1	1	1	1	False	.	.	False	9	9
MAPK8	2	2	0.101	54.5	0.068	18.0	candidate_kenya_pair_004,candidate_kenya_pair_005	.	1	1	0	0	0	0	1	1	0	0	1	1	1	1	False	.	.	False	9	9
MBD5	1	1	0.271	196.0	0.015	187.0	candidate_kenya_pair_013	.	1	1	0	0	0	0	0	0	0	0	1	1	1	1	False	.	.	False	9	9
MCM10	1	1	0.045	141.0	0.015	100.0	candidate_kenya_pair_008	.	1	1	0	0	0	0	0	0	0	0	1	1	1	1	False	.	.	False	9	9
MKNK2	1	1	0.064	98.0	0.009003	118.0	candidate_kenya_pair_013	.	1	1	0	0	0	0	0	0	0	0	1	1	1	1	False	.	.	False	9	9
MMS22L	1	1	0.285	68.0	0.027	64.0	candidate_kenya_pair_010	.	1	1	0	0	0	0	0	0	0	0	1	1	1	1	False	.	.	False	9	9
MRPL3	2	2	0.283	53.5	0.046	38.0	candidate_kenya_pair_006,candidate_kenya_pair_008	.	1	1	0	0	1	1	0	0	0	0	1	1	1	1	False	.	.	False	9	9
MTMR12	1	1	0.077	172.0	0.025	58.0	candidate_kenya_pair_005	.	1	1	0	0	0	0	0	0	0	0	1	1	1	1	False	.	.	False	9	9
MYL1	2	3	0.888	85.0	0.052	27.0	candidate_kenya_pair_006,candidate_kenya_pair_007	.	1	1	0	0	0	0	2	2	0	0	1	1	1	1	False	.	.	False	9	9
NAE1	1	1	0.147	41.0	0.059	27.0	candidate_kenya_pair_007	.	1	1	0	0	0	0	0	0	0	0	1	1	1	1	False	.	.	False	9	9
NBEAL2	3	3	0.066	81.0	0.033	33.0	candidate_kenya_pair_003,candidate_kenya_pair_006,candidate_kenya_pair_012	.	1	1	0	0	0	0	2	2	0	0	1	1	1	1	False	.	.	False	9	9
NEK3	1	1	0.968	45.0	0.072	19.0	candidate_kenya_pair_006	.	1	1	0	0	0	0	0	0	0	0	1	1	1	1	False	.	.	False	9	9
NFATC3	1	1	0.116	52.0	0.032	47.0	candidate_kenya_pair_019	.	1	1	0	0	0	0	0	0	0	0	1	1	1	1	False	.	.	False	9	9
NLGN1	2	2	0.1025	195.0	0.0135	111.5	candidate_kenya_pair_002,candidate_kenya_pair_006	.	1	1	0	0	0	0	1	1	0	0	1	1	1	1	False	.	.	False	9	9
NME5	2	2	0.204	79.0	0.019	88.5	candidate_kenya_pair_008,candidate_kenya_pair_014	.	1	1	0	0	0	0	1	1	0	0	1	1	1	1	False	.	.	False	9	9
NOC3L	1	1	0.086	54.0	0.063	24.0	candidate_kenya_pair_002	.	1	1	0	0	0	0	0	0	0	0	1	1	1	1	False	.	.	False	9	9
NOX5	1	1	0.069	102.0	0.019	72.0	candidate_kenya_pair_012	.	1	1	0	0	0	0	0	0	0	0	1	1	1	1	False	.	.	False	9	9
NR1D1	1	3	0.461	35.0	0.053	47.0	candidate_kenya_pair_013	.	1	1	0	0	0	0	1	2	0	0	1	1	1	1	False	.	.	False	9	9
NUAK2	1	1	0.114	79.0	0.015	82.0	candidate_kenya_pair_013	.	1	1	0	0	0	0	0	0	0	0	1	1	1	1	False	.	.	False	9	9
NUF2	1	1	0.102	58.0	0.059	25.0	candidate_kenya_pair_007	.	1	1	0	0	0	0	0	0	0	0	1	1	1	1	False	.	.	False	9	9
OPN5	1	1	0.085	98.0	0.03	48.0	candidate_kenya_pair_003	.	1	1	0	0	0	0	0	0	0	0	1	1	1	1	False	.	.	False	9	9
OR2A1	1	1	0.256	810.0	0.003241	512.0	candidate_kenya_pair_006	.	1	1	0	0	0	0	0	0	0	0	1	1	1	1	False	.	.	False	9	9
OR6X1	2	2	0.2615	124.5	0.046	51.5	candidate_kenya_pair_007,candidate_kenya_pair_012	.	1	1	0	0	1	1	0	0	0	0	1	1	1	1	False	.	.	False	9	9
OR7C1	1	1	0.347	93.0	0.035	36.0	candidate_kenya_pair_020	.	1	1	0	0	0	0	0	0	0	0	1	1	1	1	False	.	.	False	9	9
OSGIN2	1	1	0.129	43.0	0.054	26.0	candidate_kenya_pair_002	.	1	1	0	0	0	0	0	0	0	0	1	1	1	1	False	.	.	False	9	9
OTOG	2	2	0.068	120.0	0.0195	83.0	candidate_kenya_pair_004,candidate_kenya_pair_006	.	1	1	0	0	0	0	1	1	0	0	1	1	1	1	False	.	.	False	9	9
OTUB1	3	3	0.095	51.0	0.027	43.0	candidate_kenya_pair_009,candidate_kenya_pair_010,candidate_kenya_pair_015	.	1	1	0	0	0	0	2	2	0	0	1	1	1	1	False	.	.	False	9	9
PABPC4L	2	2	0.091	132.0	0.0175	84.0	candidate_kenya_pair_003,candidate_kenya_pair_014	.	1	1	0	0	0	0	1	1	0	0	1	1	1	1	False	.	.	False	9	9
PC	2	3	0.053	95.0	0.026	43.0	candidate_kenya_pair_019,candidate_kenya_pair_021	.	1	1	0	0	0	0	1	2	0	0	1	1	1	1	False	.	.	False	9	9
PCF11	1	1	0.142	89.0	0.029	45.0	candidate_kenya_pair_013	.	1	1	0	0	0	0	0	0	0	0	1	1	1	1	False	.	.	False	9	9
PEAR1	4	5	0.12	238.0	0.016	91.0	candidate_kenya_pair_005,candidate_kenya_pair_013,candidate_kenya_pair_014,candidate_kenya_pair_018	.	1	1	0	0	0	0	3	4	0	0	1	1	1	1	False	.	.	False	9	9
PGF	3	3	0.2	60.0	0.056	22.0	candidate_kenya_pair_007,candidate_kenya_pair_010,candidate_kenya_pair_017	.	1	1	0	0	0	0	2	2	0	0	1	1	1	1	False	.	.	False	9	9
PGR	1	1	0.038	201.0	0.01	150.0	candidate_kenya_pair_004	.	1	1	0	0	0	0	0	0	0	0	1	1	1	1	False	.	.	False	9	9
PIAS2	3	3	0.056	84.0	0.036	37.0	candidate_kenya_pair_006,candidate_kenya_pair_013,candidate_kenya_pair_020	.	1	1	0	0	0	0	2	2	0	0	1	1	1	1	False	.	.	False	9	9
PIGN	2	2	0.5215	84.5	0.0255	70.0	candidate_kenya_pair_006,candidate_kenya_pair_019	.	1	1	0	0	0	0	1	1	0	0	1	1	1	1	False	.	.	False	9	9
PIKFYVE	2	2	0.2345	144.0	0.024	67.0	candidate_kenya_pair_006,candidate_kenya_pair_007	.	1	1	0	0	0	0	1	1	0	0	1	1	1	1	False	.	.	False	9	9
PLEKHA3	3	3	0.056	132.0	0.016	99.0	candidate_kenya_pair_003,candidate_kenya_pair_013,candidate_kenya_pair_015	.	1	1	0	0	1	1	1	1	0	0	1	1	1	1	False	.	.	False	9	9
PNPLA3	1	1	0.085	42.0	0.032	37.0	candidate_kenya_pair_019	.	1	1	0	0	0	0	0	0	0	0	1	1	1	1	False	.	.	False	9	9
POC5	2	2	0.1325	109.5	0.0432625	90.0	candidate_kenya_pair_009,candidate_kenya_pair_013	.	1	1	0	0	1	1	0	0	0	0	1	1	1	1	False	.	.	False	9	9
POLB	2	2	0.1305	76.5	0.062	25.0	candidate_kenya_pair_003,candidate_kenya_pair_012	.	1	1	0	0	0	0	1	1	0	0	1	1	1	1	False	.	.	False	9	9
POMT2	2	2	0.101	58.5	0.04	33.5	candidate_kenya_pair_018,candidate_kenya_pair_021	.	1	1	0	0	0	0	1	1	0	0	1	1	1	1	False	.	.	False	9	9
PPP1R12C	1	1	0.046	138.0	0.024	69.0	candidate_kenya_pair_019	.	1	1	0	0	0	0	0	0	0	0	1	1	1	1	False	.	.	False	9	9
PPP1R14B	1	1	0.056	76.0	0.038	25.0	candidate_kenya_pair_004	.	1	1	0	0	0	0	0	0	0	0	1	1	1	1	False	.	.	False	9	9
PPP4R3C	1	1	0.057	117.0	0.008054	185.0	candidate_kenya_pair_013	.	1	1	0	0	0	0	0	0	0	0	1	1	1	1	False	.	.	False	9	9
PRPF38A	2	2	0.31	106.5	0.0325	84.0	candidate_kenya_pair_007,candidate_kenya_pair_013	.	1	1	0	0	0	0	1	1	0	0	1	1	1	1	False	.	.	False	9	9
PSEN2	2	2	0.096	159.0	0.029	65.0	candidate_kenya_pair_017,candidate_kenya_pair_018	.	1	1	0	0	0	0	1	1	0	0	1	1	1	1	False	.	.	False	9	9
PSMA1	2	2	0.123	57.5	0.054	26.0	candidate_kenya_pair_017,candidate_kenya_pair_020	.	1	1	0	0	0	0	1	1	0	0	1	1	1	1	False	.	.	False	9	9
PSPC1	3	3	0.199	27.0	0.067	18.0	candidate_kenya_pair_007,candidate_kenya_pair_015,candidate_kenya_pair_020	.	1	1	0	0	0	0	2	2	0	0	1	1	1	1	False	.	.	False	9	9
PTCHD4	1	1	0.062	263.0	0.00761	191.0	candidate_kenya_pair_013	.	1	1	0	0	0	0	0	0	0	0	1	1	1	1	False	.	.	False	9	9
PTGS2	2	3	0.963	84.0	0.037	36.0	candidate_kenya_pair_006,candidate_kenya_pair_009	.	1	1	0	0	0	0	1	2	0	0	1	1	1	1	False	.	.	False	9	9
PTH1R	2	2	0.096	69.0	0.0485	33.0	candidate_kenya_pair_017,candidate_kenya_pair_019	.	1	1	0	0	0	0	1	1	0	0	1	1	1	1	False	.	.	False	9	9
PTPN1	1	1	0.045	186.0	0.015	114.0	candidate_kenya_pair_017	.	1	1	0	0	0	0	0	0	0	0	1	1	1	1	False	.	.	False	9	9
PUM3	2	2	0.15000000000000002	102.5	0.0375	76.5	candidate_kenya_pair_002,candidate_kenya_pair_013	.	1	1	0	0	0	0	1	1	0	0	1	1	1	1	False	.	.	False	9	9
RAPGEF4	3	4	0.113	49.5	0.0525	24.5	candidate_kenya_pair_002,candidate_kenya_pair_007,candidate_kenya_pair_018	.	1	1	0	0	0	0	2	3	0	0	1	1	1	1	False	.	.	False	9	9
RAPGEF5	2	2	0.11499999999999999	47.0	0.0465	25.0	candidate_kenya_pair_008,candidate_kenya_pair_019	.	1	1	0	0	0	0	1	1	0	0	1	1	1	1	False	.	.	False	9	9
RASEF	3	3	0.103	40.0	0.053	22.0	candidate_kenya_pair_002,candidate_kenya_pair_009,candidate_kenya_pair_014	.	1	1	0	0	0	0	2	2	0	0	1	1	1	1	False	.	.	False	9	9
RASGRF2	3	3	0.047	115.0	0.029	48.0	candidate_kenya_pair_003,candidate_kenya_pair_006,candidate_kenya_pair_021	.	1	1	0	0	0	0	2	2	0	0	1	1	1	1	False	.	.	False	9	9
RCCD1	1	1	0.056	60.0	0.028	53.0	candidate_kenya_pair_011	.	1	1	0	0	0	0	0	0	0	0	1	1	1	1	False	.	.	False	9	9
RHBDF1	1	1	0.039	192.0	0.011	142.0	candidate_kenya_pair_019	.	1	1	0	0	0	0	0	0	0	0	1	1	1	1	False	.	.	False	9	9
RNF128	1	1	0.077	60.0	0.031	40.0	candidate_kenya_pair_006	.	1	1	0	0	0	0	0	0	0	0	1	1	1	1	False	.	.	False	9	9
ROBO3	2	3	0.13	31.0	0.056	20.0	candidate_kenya_pair_001,candidate_kenya_pair_003	.	1	1	0	0	0	0	2	2	0	0	1	1	1	1	False	.	.	False	9	9
RPL13	1	1	0.053	117.0	0.028	54.0	candidate_kenya_pair_007	.	1	1	0	0	0	0	0	0	0	0	1	1	1	1	False	.	.	False	9	9
RPL3L	1	1	0.045	328.0	0.054	27.0	candidate_kenya_pair_010	.	1	1	0	0	0	0	0	0	0	0	1	1	1	1	False	.	.	False	9	9
RWDD2A	4	4	0.15200000000000002	51.0	0.0455	34.5	candidate_kenya_pair_001,candidate_kenya_pair_004,candidate_kenya_pair_007,candidate_kenya_pair_013	.	1	1	0	0	0	0	3	3	0	0	1	1	1	1	False	.	.	False	9	9
RYR2	5	5	0.124	34.0	0.048	25.0	candidate_kenya_pair_007,candidate_kenya_pair_009,candidate_kenya_pair_012,candidate_kenya_pair_013,candidate_kenya_pair_017	.	1	1	0	0	1	1	3	3	0	0	1	1	1	1	False	.	.	False	9	9
SAMD7	1	1	0.074	192.0	0.017	95.0	candidate_kenya_pair_003	.	1	1	0	0	0	0	0	0	0	0	1	1	1	1	False	.	.	False	9	9
SBF1	1	1	0.033	289.0	0.009964	136.0	candidate_kenya_pair_001	.	1	1	0	0	0	0	0	0	0	0	1	1	1	1	False	.	.	False	9	9
SCART1	3	4	0.5725	123.0	0.0315	55.5	candidate_kenya_pair_006,candidate_kenya_pair_007,candidate_kenya_pair_013	.	1	1	0	0	1	1	2	2	0	0	1	1	1	1	False	.	.	False	9	9
SCMH1	2	2	0.097	89.0	0.029	46.5	candidate_kenya_pair_013,candidate_kenya_pair_015	.	1	1	0	0	0	0	1	1	0	0	1	1	1	1	False	.	.	False	9	9
SCN2A	2	2	0.1745	27.5	0.058499999999999996	23.0	candidate_kenya_pair_014,candidate_kenya_pair_018	.	1	1	0	0	0	0	1	1	0	0	1	1	1	1	False	.	.	False	9	9
SCN4A	1	1	0.063	75.0	0.034	33.0	candidate_kenya_pair_021	.	1	1	0	0	0	0	0	0	0	0	1	1	1	1	False	.	.	False	9	9
SEC11A	2	3	0.333	36.0	0.053	26.0	candidate_kenya_pair_006,candidate_kenya_pair_013	.	1	1	0	0	0	0	1	2	0	0	1	1	1	1	False	.	.	False	9	9
SEL1L3	2	2	0.10099999999999999	184.0	0.012623	136.0	candidate_kenya_pair_013,candidate_kenya_pair_018	.	1	1	0	0	0	0	1	1	0	0	1	1	1	1	False	.	.	False	9	9
SEPTIN4	2	2	0.15200000000000002	147.0	0.052618500000000006	142.5	candidate_kenya_pair_008,candidate_kenya_pair_011	.	1	1	0	0	0	0	1	1	0	0	1	1	1	1	False	.	.	False	9	9
SERPINB2	1	1	0.086	52.0	0.047	34.0	candidate_kenya_pair_003	.	1	1	0	0	0	0	0	0	0	0	1	1	1	1	False	.	.	False	9	9
SESTD1	1	1	0.143	81.0	0.038	38.0	candidate_kenya_pair_001	.	1	1	0	0	0	0	0	0	0	0	1	1	1	1	False	.	.	False	9	9
SH3GL2	2	2	0.0505	156.0	0.014	106.0	candidate_kenya_pair_004,candidate_kenya_pair_013	.	1	1	0	0	0	0	1	1	0	0	1	1	1	1	False	.	.	False	9	9
SIGLEC1	1	1	0.32	108.0	0.024	113.0	candidate_kenya_pair_013	.	1	1	0	0	0	0	0	0	0	0	1	1	1	1	False	.	.	False	9	9
SLC12A2	2	2	0.114	56.5	0.052	28.5	candidate_kenya_pair_009,candidate_kenya_pair_010	.	1	1	0	0	0	0	1	1	0	0	1	1	1	1	False	.	.	False	9	9
SLC22A24	2	2	0.2285	73.5	0.0385	38.0	candidate_kenya_pair_006,candidate_kenya_pair_018	.	1	1	0	0	1	1	0	0	0	0	1	1	1	1	False	.	.	False	9	9
SLC24A3	1	2	0.0685	62.0	0.055	27.0	candidate_kenya_pair_003	.	1	1	0	0	0	0	1	1	0	0	1	1	1	1	False	.	.	False	9	9
SLC25A23	2	2	0.0415	164.5	0.0115	118.5	candidate_kenya_pair_014,candidate_kenya_pair_021	.	1	1	0	0	0	0	1	1	0	0	1	1	1	1	False	.	.	False	9	9
SLC9B1	1	1	0.124	46.0	0.041	25.0	candidate_kenya_pair_004	.	1	1	0	0	0	0	0	0	0	0	1	1	1	1	False	.	.	False	9	9
SLCO1B3	2	2	0.0945	84.0	0.0380805	97.0	candidate_kenya_pair_008,candidate_kenya_pair_012	.	1	1	0	0	0	0	1	1	0	0	1	1	1	1	False	.	.	False	9	9
SNED1	1	1	0.043	202.0	0.00967	159.0	candidate_kenya_pair_013	.	1	1	0	0	0	0	0	0	0	0	1	1	1	1	False	.	.	False	9	9
SPAG1	1	1	0.113	47.0	0.042	26.0	candidate_kenya_pair_021	.	1	1	0	0	0	0	0	0	0	0	1	1	1	1	False	.	.	False	9	9
SRRT	3	4	0.1365	108.5	0.0285	49.0	candidate_kenya_pair_003,candidate_kenya_pair_012,candidate_kenya_pair_016	.	1	1	0	0	0	0	3	3	0	0	1	1	1	1	False	.	.	False	9	9
STYK1	2	3	0.071	121.0	0.015	100.0	candidate_kenya_pair_001,candidate_kenya_pair_013	.	1	1	0	0	0	0	1	2	0	0	1	1	1	1	False	.	.	False	9	9
SYK	1	1	0.056	114.0	0.025	65.0	candidate_kenya_pair_001	.	1	1	0	0	0	0	0	0	0	0	1	1	1	1	False	.	.	False	9	9
TAAR1	1	1	0.032	301.0	0.038	35.0	candidate_kenya_pair_005	.	1	1	0	0	0	0	0	0	0	0	1	1	1	1	False	.	.	False	9	9
TBC1D22A	2	3	0.081	72.0	0.021	63.0	candidate_kenya_pair_012,candidate_kenya_pair_013	.	1	1	0	0	0	0	1	2	0	0	1	1	1	1	False	.	.	False	9	9
TBK1	1	1	0.094	59.0	0.035	36.0	candidate_kenya_pair_001	.	1	1	0	0	0	0	0	0	0	0	1	1	1	1	False	.	.	False	9	9
TDRD15	1	1	0.05	208.0	0.007122	206.0	candidate_kenya_pair_013	.	1	1	0	0	0	0	0	0	0	0	1	1	1	1	False	.	.	False	9	9
TFAP2C	1	1	0.169	94.0	0.059	26.0	candidate_kenya_pair_015	.	1	1	0	0	0	0	0	0	0	0	1	1	1	1	False	.	.	False	9	9
TGFBR3	1	1	0.116	133.0	0.022	130.0	candidate_kenya_pair_013	.	1	1	0	0	0	0	0	0	0	0	1	1	1	1	False	.	.	False	9	9
TMEM161B	1	1	0.073	52.0	0.034	43.0	candidate_kenya_pair_021	.	1	1	0	0	0	0	0	0	0	0	1	1	1	1	False	.	.	False	9	9
TNFRSF10B	2	2	0.312	57.0	0.042	36.0	candidate_kenya_pair_002,candidate_kenya_pair_018	.	1	1	0	0	0	0	1	1	0	0	1	1	1	1	False	.	.	False	9	9
TPR	3	3	0.094	68.0	0.039	36.0	candidate_kenya_pair_001,candidate_kenya_pair_006,candidate_kenya_pair_009	.	1	1	0	0	0	0	2	2	0	0	1	1	1	1	False	.	.	False	9	9
TSHZ2	2	2	0.0635	102.5	0.038	34.5	candidate_kenya_pair_004,candidate_kenya_pair_005	.	1	1	0	0	0	0	1	1	0	0	1	1	1	1	False	.	.	False	9	9
TTC21B	2	2	0.1925	41.5	0.069	15.0	candidate_kenya_pair_006,candidate_kenya_pair_012	.	1	1	0	0	0	0	1	1	0	0	1	1	1	1	False	.	.	False	9	9
TTC31	1	1	0.137	32.0	0.043	24.0	candidate_kenya_pair_014	.	1	1	0	0	0	0	0	0	0	0	1	1	1	1	False	.	.	False	9	9
TUFM	1	1	0.048	236.0	0.008742	173.0	candidate_kenya_pair_012	.	1	1	0	0	0	0	0	0	0	0	1	1	1	1	False	.	.	False	9	9
TWF1	1	1	0.096	40.0	0.1	13.0	candidate_kenya_pair_015	.	1	1	0	0	0	0	0	0	0	0	1	1	1	1	False	.	.	False	9	9
UBE2A	1	1	0.056	348.0	0.005065	316.0	candidate_kenya_pair_013	.	1	1	0	0	0	0	0	0	0	0	1	1	1	1	False	.	.	False	9	9
UGT1A8	2	4	0.10750000000000001	145.5	0.013	110.0	candidate_kenya_pair_010,candidate_kenya_pair_013	.	1	1	0	0	0	0	1	3	0	0	1	1	1	1	False	.	.	False	9	9
UGT3A1	1	1	0.046	356.0	0.006042	247.0	candidate_kenya_pair_013	.	1	1	0	0	0	0	0	0	0	0	1	1	1	1	False	.	.	False	9	9
UNC80	4	4	0.23349999999999999	22.0	0.055	22.5	candidate_kenya_pair_001,candidate_kenya_pair_002,candidate_kenya_pair_008,candidate_kenya_pair_012	.	1	1	0	0	0	0	3	3	0	0	1	1	1	1	False	.	.	False	9	9
WNK1	2	3	0.147	29.0	0.077	14.0	candidate_kenya_pair_017,candidate_kenya_pair_019	.	1	1	0	0	0	0	1	2	0	0	1	1	1	1	False	.	.	False	9	9
XKR5	1	1	0.081	237.0	0.013	111.0	candidate_kenya_pair_003	.	1	1	0	0	0	0	0	0	0	0	1	1	1	1	False	.	.	False	9	9
ZC3H7A	2	2	0.268	42.5	0.0645	22.5	candidate_kenya_pair_001,candidate_kenya_pair_020	.	1	1	0	0	0	0	1	1	0	0	1	1	1	1	False	.	.	False	9	9
ZC3HAV1	3	3	0.123	67.0	0.043	32.0	candidate_kenya_pair_012,candidate_kenya_pair_013,candidate_kenya_pair_014	.	1	1	0	0	0	0	2	2	0	0	1	1	1	1	False	.	.	False	9	9
ZFP36L1	1	1	0.313	82.0	0.016	82.0	candidate_kenya_pair_013	.	1	1	0	0	0	0	0	0	0	0	1	1	1	1	False	.	.	False	9	9
ZNF331	1	1	0.432	98.0	0.022	58.0	candidate_kenya_pair_020	.	1	1	0	0	0	0	0	0	0	0	1	1	1	1	False	.	.	False	9	9
ZNF382	1	1	0.082	63.0	0.023	65.0	candidate_kenya_pair_014	.	1	1	0	0	0	0	0	0	0	0	1	1	1	1	False	.	.	False	9	9
ZNF480	1	1	0.278	80.0	0.023	54.0	candidate_kenya_pair_013	.	1	1	0	0	0	0	0	0	0	0	1	1	1	1	False	.	.	False	9	9
ZNF560	1	1	0.368	49.0	0.026	48.0	candidate_kenya_pair_013	.	1	1	0	0	0	0	0	0	0	0	1	1	1	1	False	.	.	False	9	9
ZNF594	1	1	0.051	78.0	0.031	49.0	candidate_kenya_pair_003	.	1	1	0	0	0	0	0	0	0	0	1	1	1	1	False	.	.	False	9	9
ZNF618	2	2	0.075	290.0	0.028999999999999998	115.0	candidate_kenya_pair_003,candidate_kenya_pair_015	.	1	1	0	0	0	0	1	1	0	0	1	1	1	1	False	.	.	False	9	9
ZNF644	1	1	0.152	199.0	0.014	217.0	candidate_kenya_pair_013	.	1	1	0	0	0	0	0	0	0	0	1	1	1	1	False	.	.	False	9	9
ZNF703	3	3	0.082	392.0	0.009228	167.0	candidate_kenya_pair_003,candidate_kenya_pair_004,candidate_kenya_pair_013	.	1	1	0	0	2	2	0	0	0	0	1	1	1	1	False	.	.	False	9	9
ZNF813	3	3	0.125	22.0	0.1	9.0	candidate_kenya_pair_004,candidate_kenya_pair_012,candidate_kenya_pair_013	.	1	1	0	0	0	0	2	2	0	0	1	1	1	1	False	.	.	False	9	9
ZNF98	3	3	0.189	36.0	0.075	20.0	candidate_kenya_pair_004,candidate_kenya_pair_007,candidate_kenya_pair_020	.	1	1	0	0	1	1	1	1	0	0	1	1	1	1	False	.	.	False	9	9
CHD4	1	4	0.07250000000000001	136.5	0.0112435	131.5	candidate_kenya_pair_013	.	0	0	1	4	0	0	0	0	0	0	1	4	1	4	False	.	.	False	9	9
FBXO43	1	4	0.14850000000000002	150.5	0.0225	69.0	candidate_kenya_pair_005	.	0	0	1	4	0	0	0	0	0	0	1	4	1	4	False	.	.	False	9	9
USP24	3	5	0.107	61.0	0.033	49.0	candidate_kenya_pair_007,candidate_kenya_pair_013,candidate_kenya_pair_020	possible_pseudogene_symbol	0	0	2	3	0	0	2	2	0	0	2	3	2	3	True	.	possible_pseudogene_symbol	True	13	8
MAGEC1	1	3	0.967	82.0	0.023	60.0	candidate_kenya_pair_006	.	0	0	1	3	0	0	0	0	0	0	1	3	1	3	False	.	.	False	8	8
MUC5AC	2	12	0.3825	140.5	0.014499999999999999	106.5	candidate_kenya_pair_006,candidate_kenya_pair_016	.	0	0	1	3	2	7	1	2	0	0	1	3	1	3	False	.	.	False	8	8
PDZD8	1	3	0.132	223.0	0.011	187.0	candidate_kenya_pair_013	.	0	0	1	3	0	0	0	0	0	0	1	3	1	3	False	.	.	False	8	8
SLC35G6	1	3	0.23	121.0	0.042	64.0	candidate_kenya_pair_015	.	0	0	1	3	0	0	0	0	0	0	1	3	1	3	False	.	.	False	8	8
TUBGCP6	4	4	0.06	205.0	0.031	96.5	candidate_kenya_pair_012,candidate_kenya_pair_015,candidate_kenya_pair_017,candidate_kenya_pair_020	possible_pseudogene_symbol	0	0	1	1	2	2	1	1	2	2	1	1	3	3	True	.	possible_pseudogene_symbol	True	12	7
CRAMP1	2	3	0.096	46.0	0.038	37.0	candidate_kenya_pair_013,candidate_kenya_pair_020	possible_pseudogene_symbol	1	1	0	0	1	1	1	1	1	1	1	1	2	2	True	.	possible_pseudogene_symbol	True	12	7
AGAP2	2	3	0.084	94.0	0.019	80.0	candidate_kenya_pair_010,candidate_kenya_pair_013	possible_pseudogene_symbol	0	0	2	2	0	0	1	1	0	0	2	2	2	2	True	.	possible_pseudogene_symbol	True	12	7
AKAP13	2	2	0.1625	117.5	0.026999999999999996	83.0	candidate_kenya_pair_013,candidate_kenya_pair_016	possible_pseudogene_symbol	0	0	2	2	0	0	0	0	0	0	2	2	2	2	True	.	possible_pseudogene_symbol	True	12	7
AKAP6	3	4	0.2375	74.5	0.031	44.5	candidate_kenya_pair_006,candidate_kenya_pair_019,candidate_kenya_pair_020	possible_pseudogene_symbol	0	0	2	2	2	2	0	0	0	0	2	2	2	2	True	.	possible_pseudogene_symbol	True	12	7
ALMS1	2	2	0.52	165.0	0.019	78.5	candidate_kenya_pair_006,candidate_kenya_pair_015	noncoding_or_immunoglobulin_like_prefix	0	0	2	2	0	0	0	0	0	0	2	2	2	2	True	.	noncoding_or_immunoglobulin_like_prefix	True	12	7
ALOX15B	2	2	0.045	204.5	0.014177	178.0	candidate_kenya_pair_013,candidate_kenya_pair_017	noncoding_or_immunoglobulin_like_prefix	0	0	2	2	0	0	0	0	0	0	2	2	2	2	True	.	noncoding_or_immunoglobulin_like_prefix	True	12	7
ALPG	3	3	0.039	219.0	0.021	104.0	candidate_kenya_pair_001,candidate_kenya_pair_004,candidate_kenya_pair_014	noncoding_or_immunoglobulin_like_prefix	0	0	2	2	0	0	1	1	0	0	2	2	2	2	True	.	noncoding_or_immunoglobulin_like_prefix	True	12	7
APLP1	4	4	0.09	66.5	0.0545	26.0	candidate_kenya_pair_004,candidate_kenya_pair_014,candidate_kenya_pair_018,candidate_kenya_pair_020	noncoding_or_immunoglobulin_like_prefix;possible_pseudogene_symbol	0	0	2	2	0	0	2	2	0	0	2	2	2	2	True	.	noncoding_or_immunoglobulin_like_prefix;possible_pseudogene_symbol	True	12	7
ARHGAP18	2	3	0.096	113.0	0.014	105.0	candidate_kenya_pair_003,candidate_kenya_pair_013	possible_pseudogene_symbol	0	0	2	2	1	1	0	0	0	0	2	2	2	2	True	.	possible_pseudogene_symbol	True	12	7
ARHGAP32	3	3	0.067	61.0	0.034	45.0	candidate_kenya_pair_009,candidate_kenya_pair_013,candidate_kenya_pair_020	possible_pseudogene_symbol	0	0	2	2	0	0	1	1	0	0	2	2	2	2	True	.	possible_pseudogene_symbol	True	12	7
CAMSAP3	3	3	0.11	52.0	0.064	23.0	candidate_kenya_pair_019,candidate_kenya_pair_020,candidate_kenya_pair_021	possible_pseudogene_symbol	0	0	2	2	0	0	1	1	0	0	2	2	2	2	True	.	possible_pseudogene_symbol	True	12	7
CFAP43	3	3	0.27	64.0	0.037	34.0	candidate_kenya_pair_003,candidate_kenya_pair_006,candidate_kenya_pair_018	possible_pseudogene_symbol	0	0	2	2	0	0	1	1	0	0	2	2	2	2	True	.	possible_pseudogene_symbol	True	12	7
CFAP44	4	4	0.077	82.5	0.0325	45.0	candidate_kenya_pair_007,candidate_kenya_pair_009,candidate_kenya_pair_013,candidate_kenya_pair_015	possible_pseudogene_symbol	0	0	2	2	0	0	2	2	0	0	2	2	2	2	True	.	possible_pseudogene_symbol	True	12	7
CFAP57	2	3	0.657	110.0	0.018	88.0	candidate_kenya_pair_006,candidate_kenya_pair_013	possible_pseudogene_symbol	0	0	2	2	1	1	0	0	0	0	2	2	2	2	True	.	possible_pseudogene_symbol	True	12	7
CFAP65	4	5	0.125	82.0	0.029	50.0	candidate_kenya_pair_006,candidate_kenya_pair_013,candidate_kenya_pair_015,candidate_kenya_pair_017	possible_pseudogene_symbol	0	0	2	2	0	0	3	3	0	0	2	2	2	2	True	.	possible_pseudogene_symbol	True	12	7
CIRBP	2	2	0.10700000000000001	52.5	0.07050000000000001	20.5	candidate_kenya_pair_003,candidate_kenya_pair_007	possible_pseudogene_symbol	0	0	2	2	0	0	0	0	0	0	2	2	2	2	True	.	possible_pseudogene_symbol	True	12	7
EZHIP	2	2	0.08399999999999999	186.0	0.017903	111.0	candidate_kenya_pair_003,candidate_kenya_pair_020	possible_pseudogene_symbol	0	0	2	2	0	0	0	0	0	0	2	2	2	2	True	.	possible_pseudogene_symbol	True	12	7
KRTAP10-4	2	2	0.11299999999999999	1074.5	0.003129	517.0	candidate_kenya_pair_002,candidate_kenya_pair_006	multi_gene_or_interval_annotation	0	0	2	2	0	0	0	0	0	0	2	2	2	2	True	.	multi_gene_or_interval_annotation	True	12	7
LRRFIP2	2	4	0.9724999999999999	109.5	0.026500000000000003	61.5	candidate_kenya_pair_001,candidate_kenya_pair_006	possible_pseudogene_symbol	0	0	2	2	0	0	1	2	0	0	2	2	2	2	True	.	possible_pseudogene_symbol	True	12	7
PARP14	3	3	0.052	113.0	0.031	45.0	candidate_kenya_pair_017,candidate_kenya_pair_018,candidate_kenya_pair_020	possible_pseudogene_symbol	0	0	2	2	0	0	1	1	0	0	2	2	2	2	True	.	possible_pseudogene_symbol	True	12	7
SNCAIP	3	3	0.088	145.0	0.024	64.0	candidate_kenya_pair_013,candidate_kenya_pair_018,candidate_kenya_pair_021	possible_pseudogene_symbol	0	0	2	2	0	0	1	1	0	0	2	2	2	2	True	.	possible_pseudogene_symbol	True	12	7
TNIP1	2	2	0.0795	78.5	0.035500000000000004	29.5	candidate_kenya_pair_014,candidate_kenya_pair_018	possible_pseudogene_symbol	0	0	2	2	0	0	0	0	0	0	2	2	2	2	True	.	possible_pseudogene_symbol	True	12	7
TRRAP	2	2	0.08499999999999999	180.0	0.0245	75.0	candidate_kenya_pair_001,candidate_kenya_pair_003	possible_pseudogene_symbol	0	0	2	2	0	0	0	0	0	0	2	2	2	2	True	.	possible_pseudogene_symbol	True	12	7
UGP2	2	2	0.1675	97.0	0.0245	61.0	candidate_kenya_pair_003,candidate_kenya_pair_013	possible_pseudogene_symbol	0	0	2	2	0	0	0	0	0	0	2	2	2	2	True	.	possible_pseudogene_symbol	True	12	7
CRMP1	2	3	0.068	250.0	0.014	113.0	candidate_kenya_pair_003,candidate_kenya_pair_012	possible_pseudogene_symbol	1	1	1	1	0	0	1	1	0	0	1	2	1	2	True	.	possible_pseudogene_symbol	True	12	7
MRAP	1	2	0.1135	316.0	0.011	132.0	candidate_kenya_pair_005	possible_pseudogene_symbol	1	1	1	1	0	0	0	0	0	0	1	2	1	2	True	.	possible_pseudogene_symbol	True	12	7
ZP3	1	2	0.041	286.5	0.0115	131.5	candidate_kenya_pair_006	possible_pseudogene_symbol	1	1	1	1	0	0	0	0	0	0	1	2	1	2	True	.	possible_pseudogene_symbol	True	12	7
FCGBP	2	10	0.2845	189.0	0.008804	219.0	candidate_kenya_pair_001,candidate_kenya_pair_006	possible_pseudogene_symbol	0	0	1	7	1	1	2	2	0	0	1	7	1	7	True	.	possible_pseudogene_symbol	True	12	7
ATAD3B	2	10	0.183	252.5	0.016	99.5	candidate_kenya_pair_006,candidate_kenya_pair_013	.	0	0	1	2	1	2	2	6	1	1	1	2	1	3	False	.	.	False	7	7
ADAMTS7	3	4	0.1205	32.0	0.056499999999999995	20.0	candidate_kenya_pair_003,candidate_kenya_pair_009,candidate_kenya_pair_021	.	0	0	1	2	1	1	1	1	0	0	1	2	1	2	False	.	.	False	7	7
ANKRD18B	3	5	0.194	35.0	0.066	20.0	candidate_kenya_pair_006,candidate_kenya_pair_012,candidate_kenya_pair_014	.	0	0	1	2	0	0	3	3	0	0	1	2	1	2	False	.	.	False	7	7
ATM	1	2	0.172	83.0	0.027999999999999997	56.0	candidate_kenya_pair_013	.	0	0	1	2	0	0	0	0	0	0	1	2	1	2	False	.	.	False	7	7
CGB7	1	2	0.101	99.0	0.043	33.0	candidate_kenya_pair_020	.	0	0	1	2	0	0	0	0	0	0	1	2	1	2	False	.	.	False	7	7
CNTNAP3B	2	4	0.2415	152.5	0.049	43.5	candidate_kenya_pair_006,candidate_kenya_pair_007	.	0	0	1	2	1	1	1	1	0	0	1	2	1	2	False	.	.	False	7	7
FREM2	2	4	0.05	130.0	0.021	76.0	candidate_kenya_pair_013,candidate_kenya_pair_021	.	0	0	1	2	0	0	1	2	0	0	1	2	1	2	False	.	.	False	7	7
HRNR	1	2	0.2135	570.5	0.015799	265.0	candidate_kenya_pair_006	.	0	0	1	2	0	0	0	0	0	0	1	2	1	2	False	.	.	False	7	7
MED1	1	3	0.086	788.0	0.063	21.0	candidate_kenya_pair_007	.	0	0	1	2	0	0	1	1	0	0	1	2	1	2	False	.	.	False	7	7
MKI67	1	2	0.9844999999999999	215.0	0.014499999999999999	108.0	candidate_kenya_pair_006	.	0	0	1	2	0	0	0	0	0	0	1	2	1	2	False	.	.	False	7	7
MYOM3	2	3	0.062	167.0	0.011	134.0	candidate_kenya_pair_006,candidate_kenya_pair_013	.	0	0	1	2	0	0	1	1	0	0	1	2	1	2	False	.	.	False	7	7
NALCN	2	3	0.155	76.0	0.025	54.0	candidate_kenya_pair_004,candidate_kenya_pair_016	.	0	0	1	2	0	0	1	1	0	0	1	2	1	2	False	.	.	False	7	7
NECTIN1	1	2	0.0325	288.5	0.0059055	257.0	candidate_kenya_pair_008	.	0	0	1	2	0	0	0	0	0	0	1	2	1	2	False	.	.	False	7	7
NPIPB15	1	2	0.3015	433.5	0.011243	148.0	candidate_kenya_pair_006	.	0	0	1	2	0	0	0	0	0	0	1	2	1	2	False	.	.	False	7	7
OR52K2	1	2	0.9855	249.5	0.0102435	142.5	candidate_kenya_pair_006	.	0	0	1	2	0	0	0	0	0	0	1	2	1	2	False	.	.	False	7	7
PCYOX1	1	2	0.095	102.0	0.0175	95.0	candidate_kenya_pair_013	.	0	0	1	2	0	0	0	0	0	0	1	2	1	2	False	.	.	False	7	7
PHC3	1	3	0.039	105.0	0.041	34.0	candidate_kenya_pair_003	.	0	0	1	2	0	0	1	1	0	0	1	2	1	2	False	.	.	False	7	7
PLEC	2	3	0.048	167.0	0.012	120.0	candidate_kenya_pair_013,candidate_kenya_pair_014	.	0	0	1	2	0	0	1	1	0	0	1	2	1	2	False	.	.	False	7	7
PRAMEF14	1	2	0.193	145.0	0.0475	38.5	candidate_kenya_pair_006	.	0	0	1	2	0	0	0	0	0	0	1	2	1	2	False	.	.	False	7	7
PSD3	2	3	0.091	93.0	0.016	94.0	candidate_kenya_pair_013,candidate_kenya_pair_018	.	0	0	1	2	0	0	1	1	0	0	1	2	1	2	False	.	.	False	7	7
RFPL4A	2	3	0.167	25.0	0.077	13.0	candidate_kenya_pair_007,candidate_kenya_pair_013	.	0	0	1	2	0	0	1	1	0	0	1	2	1	2	False	.	.	False	7	7
SORD	1	3	0.064	134.0	0.02	80.0	candidate_kenya_pair_006	.	0	0	1	2	0	0	1	1	0	0	1	2	1	2	False	.	.	False	7	7
SPATC1	2	3	0.042	192.0	0.008594	171.0	candidate_kenya_pair_001,candidate_kenya_pair_013	.	0	0	1	2	0	0	1	1	0	0	1	2	1	2	False	.	.	False	7	7
SSH2	5	7	0.079	82.0	0.035	39.0	candidate_kenya_pair_004,candidate_kenya_pair_007,candidate_kenya_pair_013,candidate_kenya_pair_015,candidate_kenya_pair_021	.	0	0	1	2	0	0	4	5	0	0	1	2	1	2	False	.	.	False	7	7
THRA	2	6	0.35850000000000004	88.0	0.026	82.5	candidate_kenya_pair_013,candidate_kenya_pair_017	.	0	0	1	2	0	0	2	4	0	0	1	2	1	2	False	.	.	False	7	7
TRAFD1	2	4	0.063	133.5	0.0171525	113.0	candidate_kenya_pair_004,candidate_kenya_pair_013	.	0	0	1	2	0	0	2	2	0	0	1	2	1	2	False	.	.	False	7	7
ULK4	4	6	0.1965	79.0	0.0215	68.5	candidate_kenya_pair_002,candidate_kenya_pair_006,candidate_kenya_pair_013,candidate_kenya_pair_019	.	0	0	1	2	0	0	3	4	0	0	1	2	1	2	False	.	.	False	7	7
VAC14	1	2	0.3295	111.5	0.013	113.5	candidate_kenya_pair_013	.	0	0	1	2	0	0	0	0	0	0	1	2	1	2	False	.	.	False	7	7
ZNF518B	1	2	0.971	106.5	0.0225	61.5	candidate_kenya_pair_006	.	0	0	1	2	0	0	0	0	0	0	1	2	1	2	False	.	.	False	7	7
CCDC144A	6	6	0.1085	48.0	0.029500000000000002	47.0	candidate_kenya_pair_006,candidate_kenya_pair_007,candidate_kenya_pair_008,candidate_kenya_pair_013,candidate_kenya_pair_017,candidate_kenya_pair_020	.	0	0	0	0	3	3	3	3	2	2	0	0	2	2	False	.	.	False	6	6
CLCN4	3	3	0.086	65.0	0.033	40.0	candidate_kenya_pair_004,candidate_kenya_pair_012,candidate_kenya_pair_013	.	0	0	0	0	2	2	1	1	2	2	0	0	2	2	False	.	.	False	6	6
GAPDH	2	2	0.053	104.0	0.0155	70.0	candidate_kenya_pair_004,candidate_kenya_pair_017	.	0	0	0	0	2	2	0	0	2	2	0	0	2	2	False	.	.	False	6	6
HIF3A	3	3	0.186	50.0	0.063	21.0	candidate_kenya_pair_006,candidate_kenya_pair_010,candidate_kenya_pair_020	.	0	0	0	0	2	2	1	1	2	2	0	0	2	2	False	.	.	False	6	6
PRIM2	3	5	0.24	49.0	0.056	23.0	candidate_kenya_pair_003,candidate_kenya_pair_006,candidate_kenya_pair_012	.	0	0	0	0	2	2	2	3	2	2	0	0	2	2	False	.	.	False	6	6
ADGB	1	2	0.088	134.5	0.017	92.5	candidate_kenya_pair_013	.	0	0	1	1	1	1	0	0	1	1	1	1	1	2	False	.	.	False	6	6
AHNAK2	1	2	0.1255	350.0	0.011238	151.5	candidate_kenya_pair_007	.	0	0	1	1	1	1	0	0	1	1	1	1	1	2	False	.	.	False	6	6
CDC25B	1	2	0.077	37.5	0.035500000000000004	44.0	candidate_kenya_pair_006	.	0	0	1	1	1	1	0	0	1	1	1	1	1	2	False	.	.	False	6	6
LPCAT4	1	2	0.07300000000000001	72.5	0.0385	36.0	candidate_kenya_pair_004	.	0	0	1	1	1	1	0	0	1	1	1	1	1	2	False	.	.	False	6	6
PIP5K1C	2	3	0.089	82.0	0.035	32.0	candidate_kenya_pair_008,candidate_kenya_pair_013	.	0	0	1	1	1	1	1	1	1	1	1	1	1	2	False	.	.	False	6	6
RHBDL2	1	3	0.095	127.0	0.011	130.0	candidate_kenya_pair_013	.	0	0	1	1	1	1	1	1	1	1	1	1	1	2	False	.	.	False	6	6
VWF	4	6	0.16349999999999998	126.5	0.0235	66.5	candidate_kenya_pair_006,candidate_kenya_pair_011,candidate_kenya_pair_012,candidate_kenya_pair_018	.	0	0	1	1	2	2	2	3	1	1	1	1	1	2	False	.	.	False	6	6
A2M	1	3	0.124	34.0	0.032	35.0	candidate_kenya_pair_013	.	0	0	1	1	0	0	1	2	0	0	1	1	1	1	False	.	.	False	6	6
AAAS	1	1	0.061	109.0	0.033	39.0	candidate_kenya_pair_019	.	0	0	1	1	0	0	0	0	0	0	1	1	1	1	False	.	.	False	6	6
AADACL3	2	5	0.169	94.0	0.022	63.0	candidate_kenya_pair_005,candidate_kenya_pair_016	.	0	0	1	1	1	1	2	3	0	0	1	1	1	1	False	.	.	False	6	6
AARD	1	1	0.041	120.0	0.011	141.0	candidate_kenya_pair_013	.	0	0	1	1	0	0	0	0	0	0	1	1	1	1	False	.	.	False	6	6
AASS	2	2	0.1245	75.0	0.048	36.5	candidate_kenya_pair_003,candidate_kenya_pair_004	.	0	0	1	1	0	0	1	1	0	0	1	1	1	1	False	.	.	False	6	6
ABCA13	4	5	0.083	66.0	0.022	69.0	candidate_kenya_pair_003,candidate_kenya_pair_015,candidate_kenya_pair_019,candidate_kenya_pair_020	.	0	0	1	1	1	1	3	3	0	0	1	1	1	1	False	.	.	False	6	6
ABCA2	2	2	0.07150000000000001	70.5	0.027000000000000003	44.0	candidate_kenya_pair_012,candidate_kenya_pair_015	.	0	0	1	1	0	0	1	1	0	0	1	1	1	1	False	.	.	False	6	6
ABCA3	1	1	0.192	161.0	0.028	51.0	candidate_kenya_pair_018	.	0	0	1	1	0	0	0	0	0	0	1	1	1	1	False	.	.	False	6	6
ABCC5	3	3	0.11	52.0	0.047	29.0	candidate_kenya_pair_009,candidate_kenya_pair_010,candidate_kenya_pair_014	.	0	0	1	1	0	0	2	2	0	0	1	1	1	1	False	.	.	False	6	6
ABCC9	1	1	0.044	142.0	0.015	109.0	candidate_kenya_pair_019	.	0	0	1	1	0	0	0	0	0	0	1	1	1	1	False	.	.	False	6	6
ABCD2	1	1	0.319	149.0	0.033	100.0	candidate_kenya_pair_020	.	0	0	1	1	0	0	0	0	0	0	1	1	1	1	False	.	.	False	6	6
ABCG2	1	2	0.063	102.0	0.012	112.5	candidate_kenya_pair_013	.	0	0	1	1	0	0	1	1	0	0	1	1	1	1	False	.	.	False	6	6
ABHD12	2	2	0.533	117.0	0.014	108.5	candidate_kenya_pair_006,candidate_kenya_pair_013	.	0	0	1	1	0	0	1	1	0	0	1	1	1	1	False	.	.	False	6	6
ABHD15	2	2	0.097	161.0	0.035	49.0	candidate_kenya_pair_007,candidate_kenya_pair_017	.	0	0	1	1	0	0	1	1	0	0	1	1	1	1	False	.	.	False	6	6
ABR	1	1	0.074	92.0	0.053	25.0	candidate_kenya_pair_017	.	0	0	1	1	0	0	0	0	0	0	1	1	1	1	False	.	.	False	6	6
ABRA	1	1	0.051	265.0	0.016	92.0	candidate_kenya_pair_007	.	0	0	1	1	0	0	0	0	0	0	1	1	1	1	False	.	.	False	6	6
ADAM33	3	3	0.117	96.0	0.035	33.0	candidate_kenya_pair_007,candidate_kenya_pair_010,candidate_kenya_pair_020	.	0	0	1	1	0	0	2	2	0	0	1	1	1	1	False	.	.	False	6	6
ADAMTS2	1	1	0.143	21.0	0.1	15.0	candidate_kenya_pair_005	.	0	0	1	1	0	0	0	0	0	0	1	1	1	1	False	.	.	False	6	6
ADAMTS20	1	1	0.106	55.0	0.063	21.0	candidate_kenya_pair_003	.	0	0	1	1	0	0	0	0	0	0	1	1	1	1	False	.	.	False	6	6
ADAMTS5	1	1	0.295	543.0	0.008078	198.0	candidate_kenya_pair_010	.	0	0	1	1	0	0	0	0	0	0	1	1	1	1	False	.	.	False	6	6
ADAMTSL5	1	1	0.042	103.0	0.029	51.0	candidate_kenya_pair_021	.	0	0	1	1	0	0	0	0	0	0	1	1	1	1	False	.	.	False	6	6
ADCK2	1	1	0.036	221.0	0.012	117.0	candidate_kenya_pair_010	.	0	0	1	1	0	0	0	0	0	0	1	1	1	1	False	.	.	False	6	6
ADCK5	1	1	0.087	262.0	0.011	139.0	candidate_kenya_pair_002	.	0	0	1	1	0	0	0	0	0	0	1	1	1	1	False	.	.	False	6	6
ADCY4	2	2	0.076	92.5	0.025	62.5	candidate_kenya_pair_013,candidate_kenya_pair_014	.	0	0	1	1	0	0	1	1	0	0	1	1	1	1	False	.	.	False	6	6
ADCY5	3	3	0.099	162.0	0.023	62.0	candidate_kenya_pair_001,candidate_kenya_pair_018,candidate_kenya_pair_019	.	0	0	1	1	1	1	1	1	0	0	1	1	1	1	False	.	.	False	6	6
ADCY9	4	4	0.112	52.5	0.06	21.5	candidate_kenya_pair_007,candidate_kenya_pair_010,candidate_kenya_pair_015,candidate_kenya_pair_019	.	0	0	1	1	0	0	3	3	0	0	1	1	1	1	False	.	.	False	6	6
ADGRA3	1	1	0.103	39.0	0.063	16.0	candidate_kenya_pair_001	.	0	0	1	1	0	0	0	0	0	0	1	1	1	1	False	.	.	False	6	6
ADGRB3	1	1	0.243	60.0	0.033	48.0	candidate_kenya_pair_012	.	0	0	1	1	0	0	0	0	0	0	1	1	1	1	False	.	.	False	6	6
ADGRD2	1	1	0.088	95.0	0.036	35.0	candidate_kenya_pair_003	.	0	0	1	1	0	0	0	0	0	0	1	1	1	1	False	.	.	False	6	6
ADGRE1	2	3	0.096	53.0	0.048	26.0	candidate_kenya_pair_001,candidate_kenya_pair_003	.	0	0	1	1	0	0	2	2	0	0	1	1	1	1	False	.	.	False	6	6
ADGRE2	4	5	0.079	145.0	0.045	28.0	candidate_kenya_pair_003,candidate_kenya_pair_006,candidate_kenya_pair_015,candidate_kenya_pair_018	.	0	0	1	1	1	1	2	3	0	0	1	1	1	1	False	.	.	False	6	6
ADGRL2	3	3	0.137	58.0	0.048	25.0	candidate_kenya_pair_001,candidate_kenya_pair_010,candidate_kenya_pair_019	.	0	0	1	1	1	1	1	1	0	0	1	1	1	1	False	.	.	False	6	6
ADGRV1	4	4	0.07	103.0	0.0265	54.0	candidate_kenya_pair_006,candidate_kenya_pair_007,candidate_kenya_pair_014,candidate_kenya_pair_015	.	0	0	1	1	0	0	3	3	0	0	1	1	1	1	False	.	.	False	6	6
AFAP1L2	1	1	0.089	209.0	0.009093	169.0	candidate_kenya_pair_013	.	0	0	1	1	0	0	0	0	0	0	1	1	1	1	False	.	.	False	6	6
AGBL1	3	3	0.142	153.0	0.023	66.0	candidate_kenya_pair_006,candidate_kenya_pair_010,candidate_kenya_pair_020	.	0	0	1	1	0	0	2	2	0	0	1	1	1	1	False	.	.	False	6	6
AHCY	1	1	0.046	174.0	0.021	70.0	candidate_kenya_pair_019	.	0	0	1	1	0	0	0	0	0	0	1	1	1	1	False	.	.	False	6	6
AHCYL1	4	4	0.109	46.0	0.038	35.5	candidate_kenya_pair_006,candidate_kenya_pair_008,candidate_kenya_pair_013,candidate_kenya_pair_019	.	0	0	1	1	0	0	3	3	0	0	1	1	1	1	False	.	.	False	6	6
AHDC1	1	1	0.051	92.0	0.032	46.0	candidate_kenya_pair_014	.	0	0	1	1	0	0	0	0	0	0	1	1	1	1	False	.	.	False	6	6
AICDA	1	2	0.16699999999999998	126.5	0.0425	58.0	candidate_kenya_pair_003	.	0	0	1	1	0	0	1	1	0	0	1	1	1	1	False	.	.	False	6	6
ANAPC1	3	3	0.099	92.0	0.032	52.0	candidate_kenya_pair_009,candidate_kenya_pair_010,candidate_kenya_pair_012	.	0	0	1	1	2	2	0	0	0	0	1	1	1	1	False	.	.	False	6	6
ANAPC4	3	3	0.1	84.0	0.029	44.0	candidate_kenya_pair_010,candidate_kenya_pair_013,candidate_kenya_pair_014	.	0	0	1	1	0	0	2	2	0	0	1	1	1	1	False	.	.	False	6	6
ANAPC7	1	1	0.065	69.0	0.067	19.0	candidate_kenya_pair_010	.	0	0	1	1	0	0	0	0	0	0	1	1	1	1	False	.	.	False	6	6
ANHX	3	3	0.037	197.0	0.01	140.0	candidate_kenya_pair_013,candidate_kenya_pair_017,candidate_kenya_pair_020	.	0	0	1	1	0	0	2	2	0	0	1	1	1	1	False	.	.	False	6	6
ANKDD1B	2	3	0.978	152.0	0.024	66.0	candidate_kenya_pair_006,candidate_kenya_pair_019	.	0	0	1	1	0	0	2	2	0	0	1	1	1	1	False	.	.	False	6	6
ANKFN1	1	1	0.089	74.0	0.023	64.0	candidate_kenya_pair_008	.	0	0	1	1	0	0	0	0	0	0	1	1	1	1	False	.	.	False	6	6
ANKFY1	4	6	0.094	86.5	0.027	54.5	candidate_kenya_pair_007,candidate_kenya_pair_013,candidate_kenya_pair_017,candidate_kenya_pair_020	.	0	0	1	1	0	0	4	5	0	0	1	1	1	1	False	.	.	False	6	6
ANKRD17	1	1	0.219	162.0	0.012	130.0	candidate_kenya_pair_008	.	0	0	1	1	0	0	0	0	0	0	1	1	1	1	False	.	.	False	6	6
ANKRD18A	2	2	0.128	43.0	0.051	28.5	candidate_kenya_pair_018,candidate_kenya_pair_019	.	0	0	1	1	0	0	1	1	0	0	1	1	1	1	False	.	.	False	6	6
ANKRD30B	3	4	0.151	50.0	0.054	26.5	candidate_kenya_pair_003,candidate_kenya_pair_006,candidate_kenya_pair_017	.	0	0	1	1	0	0	2	3	0	0	1	1	1	1	False	.	.	False	6	6
ANKRD50	1	1	0.09	46.0	0.019	69.0	candidate_kenya_pair_008	.	0	0	1	1	0	0	0	0	0	0	1	1	1	1	False	.	.	False	6	6
ANKS3	2	2	0.07400000000000001	70.5	0.0445	33.5	candidate_kenya_pair_009,candidate_kenya_pair_015	.	0	0	1	1	0	0	1	1	0	0	1	1	1	1	False	.	.	False	6	6
ANKS6	2	3	0.964	178.0	0.018	82.0	candidate_kenya_pair_003,candidate_kenya_pair_006	.	0	0	1	1	0	0	1	2	0	0	1	1	1	1	False	.	.	False	6	6
ANO8	2	2	0.072	133.0	0.027	65.5	candidate_kenya_pair_003,candidate_kenya_pair_018	.	0	0	1	1	0	0	1	1	0	0	1	1	1	1	False	.	.	False	6	6
ANO9	1	1	0.219	339.0	0.01	158.0	candidate_kenya_pair_009	.	0	0	1	1	0	0	0	0	0	0	1	1	1	1	False	.	.	False	6	6
AQP12B	2	2	0.25	223.5	0.0195	89.5	candidate_kenya_pair_006,candidate_kenya_pair_010	.	0	0	1	1	0	0	1	1	0	0	1	1	1	1	False	.	.	False	6	6
ARHGEF5	2	2	0.1575	58.0	0.0605	23.5	candidate_kenya_pair_007,candidate_kenya_pair_020	.	0	0	1	1	0	0	1	1	0	0	1	1	1	1	False	.	.	False	6	6
ARID1A	1	1	0.076	67.0	0.023	44.0	candidate_kenya_pair_003	.	0	0	1	1	0	0	0	0	0	0	1	1	1	1	False	.	.	False	6	6
ARID2	2	2	0.093	155.0	0.04	61.0	candidate_kenya_pair_010,candidate_kenya_pair_020	.	0	0	1	1	0	0	1	1	0	0	1	1	1	1	False	.	.	False	6	6
ARL13B	1	1	0.124	45.0	0.045	34.0	candidate_kenya_pair_019	.	0	0	1	1	0	0	0	0	0	0	1	1	1	1	False	.	.	False	6	6
ARL2	1	1	0.31	49.0	0.053	26.0	candidate_kenya_pair_009	.	0	0	1	1	0	0	0	0	0	0	1	1	1	1	False	.	.	False	6	6
ARL9	2	2	0.275	50.5	0.039	66.0	candidate_kenya_pair_009,candidate_kenya_pair_013	.	0	0	1	1	0	0	1	1	0	0	1	1	1	1	False	.	.	False	6	6
ARMC8	3	3	0.088	56.0	0.071	19.0	candidate_kenya_pair_009,candidate_kenya_pair_018,candidate_kenya_pair_019	.	0	0	1	1	0	0	2	2	0	0	1	1	1	1	False	.	.	False	6	6
ARNTL	1	1	0.261	58.0	0.033	48.0	candidate_kenya_pair_007	.	0	0	1	1	0	0	0	0	0	0	1	1	1	1	False	.	.	False	6	6
ARSD	1	1	0.088	44.0	0.015	81.0	candidate_kenya_pair_008	.	0	0	1	1	0	0	0	0	0	0	1	1	1	1	False	.	.	False	6	6
ARSG	1	1	0.082	89.0	0.012	129.0	candidate_kenya_pair_013	.	0	0	1	1	0	0	0	0	0	0	1	1	1	1	False	.	.	False	6	6
ARSI	1	1	0.025	394.0	0.012	263.0	candidate_kenya_pair_006	.	0	0	1	1	0	0	0	0	0	0	1	1	1	1	False	.	.	False	6	6
ART1	1	1	0.391	378.0	0.005996	254.0	candidate_kenya_pair_006	.	0	0	1	1	0	0	0	0	0	0	1	1	1	1	False	.	.	False	6	6
ARX	2	2	0.05499999999999999	123.0	0.036500000000000005	55.5	candidate_kenya_pair_009,candidate_kenya_pair_021	.	0	0	1	1	0	0	1	1	0	0	1	1	1	1	False	.	.	False	6	6
ASB11	3	3	0.053	170.0	0.018	88.0	candidate_kenya_pair_001,candidate_kenya_pair_007,candidate_kenya_pair_017	.	0	0	1	1	0	0	2	2	0	0	1	1	1	1	False	.	.	False	6	6
ASB15	1	1	0.072	100.0	0.039	31.0	candidate_kenya_pair_010	.	0	0	1	1	0	0	0	0	0	0	1	1	1	1	False	.	.	False	6	6
ASB16	3	3	0.102	55.0	0.037	35.0	candidate_kenya_pair_006,candidate_kenya_pair_012,candidate_kenya_pair_021	.	0	0	1	1	0	0	2	2	0	0	1	1	1	1	False	.	.	False	6	6
ASPM	1	1	0.175	127.0	0.018	70.0	candidate_kenya_pair_018	.	0	0	1	1	0	0	0	0	0	0	1	1	1	1	False	.	.	False	6	6
ATAD3A	3	8	0.22	106.5	0.023	67.0	candidate_kenya_pair_006,candidate_kenya_pair_013,candidate_kenya_pair_019	.	0	0	1	1	0	0	3	7	0	0	1	1	1	1	False	.	.	False	6	6
ATAD3C	1	1	0.076	176.0	0.019	90.0	candidate_kenya_pair_014	.	0	0	1	1	0	0	0	0	0	0	1	1	1	1	False	.	.	False	6	6
ATG16L1	1	1	0.065	66.0	0.044	33.0	candidate_kenya_pair_007	.	0	0	1	1	0	0	0	0	0	0	1	1	1	1	False	.	.	False	6	6
ATN1	1	1	0.057	46.0	0.063	23.0	candidate_kenya_pair_018	.	0	0	1	1	0	0	0	0	0	0	1	1	1	1	False	.	.	False	6	6
ATOH8	2	2	0.08549999999999999	76.5	0.041499999999999995	30.5	candidate_kenya_pair_012,candidate_kenya_pair_017	.	0	0	1	1	0	0	1	1	0	0	1	1	1	1	False	.	.	False	6	6
ATP11B	3	3	0.099	65.0	0.043	27.0	candidate_kenya_pair_006,candidate_kenya_pair_014,candidate_kenya_pair_019	.	0	0	1	1	0	0	2	2	0	0	1	1	1	1	False	.	.	False	6	6
ATP13A1	2	2	0.112	174.0	0.015147	128.0	candidate_kenya_pair_009,candidate_kenya_pair_013	.	0	0	1	1	0	0	1	1	0	0	1	1	1	1	False	.	.	False	6	6
ATP1A4	4	5	0.066	122.0	0.027	88.0	candidate_kenya_pair_008,candidate_kenya_pair_011,candidate_kenya_pair_013,candidate_kenya_pair_017	.	0	0	1	1	0	0	3	4	0	0	1	1	1	1	False	.	.	False	6	6
ATP2A2	2	2	0.1015	82.5	0.031	76.0	candidate_kenya_pair_007,candidate_kenya_pair_013	.	0	0	1	1	0	0	1	1	0	0	1	1	1	1	False	.	.	False	6	6
ATP2A3	1	2	0.9844999999999999	213.0	0.0119305	137.0	candidate_kenya_pair_006	.	0	0	1	1	0	0	1	1	0	0	1	1	1	1	False	.	.	False	6	6
ATP6V0A4	2	2	0.095	96.0	0.0355	69.5	candidate_kenya_pair_007,candidate_kenya_pair_013	.	0	0	1	1	0	0	1	1	0	0	1	1	1	1	False	.	.	False	6	6
ATP9A	3	3	0.149	60.0	0.04	32.0	candidate_kenya_pair_001,candidate_kenya_pair_007,candidate_kenya_pair_018	.	0	0	1	1	0	0	2	2	0	0	1	1	1	1	False	.	.	False	6	6
ATR	1	1	0.111	34.0	0.071	19.0	candidate_kenya_pair_001	.	0	0	1	1	0	0	0	0	0	0	1	1	1	1	False	.	.	False	6	6
ATRX	4	4	0.0955	50.5	0.042499999999999996	32.0	candidate_kenya_pair_001,candidate_kenya_pair_003,candidate_kenya_pair_007,candidate_kenya_pair_015	.	0	0	1	1	2	2	1	1	0	0	1	1	1	1	False	.	.	False	6	6
ATXN7	2	2	0.0485	97.5	0.018500000000000003	81.0	candidate_kenya_pair_019,candidate_kenya_pair_020	.	0	0	1	1	0	0	1	1	0	0	1	1	1	1	False	.	.	False	6	6
AUTS2	6	6	0.095	65.5	0.0325	41.0	candidate_kenya_pair_003,candidate_kenya_pair_009,candidate_kenya_pair_017,candidate_kenya_pair_018,candidate_kenya_pair_020,candidate_kenya_pair_021	.	0	0	1	1	2	2	3	3	0	0	1	1	1	1	False	.	.	False	6	6
AXL	1	1	0.186	190.0	0.019	171.0	candidate_kenya_pair_012	.	0	0	1	1	0	0	0	0	0	0	1	1	1	1	False	.	.	False	6	6
B3GAT2	1	1	0.192	344.0	0.008139	188.0	candidate_kenya_pair_010	.	0	0	1	1	0	0	0	0	0	0	1	1	1	1	False	.	.	False	6	6
B3GNT2	2	2	0.158	149.5	0.0195	99.5	candidate_kenya_pair_007,candidate_kenya_pair_012	.	0	0	1	1	0	0	1	1	0	0	1	1	1	1	False	.	.	False	6	6
B3GNT6	1	1	0.992	412.0	0.007971	210.0	candidate_kenya_pair_006	.	0	0	1	1	0	0	0	0	0	0	1	1	1	1	False	.	.	False	6	6
BAG4	1	1	0.108	55.0	0.057	22.0	candidate_kenya_pair_003	.	0	0	1	1	0	0	0	0	0	0	1	1	1	1	False	.	.	False	6	6
BANF1	1	1	0.038	198.0	0.015	102.0	candidate_kenya_pair_015	.	0	0	1	1	0	0	0	0	0	0	1	1	1	1	False	.	.	False	6	6
BAZ2A	4	4	0.0495	143.0	0.018500000000000003	77.5	candidate_kenya_pair_013,candidate_kenya_pair_014,candidate_kenya_pair_019,candidate_kenya_pair_021	.	0	0	1	1	1	1	2	2	0	0	1	1	1	1	False	.	.	False	6	6
BBS1	2	2	0.049	172.5	0.028499999999999998	73.0	candidate_kenya_pair_003,candidate_kenya_pair_015	.	0	0	1	1	0	0	1	1	0	0	1	1	1	1	False	.	.	False	6	6
BBX	3	3	0.122	41.0	0.064	18.0	candidate_kenya_pair_001,candidate_kenya_pair_013,candidate_kenya_pair_021	.	0	0	1	1	0	0	2	2	0	0	1	1	1	1	False	.	.	False	6	6
BCAN	2	2	0.33699999999999997	72.5	0.059500000000000004	41.0	candidate_kenya_pair_015,candidate_kenya_pair_020	.	0	0	1	1	0	0	1	1	0	0	1	1	1	1	False	.	.	False	6	6
BCL2L14	1	1	0.102	49.0	0.061	24.0	candidate_kenya_pair_015	.	0	0	1	1	0	0	0	0	0	0	1	1	1	1	False	.	.	False	6	6
BEST4	1	1	0.045	128.0	0.012	118.0	candidate_kenya_pair_013	.	0	0	1	1	0	0	0	0	0	0	1	1	1	1	False	.	.	False	6	6
BIRC5	1	1	0.041	249.0	0.011	182.0	candidate_kenya_pair_012	.	0	0	1	1	0	0	0	0	0	0	1	1	1	1	False	.	.	False	6	6
BIRC6	1	1	0.061	129.0	0.024	58.0	candidate_kenya_pair_018	.	0	0	1	1	0	0	0	0	0	0	1	1	1	1	False	.	.	False	6	6
BMI1	1	1	0.056	98.0	0.025	51.0	candidate_kenya_pair_021	.	0	0	1	1	0	0	0	0	0	0	1	1	1	1	False	.	.	False	6	6
BMP2K	1	1	0.064	102.0	0.04	35.0	candidate_kenya_pair_018	.	0	0	1	1	0	0	0	0	0	0	1	1	1	1	False	.	.	False	6	6
BMX	4	4	0.098	83.5	0.047	36.0	candidate_kenya_pair_003,candidate_kenya_pair_009,candidate_kenya_pair_010,candidate_kenya_pair_021	.	0	0	1	1	0	0	3	3	0	0	1	1	1	1	False	.	.	False	6	6
BNIPL	2	2	0.1925	50.5	0.0645	29.5	candidate_kenya_pair_003,candidate_kenya_pair_012	.	0	0	1	1	0	0	1	1	0	0	1	1	1	1	False	.	.	False	6	6
BOC	1	1	0.282	124.0	0.015	98.0	candidate_kenya_pair_013	.	0	0	1	1	0	0	0	0	0	0	1	1	1	1	False	.	.	False	6	6
BOD1L1	1	1	0.031	435.0	0.005405	281.0	candidate_kenya_pair_013	.	0	0	1	1	0	0	0	0	0	0	1	1	1	1	False	.	.	False	6	6
BOLL	2	2	0.2525	51.0	0.0575	24.5	candidate_kenya_pair_007,candidate_kenya_pair_015	.	0	0	1	1	0	0	1	1	0	0	1	1	1	1	False	.	.	False	6	6
BPGM	1	1	0.051	174.0	0.00914	160.0	candidate_kenya_pair_013	.	0	0	1	1	0	0	0	0	0	0	1	1	1	1	False	.	.	False	6	6
BPIFB4	1	1	0.058	186.0	0.024	57.0	candidate_kenya_pair_015	.	0	0	1	1	0	0	0	0	0	0	1	1	1	1	False	.	.	False	6	6
BRD4	4	4	0.0735	70.0	0.0415	27.0	candidate_kenya_pair_005,candidate_kenya_pair_010,candidate_kenya_pair_017,candidate_kenya_pair_019	.	0	0	1	1	0	0	3	3	0	0	1	1	1	1	False	.	.	False	6	6
BRDT	4	4	0.08399999999999999	88.5	0.028999999999999998	61.5	candidate_kenya_pair_007,candidate_kenya_pair_008,candidate_kenya_pair_013,candidate_kenya_pair_015	.	0	0	1	1	0	0	3	3	0	0	1	1	1	1	False	.	.	False	6	6
BRMS1L	1	1	0.111	34.0	0.053	22.0	candidate_kenya_pair_001	.	0	0	1	1	0	0	0	0	0	0	1	1	1	1	False	.	.	False	6	6
BSG	2	2	0.081	235.0	0.013161	163.0	candidate_kenya_pair_013,candidate_kenya_pair_015	.	0	0	1	1	0	0	1	1	0	0	1	1	1	1	False	.	.	False	6	6
BTBD9	5	6	0.091	56.5	0.0345	36.0	candidate_kenya_pair_006,candidate_kenya_pair_007,candidate_kenya_pair_013,candidate_kenya_pair_014,candidate_kenya_pair_019	.	0	0	1	1	0	0	5	5	0	0	1	1	1	1	False	.	.	False	6	6
BUD23	1	1	0.062	95.0	0.025	55.0	candidate_kenya_pair_008	.	0	0	1	1	0	0	0	0	0	0	1	1	1	1	False	.	.	False	6	6
BX276092.9	1	1	0.077	55.0	0.026	49.0	candidate_kenya_pair_008	.	0	0	1	1	0	0	0	0	0	0	1	1	1	1	False	.	.	False	6	6
C11orf74	1	1	0.119	76.0	0.036	41.0	candidate_kenya_pair_003	.	0	0	1	1	0	0	0	0	0	0	1	1	1	1	False	.	.	False	6	6
C11orf95	1	1	0.06	108.0	0.037	39.0	candidate_kenya_pair_008	.	0	0	1	1	0	0	0	0	0	0	1	1	1	1	False	.	.	False	6	6
C16orf54	1	1	0.111	43.0	0.067	21.0	candidate_kenya_pair_021	.	0	0	1	1	0	0	0	0	0	0	1	1	1	1	False	.	.	False	6	6
C16orf96	1	1	0.164	123.0	0.013	114.0	candidate_kenya_pair_013	.	0	0	1	1	0	0	0	0	0	0	1	1	1	1	False	.	.	False	6	6
C18orf25	2	2	0.1015	169.5	0.034709	97.0	candidate_kenya_pair_014,candidate_kenya_pair_020	.	0	0	1	1	0	0	1	1	0	0	1	1	1	1	False	.	.	False	6	6
C19orf12	1	1	0.053	64.0	0.028	34.0	candidate_kenya_pair_019	.	0	0	1	1	0	0	0	0	0	0	1	1	1	1	False	.	.	False	6	6
C19orf47	1	1	0.04	182.0	0.02	74.0	candidate_kenya_pair_005	.	0	0	1	1	0	0	0	0	0	0	1	1	1	1	False	.	.	False	6	6
C1QL2	2	2	0.11750000000000001	40.5	0.07200000000000001	17.0	candidate_kenya_pair_004,candidate_kenya_pair_019	.	0	0	1	1	1	1	0	0	0	0	1	1	1	1	False	.	.	False	6	6
C1S	2	2	0.14200000000000002	52.5	0.061	22.5	candidate_kenya_pair_001,candidate_kenya_pair_010	.	0	0	1	1	0	0	1	1	0	0	1	1	1	1	False	.	.	False	6	6
C1orf127	3	3	0.097	52.0	0.034	37.0	candidate_kenya_pair_003,candidate_kenya_pair_010,candidate_kenya_pair_013	.	0	0	1	1	0	0	2	2	0	0	1	1	1	1	False	.	.	False	6	6
C1orf159	3	3	0.05	200.0	0.026	44.0	candidate_kenya_pair_013,candidate_kenya_pair_015,candidate_kenya_pair_019	.	0	0	1	1	1	1	1	1	0	0	1	1	1	1	False	.	.	False	6	6
C1orf167	1	1	0.034	217.0	0.006297	233.0	candidate_kenya_pair_013	.	0	0	1	1	0	0	0	0	0	0	1	1	1	1	False	.	.	False	6	6
C1orf87	1	1	0.066	175.0	0.011	135.0	candidate_kenya_pair_013	.	0	0	1	1	0	0	0	0	0	0	1	1	1	1	False	.	.	False	6	6
C20orf203	1	1	0.138	40.0	0.046	26.0	candidate_kenya_pair_008	.	0	0	1	1	0	0	0	0	0	0	1	1	1	1	False	.	.	False	6	6
C20orf96	1	1	0.287	512.0	0.036	230.0	candidate_kenya_pair_012	.	0	0	1	1	0	0	0	0	0	0	1	1	1	1	False	.	.	False	6	6
C21orf91	1	1	0.073	68.0	0.043	31.0	candidate_kenya_pair_007	.	0	0	1	1	0	0	0	0	0	0	1	1	1	1	False	.	.	False	6	6
C2CD5	1	1	0.127	62.0	0.02	66.0	candidate_kenya_pair_013	.	0	0	1	1	0	0	0	0	0	0	1	1	1	1	False	.	.	False	6	6
C2orf42	1	1	0.09	123.0	0.011	134.0	candidate_kenya_pair_013	.	0	0	1	1	0	0	0	0	0	0	1	1	1	1	False	.	.	False	6	6
C3AR1	2	2	0.0805	77.0	0.044	33.0	candidate_kenya_pair_003,candidate_kenya_pair_009	.	0	0	1	1	0	0	1	1	0	0	1	1	1	1	False	.	.	False	6	6
C3orf62	1	1	0.115	135.0	0.032	46.0	candidate_kenya_pair_007	.	0	0	1	1	0	0	0	0	0	0	1	1	1	1	False	.	.	False	6	6
C6orf120	1	1	0.068	67.0	0.032	41.0	candidate_kenya_pair_006	.	0	0	1	1	0	0	0	0	0	0	1	1	1	1	False	.	.	False	6	6
C6orf223	1	1	0.111	54.0	0.059	18.0	candidate_kenya_pair_003	.	0	0	1	1	0	0	0	0	0	0	1	1	1	1	False	.	.	False	6	6
C6orf58	1	1	0.094	48.0	0.045	33.0	candidate_kenya_pair_019	.	0	0	1	1	0	0	0	0	0	0	1	1	1	1	False	.	.	False	6	6
C7orf57	2	2	0.099	76.0	0.031	50.0	candidate_kenya_pair_012,candidate_kenya_pair_020	.	0	0	1	1	0	0	1	1	0	0	1	1	1	1	False	.	.	False	6	6
C8orf74	2	2	0.533	52.0	0.036	42.5	candidate_kenya_pair_006,candidate_kenya_pair_010	.	0	0	1	1	0	0	1	1	0	0	1	1	1	1	False	.	.	False	6	6
CABYR	1	1	0.128	85.0	0.033	88.0	candidate_kenya_pair_013	.	0	0	1	1	0	0	0	0	0	0	1	1	1	1	False	.	.	False	6	6
CACNB1	4	4	0.081	115.0	0.0215	61.0	candidate_kenya_pair_001,candidate_kenya_pair_007,candidate_kenya_pair_012,candidate_kenya_pair_018	.	0	0	1	1	0	0	3	3	0	0	1	1	1	1	False	.	.	False	6	6
CACNB3	2	2	0.056	113.0	0.047	45.5	candidate_kenya_pair_009,candidate_kenya_pair_017	.	0	0	1	1	0	0	1	1	0	0	1	1	1	1	False	.	.	False	6	6
CACNG7	1	1	0.042	173.0	0.057	44.0	candidate_kenya_pair_007	.	0	0	1	1	0	0	0	0	0	0	1	1	1	1	False	.	.	False	6	6
CAD	2	2	0.08449999999999999	158.5	0.050430499999999996	82.5	candidate_kenya_pair_003,candidate_kenya_pair_007	.	0	0	1	1	0	0	1	1	0	0	1	1	1	1	False	.	.	False	6	6
CALCOCO1	2	2	0.06	131.5	0.026	67.5	candidate_kenya_pair_001,candidate_kenya_pair_007	.	0	0	1	1	0	0	1	1	0	0	1	1	1	1	False	.	.	False	6	6
CAMKK1	1	1	0.05	255.0	0.011	149.0	candidate_kenya_pair_015	.	0	0	1	1	0	0	0	0	0	0	1	1	1	1	False	.	.	False	6	6
CAND1	2	2	0.1525	33.5	0.0355	44.0	candidate_kenya_pair_011,candidate_kenya_pair_015	.	0	0	1	1	0	0	1	1	0	0	1	1	1	1	False	.	.	False	6	6
CAPS2	5	7	0.15	60.0	0.034	47.0	candidate_kenya_pair_003,candidate_kenya_pair_007,candidate_kenya_pair_013,candidate_kenya_pair_015,candidate_kenya_pair_020	.	0	0	1	1	1	1	4	5	0	0	1	1	1	1	False	.	.	False	6	6
CARNS1	1	1	0.043	111.0	0.05	30.0	candidate_kenya_pair_015	.	0	0	1	1	0	0	0	0	0	0	1	1	1	1	False	.	.	False	6	6
CARS2	1	1	0.054	99.0	0.036	45.0	candidate_kenya_pair_020	.	0	0	1	1	0	0	0	0	0	0	1	1	1	1	False	.	.	False	6	6
CASC3	2	2	0.1335	93.5	0.0675	20.0	candidate_kenya_pair_007,candidate_kenya_pair_021	.	0	0	1	1	0	0	1	1	0	0	1	1	1	1	False	.	.	False	6	6
CATSPERE	1	1	0.041	150.0	0.032	50.0	candidate_kenya_pair_005	.	0	0	1	1	0	0	0	0	0	0	1	1	1	1	False	.	.	False	6	6
CBFA2T2	4	4	0.28500000000000003	118.0	0.018500000000000003	81.5	candidate_kenya_pair_001,candidate_kenya_pair_006,candidate_kenya_pair_012,candidate_kenya_pair_013	.	0	0	1	1	0	0	3	3	0	0	1	1	1	1	False	.	.	False	6	6
CBWD1	2	2	0.2995	88.0	0.054847	80.5	candidate_kenya_pair_012,candidate_kenya_pair_013	.	0	0	1	1	0	0	1	1	0	0	1	1	1	1	False	.	.	False	6	6
CBX2	1	1	0.065	112.0	0.059	24.0	candidate_kenya_pair_010	.	0	0	1	1	0	0	0	0	0	0	1	1	1	1	False	.	.	False	6	6
CBX4	3	3	0.14	91.0	0.028	46.0	candidate_kenya_pair_007,candidate_kenya_pair_008,candidate_kenya_pair_016	.	0	0	1	1	0	0	2	2	0	0	1	1	1	1	False	.	.	False	6	6
CCDC116	1	1	0.985	221.0	0.013	113.0	candidate_kenya_pair_006	.	0	0	1	1	0	0	0	0	0	0	1	1	1	1	False	.	.	False	6	6
CCDC134	3	3	0.088	62.0	0.053	26.0	candidate_kenya_pair_006,candidate_kenya_pair_007,candidate_kenya_pair_019	.	0	0	1	1	0	0	2	2	0	0	1	1	1	1	False	.	.	False	6	6
CCDC158	3	3	0.085	112.0	0.015	89.0	candidate_kenya_pair_003,candidate_kenya_pair_015,candidate_kenya_pair_019	.	0	0	1	1	0	0	2	2	0	0	1	1	1	1	False	.	.	False	6	6
CCDC168	1	1	0.101	203.0	0.006939	209.0	candidate_kenya_pair_013	.	0	0	1	1	0	0	0	0	0	0	1	1	1	1	False	.	.	False	6	6
CCDC170	4	4	0.14100000000000001	56.5	0.043	32.5	candidate_kenya_pair_005,candidate_kenya_pair_013,candidate_kenya_pair_015,candidate_kenya_pair_018	.	0	0	1	1	0	0	3	3	0	0	1	1	1	1	False	.	.	False	6	6
CCDC178	2	2	0.10350000000000001	46.5	0.053000000000000005	25.5	candidate_kenya_pair_014,candidate_kenya_pair_021	.	0	0	1	1	0	0	1	1	0	0	1	1	1	1	False	.	.	False	6	6
CCDC185	1	1	0.133	118.0	0.045	33.0	candidate_kenya_pair_020	.	0	0	1	1	0	0	0	0	0	0	1	1	1	1	False	.	.	False	6	6
CCDC33	1	1	0.048	129.0	0.017	82.0	candidate_kenya_pair_017	.	0	0	1	1	0	0	0	0	0	0	1	1	1	1	False	.	.	False	6	6
CCDC39	2	2	0.11599999999999999	57.0	0.053500000000000006	26.0	candidate_kenya_pair_007,candidate_kenya_pair_021	.	0	0	1	1	0	0	1	1	0	0	1	1	1	1	False	.	.	False	6	6
CCDC50	1	1	0.217	181.0	0.016	106.0	candidate_kenya_pair_009	.	0	0	1	1	0	0	0	0	0	0	1	1	1	1	False	.	.	False	6	6
CCDC51	1	1	0.046	315.0	0.006891	204.0	candidate_kenya_pair_013	.	0	0	1	1	0	0	0	0	0	0	1	1	1	1	False	.	.	False	6	6
CCDC62	2	3	0.07	74.0	0.041	34.0	candidate_kenya_pair_001,candidate_kenya_pair_014	.	0	0	1	1	0	0	2	2	0	0	1	1	1	1	False	.	.	False	6	6
CCDC88A	1	2	0.14800000000000002	189.0	0.012	176.0	candidate_kenya_pair_013	.	0	0	1	1	0	0	1	1	0	0	1	1	1	1	False	.	.	False	6	6
CCDC9B	2	2	0.1775	259.0	0.025500000000000002	173.5	candidate_kenya_pair_015,candidate_kenya_pair_019	.	0	0	1	1	0	0	1	1	0	0	1	1	1	1	False	.	.	False	6	6
CCND2	1	1	0.02	433.0	0.014	112.0	candidate_kenya_pair_015	.	0	0	1	1	0	0	0	0	0	0	1	1	1	1	False	.	.	False	6	6
CCND3	2	2	0.061	115.0	0.041	50.5	candidate_kenya_pair_015,candidate_kenya_pair_019	.	0	0	1	1	0	0	1	1	0	0	1	1	1	1	False	.	.	False	6	6
CCNL1	2	2	0.08750000000000001	196.0	0.013155	133.0	candidate_kenya_pair_013,candidate_kenya_pair_021	.	0	0	1	1	0	0	1	1	0	0	1	1	1	1	False	.	.	False	6	6
CCNO	1	1	0.236	168.0	0.018	73.0	candidate_kenya_pair_008	.	0	0	1	1	0	0	0	0	0	0	1	1	1	1	False	.	.	False	6	6
CCNY	2	2	0.2505	167.0	0.0305	111.0	candidate_kenya_pair_013,candidate_kenya_pair_015	.	0	0	1	1	0	0	1	1	0	0	1	1	1	1	False	.	.	False	6	6
CCSER2	3	4	0.044	317.0	0.011355	139.5	candidate_kenya_pair_001,candidate_kenya_pair_005,candidate_kenya_pair_013	.	0	0	1	1	0	0	2	3	0	0	1	1	1	1	False	.	.	False	6	6
CCT6B	1	1	0.075	89.0	0.02	82.0	candidate_kenya_pair_014	.	0	0	1	1	0	0	0	0	0	0	1	1	1	1	False	.	.	False	6	6
CD164	1	1	0.483	88.0	0.02	70.0	candidate_kenya_pair_008	.	0	0	1	1	0	0	0	0	0	0	1	1	1	1	False	.	.	False	6	6
CD1A	1	1	0.125	225.0	0.015	94.0	candidate_kenya_pair_014	.	0	0	1	1	0	0	0	0	0	0	1	1	1	1	False	.	.	False	6	6
CD47	2	2	0.067	118.0	0.0305	71.5	candidate_kenya_pair_005,candidate_kenya_pair_013	.	0	0	1	1	0	0	1	1	0	0	1	1	1	1	False	.	.	False	6	6
CD58	4	4	0.16899999999999998	23.0	0.061	20.0	candidate_kenya_pair_001,candidate_kenya_pair_011,candidate_kenya_pair_014,candidate_kenya_pair_020	.	0	0	1	1	1	1	2	2	0	0	1	1	1	1	False	.	.	False	6	6
CD8B	2	2	0.569	199.0	0.025578999999999998	147.0	candidate_kenya_pair_005,candidate_kenya_pair_006	.	0	0	1	1	0	0	1	1	0	0	1	1	1	1	False	.	.	False	6	6
CDC42BPB	2	2	0.123	77.5	0.065	30.5	candidate_kenya_pair_008,candidate_kenya_pair_020	.	0	0	1	1	0	0	1	1	0	0	1	1	1	1	False	.	.	False	6	6
CDH13	2	2	0.1355	122.0	0.0195	72.5	candidate_kenya_pair_007,candidate_kenya_pair_015	.	0	0	1	1	0	0	1	1	0	0	1	1	1	1	False	.	.	False	6	6
CDH15	3	3	0.143	48.0	0.034	44.0	candidate_kenya_pair_004,candidate_kenya_pair_006,candidate_kenya_pair_008	.	0	0	1	1	0	0	2	2	0	0	1	1	1	1	False	.	.	False	6	6
CDK12	1	1	0.142	41.0	0.097	12.0	candidate_kenya_pair_001	.	0	0	1	1	0	0	0	0	0	0	1	1	1	1	False	.	.	False	6	6
CDK19	3	3	0.053	115.0	0.013	102.0	candidate_kenya_pair_011,candidate_kenya_pair_013,candidate_kenya_pair_015	.	0	0	1	1	0	0	2	2	0	0	1	1	1	1	False	.	.	False	6	6
CDK2	2	2	0.10550000000000001	87.0	0.046231	83.5	candidate_kenya_pair_002,candidate_kenya_pair_013	.	0	0	1	1	0	0	1	1	0	0	1	1	1	1	False	.	.	False	6	6
CDKL2	2	2	0.07250000000000001	98.0	0.043	67.0	candidate_kenya_pair_010,candidate_kenya_pair_012	.	0	0	1	1	0	0	1	1	0	0	1	1	1	1	False	.	.	False	6	6
CDYL	2	2	0.08	153.0	0.012	121.5	candidate_kenya_pair_012,candidate_kenya_pair_013	.	0	0	1	1	0	0	1	1	0	0	1	1	1	1	False	.	.	False	6	6
CEACAM20	4	4	0.14550000000000002	89.0	0.032	47.0	candidate_kenya_pair_004,candidate_kenya_pair_006,candidate_kenya_pair_016,candidate_kenya_pair_020	.	0	0	1	1	1	1	2	2	0	0	1	1	1	1	False	.	.	False	6	6
CELA3A	3	3	0.062	128.0	0.042	38.0	candidate_kenya_pair_003,candidate_kenya_pair_015,candidate_kenya_pair_021	.	0	0	1	1	2	2	0	0	0	0	1	1	1	1	False	.	.	False	6	6
CELSR1	2	2	0.0485	154.0	0.0194515	93.5	candidate_kenya_pair_013,candidate_kenya_pair_019	.	0	0	1	1	0	0	1	1	0	0	1	1	1	1	False	.	.	False	6	6
CELSR2	2	2	0.16849999999999998	323.0	0.014	267.5	candidate_kenya_pair_008,candidate_kenya_pair_013	.	0	0	1	1	0	0	1	1	0	0	1	1	1	1	False	.	.	False	6	6
CENPB	1	1	0.212	14.0	0.067	15.0	candidate_kenya_pair_012	.	0	0	1	1	0	0	0	0	0	0	1	1	1	1	False	.	.	False	6	6
CENPE	1	1	0.15	67.0	0.029	55.0	candidate_kenya_pair_013	.	0	0	1	1	0	0	0	0	0	0	1	1	1	1	False	.	.	False	6	6
CENPF	2	2	0.119	45.0	0.059000000000000004	23.5	candidate_kenya_pair_001,candidate_kenya_pair_015	.	0	0	1	1	0	0	1	1	0	0	1	1	1	1	False	.	.	False	6	6
CENPN	1	1	0.198	20.0	0.054	27.0	candidate_kenya_pair_007	.	0	0	1	1	0	0	0	0	0	0	1	1	1	1	False	.	.	False	6	6
CEP170B	2	2	0.08	160.0	0.018	94.0	candidate_kenya_pair_018,candidate_kenya_pair_021	.	0	0	1	1	0	0	1	1	0	0	1	1	1	1	False	.	.	False	6	6
CFC1	1	1	0.219	170.0	0.012	127.0	candidate_kenya_pair_006	.	0	0	1	1	0	0	0	0	0	0	1	1	1	1	False	.	.	False	6	6
CFHR1	1	1	0.935	23.0	0.038	36.0	candidate_kenya_pair_006	.	0	0	1	1	0	0	0	0	0	0	1	1	1	1	False	.	.	False	6	6
CFHR5	1	1	0.093	63.0	0.043	35.0	candidate_kenya_pair_014	.	0	0	1	1	0	0	0	0	0	0	1	1	1	1	False	.	.	False	6	6
CFTR	3	5	0.214	46.0	0.04	41.0	candidate_kenya_pair_006,candidate_kenya_pair_013,candidate_kenya_pair_019	.	0	0	1	1	1	1	2	3	0	0	1	1	1	1	False	.	.	False	6	6
CGN	2	2	0.0765	190.0	0.0212775	106.5	candidate_kenya_pair_001,candidate_kenya_pair_012	.	0	0	1	1	0	0	1	1	0	0	1	1	1	1	False	.	.	False	6	6
CGNL1	1	1	0.229	229.0	0.01	143.0	candidate_kenya_pair_007	.	0	0	1	1	0	0	0	0	0	0	1	1	1	1	False	.	.	False	6	6
CGREF1	1	1	0.073	121.0	0.013	118.0	candidate_kenya_pair_008	.	0	0	1	1	0	0	0	0	0	0	1	1	1	1	False	.	.	False	6	6
CHADL	1	1	0.125	31.0	0.053	27.0	candidate_kenya_pair_014	.	0	0	1	1	0	0	0	0	0	0	1	1	1	1	False	.	.	False	6	6
CHD7	1	1	0.109	140.0	0.024	55.0	candidate_kenya_pair_012	.	0	0	1	1	0	0	0	0	0	0	1	1	1	1	False	.	.	False	6	6
CHD9	1	1	0.109	53.0	0.056	28.0	candidate_kenya_pair_020	.	0	0	1	1	0	0	0	0	0	0	1	1	1	1	False	.	.	False	6	6
CHEK1	2	2	0.2005	119.0	0.028999999999999998	74.5	candidate_kenya_pair_006,candidate_kenya_pair_019	.	0	0	1	1	0	0	1	1	0	0	1	1	1	1	False	.	.	False	6	6
CHGB	3	4	0.092	61.0	0.046	30.0	candidate_kenya_pair_001,candidate_kenya_pair_007,candidate_kenya_pair_013	.	0	0	1	1	0	0	2	3	0	0	1	1	1	1	False	.	.	False	6	6
CHIC2	2	2	0.107	52.0	0.055	33.5	candidate_kenya_pair_012,candidate_kenya_pair_013	.	0	0	1	1	0	0	1	1	0	0	1	1	1	1	False	.	.	False	6	6
CHMP2A	4	5	0.063	120.0	0.022	65.0	candidate_kenya_pair_002,candidate_kenya_pair_013,candidate_kenya_pair_020,candidate_kenya_pair_021	.	0	0	1	1	1	1	3	3	0	0	1	1	1	1	False	.	.	False	6	6
CHPT1	1	1	0.091	46.0	0.067	24.0	candidate_kenya_pair_010	.	0	0	1	1	0	0	0	0	0	0	1	1	1	1	False	.	.	False	6	6
CHRD	1	1	0.149	44.0	0.04	31.0	candidate_kenya_pair_013	.	0	0	1	1	0	0	0	0	0	0	1	1	1	1	False	.	.	False	6	6
CHRNG	2	2	0.042499999999999996	365.5	0.0068795	243.5	candidate_kenya_pair_013,candidate_kenya_pair_020	.	0	0	1	1	0	0	1	1	0	0	1	1	1	1	False	.	.	False	6	6
CHST2	1	1	0.133	252.0	0.006337	230.0	candidate_kenya_pair_013	.	0	0	1	1	0	0	0	0	0	0	1	1	1	1	False	.	.	False	6	6
CIB1	2	2	0.1785	131.5	0.025	98.5	candidate_kenya_pair_013,candidate_kenya_pair_019	.	0	0	1	1	0	0	1	1	0	0	1	1	1	1	False	.	.	False	6	6
CIC	2	3	0.125	314.0	0.014	101.0	candidate_kenya_pair_007,candidate_kenya_pair_013	.	0	0	1	1	1	1	1	1	0	0	1	1	1	1	False	.	.	False	6	6
CIITA	1	1	0.051	131.0	0.031	50.0	candidate_kenya_pair_009	.	0	0	1	1	0	0	0	0	0	0	1	1	1	1	False	.	.	False	6	6
CITED2	1	1	0.147	230.0	0.013	129.0	candidate_kenya_pair_007	.	0	0	1	1	0	0	0	0	0	0	1	1	1	1	False	.	.	False	6	6
CLCA2	2	2	0.0805	90.5	0.032	56.5	candidate_kenya_pair_003,candidate_kenya_pair_007	.	0	0	1	1	0	0	1	1	0	0	1	1	1	1	False	.	.	False	6	6
CLCN1	1	1	0.063	97.0	0.04	33.0	candidate_kenya_pair_003	.	0	0	1	1	0	0	0	0	0	0	1	1	1	1	False	.	.	False	6	6
CLCN7	2	3	0.059	192.0	0.008417	173.0	candidate_kenya_pair_013,candidate_kenya_pair_021	.	0	0	1	1	0	0	2	2	0	0	1	1	1	1	False	.	.	False	6	6
CLEC16A	3	3	0.075	89.0	0.032	35.0	candidate_kenya_pair_004,candidate_kenya_pair_013,candidate_kenya_pair_019	.	0	0	1	1	0	0	2	2	0	0	1	1	1	1	False	.	.	False	6	6
CLGN	1	1	0.233	90.0	0.024	55.0	candidate_kenya_pair_009	.	0	0	1	1	0	0	0	0	0	0	1	1	1	1	False	.	.	False	6	6
CLIC6	1	1	0.073	58.0	0.032	45.0	candidate_kenya_pair_013	.	0	0	1	1	0	0	0	0	0	0	1	1	1	1	False	.	.	False	6	6
CLINT1	2	2	0.10200000000000001	82.0	0.0335	44.5	candidate_kenya_pair_001,candidate_kenya_pair_014	.	0	0	1	1	1	1	0	0	0	0	1	1	1	1	False	.	.	False	6	6
CLK3	1	1	0.103	44.0	0.043	29.0	candidate_kenya_pair_013	.	0	0	1	1	0	0	0	0	0	0	1	1	1	1	False	.	.	False	6	6
CLOCK	1	1	0.068	92.0	0.014	109.0	candidate_kenya_pair_013	.	0	0	1	1	0	0	0	0	0	0	1	1	1	1	False	.	.	False	6	6
CLTC	1	1	0.04	118.0	0.048	31.0	candidate_kenya_pair_004	.	0	0	1	1	0	0	0	0	0	0	1	1	1	1	False	.	.	False	6	6
CNGB1	4	4	0.119	93.5	0.045	34.5	candidate_kenya_pair_005,candidate_kenya_pair_006,candidate_kenya_pair_008,candidate_kenya_pair_019	.	0	0	1	1	0	0	3	3	0	0	1	1	1	1	False	.	.	False	6	6
CNGB3	3	3	0.111	40.0	0.056	24.0	candidate_kenya_pair_009,candidate_kenya_pair_012,candidate_kenya_pair_014	.	0	0	1	1	0	0	2	2	0	0	1	1	1	1	False	.	.	False	6	6
CNKSR2	2	2	0.08449999999999999	49.5	0.035500000000000004	42.0	candidate_kenya_pair_003,candidate_kenya_pair_008	.	0	0	1	1	0	0	1	1	0	0	1	1	1	1	False	.	.	False	6	6
CNNM2	1	2	0.219	209.5	0.0120795	234.5	candidate_kenya_pair_013	.	0	0	1	1	0	0	1	1	0	0	1	1	1	1	False	.	.	False	6	6
CNOT7	2	2	0.0865	87.5	0.043	41.5	candidate_kenya_pair_010,candidate_kenya_pair_018	.	0	0	1	1	0	0	1	1	0	0	1	1	1	1	False	.	.	False	6	6
CNPY1	1	1	0.063	89.0	0.042	34.0	candidate_kenya_pair_015	.	0	0	1	1	0	0	0	0	0	0	1	1	1	1	False	.	.	False	6	6
CNR2	2	3	0.16	45.0	0.05	31.0	candidate_kenya_pair_006,candidate_kenya_pair_010	.	0	0	1	1	0	0	1	2	0	0	1	1	1	1	False	.	.	False	6	6
CNST	1	1	0.042	179.0	0.013	126.0	candidate_kenya_pair_014	.	0	0	1	1	0	0	0	0	0	0	1	1	1	1	False	.	.	False	6	6
CNTLN	4	4	0.1515	63.0	0.0335	50.0	candidate_kenya_pair_010,candidate_kenya_pair_012,candidate_kenya_pair_013,candidate_kenya_pair_019	.	0	0	1	1	0	0	3	3	0	0	1	1	1	1	False	.	.	False	6	6
CNTN3	2	2	0.10749999999999998	87.5	0.0341815	86.5	candidate_kenya_pair_013,candidate_kenya_pair_017	.	0	0	1	1	0	0	1	1	0	0	1	1	1	1	False	.	.	False	6	6
CNTRL	2	2	0.2075	48.0	0.0615	39.0	candidate_kenya_pair_013,candidate_kenya_pair_019	.	0	0	1	1	0	0	1	1	0	0	1	1	1	1	False	.	.	False	6	6
COL17A1	2	2	0.1795	116.0	0.028	49.5	candidate_kenya_pair_003,candidate_kenya_pair_007	.	0	0	1	1	0	0	1	1	0	0	1	1	1	1	False	.	.	False	6	6
COL4A1	3	3	0.057	157.0	0.016	148.0	candidate_kenya_pair_001,candidate_kenya_pair_010,candidate_kenya_pair_013	.	0	0	1	1	0	0	2	2	0	0	1	1	1	1	False	.	.	False	6	6
COL4A6	2	2	0.1015	43.5	0.061	24.0	candidate_kenya_pair_008,candidate_kenya_pair_009	.	0	0	1	1	0	0	1	1	0	0	1	1	1	1	False	.	.	False	6	6
COL5A3	3	4	0.14150000000000001	87.0	0.03	50.5	candidate_kenya_pair_003,candidate_kenya_pair_006,candidate_kenya_pair_012	.	0	0	1	1	0	0	3	3	0	0	1	1	1	1	False	.	.	False	6	6
COL9A3	5	5	0.055	132.0	0.024	59.0	candidate_kenya_pair_005,candidate_kenya_pair_007,candidate_kenya_pair_013,candidate_kenya_pair_019,candidate_kenya_pair_021	.	0	0	1	1	1	1	3	3	0	0	1	1	1	1	False	.	.	False	6	6
COMMD8	1	1	0.071	60.0	0.037	38.0	candidate_kenya_pair_014	.	0	0	1	1	0	0	0	0	0	0	1	1	1	1	False	.	.	False	6	6
COPA	2	3	0.288	112.0	0.022	79.0	candidate_kenya_pair_006,candidate_kenya_pair_013	.	0	0	1	1	1	1	1	1	0	0	1	1	1	1	False	.	.	False	6	6
COPB1	1	1	0.111	39.0	0.035	43.0	candidate_kenya_pair_015	.	0	0	1	1	0	0	0	0	0	0	1	1	1	1	False	.	.	False	6	6
COQ4	1	1	0.107	43.0	0.037	41.0	candidate_kenya_pair_008	.	0	0	1	1	0	0	0	0	0	0	1	1	1	1	False	.	.	False	6	6
CORO6	1	1	0.008496	2239.0	0.019	67.0	candidate_kenya_pair_007	.	0	0	1	1	0	0	0	0	0	0	1	1	1	1	False	.	.	False	6	6
CPAMD8	2	2	0.5175	84.0	0.027000000000000003	49.5	candidate_kenya_pair_001,candidate_kenya_pair_006	.	0	0	1	1	0	0	1	1	0	0	1	1	1	1	False	.	.	False	6	6
CPB1	1	1	0.113	92.0	0.036	45.0	candidate_kenya_pair_006	.	0	0	1	1	0	0	0	0	0	0	1	1	1	1	False	.	.	False	6	6
CPED1	3	3	0.096	44.0	0.055	23.0	candidate_kenya_pair_003,candidate_kenya_pair_012,candidate_kenya_pair_013	.	0	0	1	1	0	0	2	2	0	0	1	1	1	1	False	.	.	False	6	6
CPLX2	2	2	0.0575	86.0	0.0335	40.0	candidate_kenya_pair_013,candidate_kenya_pair_014	.	0	0	1	1	0	0	1	1	0	0	1	1	1	1	False	.	.	False	6	6
CPNE7	2	2	0.236	248.5	0.0159015	188.5	candidate_kenya_pair_008,candidate_kenya_pair_009	.	0	0	1	1	1	1	0	0	0	0	1	1	1	1	False	.	.	False	6	6
CPO	2	2	0.13799999999999998	106.5	0.035500000000000004	52.5	candidate_kenya_pair_004,candidate_kenya_pair_010	.	0	0	1	1	0	0	1	1	0	0	1	1	1	1	False	.	.	False	6	6
CPT1B	3	5	0.118	59.0	0.028	45.0	candidate_kenya_pair_005,candidate_kenya_pair_006,candidate_kenya_pair_012	.	0	0	1	1	0	0	2	4	0	0	1	1	1	1	False	.	.	False	6	6
CPT1C	1	1	0.186	166.0	0.009079	170.0	candidate_kenya_pair_013	.	0	0	1	1	0	0	0	0	0	0	1	1	1	1	False	.	.	False	6	6
CR1	1	1	0.171	56.0	0.017	97.0	candidate_kenya_pair_006	.	0	0	1	1	0	0	0	0	0	0	1	1	1	1	False	.	.	False	6	6
CR1L	1	1	0.108	222.0	0.006706	226.0	candidate_kenya_pair_013	.	0	0	1	1	0	0	0	0	0	0	1	1	1	1	False	.	.	False	6	6
CRACD	2	3	0.114	41.0	0.028	43.0	candidate_kenya_pair_004,candidate_kenya_pair_013	.	0	0	1	1	0	0	1	2	0	0	1	1	1	1	False	.	.	False	6	6
CRADD	1	1	0.036	267.0	0.012	130.0	candidate_kenya_pair_006	.	0	0	1	1	0	0	0	0	0	0	1	1	1	1	False	.	.	False	6	6
CREB3L1	3	3	0.12	33.0	0.046	24.0	candidate_kenya_pair_002,candidate_kenya_pair_007,candidate_kenya_pair_008	.	0	0	1	1	0	0	2	2	0	0	1	1	1	1	False	.	.	False	6	6
CREB3L3	1	2	0.1145	60.5	0.047	27.5	candidate_kenya_pair_018	.	0	0	1	1	0	0	1	1	0	0	1	1	1	1	False	.	.	False	6	6
CRTC1	2	2	0.108	73.5	0.044500000000000005	39.0	candidate_kenya_pair_006,candidate_kenya_pair_007	.	0	0	1	1	0	0	1	1	0	0	1	1	1	1	False	.	.	False	6	6
CRYBB2	1	1	0.322	436.0	0.014	334.0	candidate_kenya_pair_013	.	0	0	1	1	0	0	0	0	0	0	1	1	1	1	False	.	.	False	6	6
CRYBG3	3	3	0.086	76.0	0.028	45.0	candidate_kenya_pair_003,candidate_kenya_pair_004,candidate_kenya_pair_014	.	0	0	1	1	1	1	1	1	0	0	1	1	1	1	False	.	.	False	6	6
CRYZL1	1	1	0.24	157.0	0.023	64.0	candidate_kenya_pair_018	.	0	0	1	1	0	0	0	0	0	0	1	1	1	1	False	.	.	False	6	6
CSDE1	1	1	0.094	58.0	0.024	60.0	candidate_kenya_pair_019	.	0	0	1	1	0	0	0	0	0	0	1	1	1	1	False	.	.	False	6	6
CSE1L	2	2	0.0675	74.5	0.0345	40.0	candidate_kenya_pair_003,candidate_kenya_pair_004	.	0	0	1	1	0	0	1	1	0	0	1	1	1	1	False	.	.	False	6	6
CSH1	1	2	0.30400000000000005	135.5	0.03	57.0	candidate_kenya_pair_006	.	0	0	1	1	0	0	1	1	0	0	1	1	1	1	False	.	.	False	6	6
CSH2	2	2	0.1215	173.0	0.0175	98.5	candidate_kenya_pair_004,candidate_kenya_pair_006	.	0	0	1	1	0	0	1	1	0	0	1	1	1	1	False	.	.	False	6	6
CSNK1E	3	3	0.128	80.0	0.022	60.0	candidate_kenya_pair_002,candidate_kenya_pair_012,candidate_kenya_pair_013	.	0	0	1	1	0	0	2	2	0	0	1	1	1	1	False	.	.	False	6	6
CSPG4	1	1	0.296	198.0	0.011	134.0	candidate_kenya_pair_008	.	0	0	1	1	0	0	0	0	0	0	1	1	1	1	False	.	.	False	6	6
CSPG5	2	2	0.094	186.0	0.026895000000000002	173.0	candidate_kenya_pair_002,candidate_kenya_pair_013	.	0	0	1	1	0	0	1	1	0	0	1	1	1	1	False	.	.	False	6	6
CSTA	1	1	0.304	127.0	0.028	56.0	candidate_kenya_pair_010	.	0	0	1	1	0	0	0	0	0	0	1	1	1	1	False	.	.	False	6	6
CSTF2T	1	1	0.035	171.0	0.011	128.0	candidate_kenya_pair_020	.	0	0	1	1	0	0	0	0	0	0	1	1	1	1	False	.	.	False	6	6
CTAGE6	1	1	0.171	166.0	0.015	87.0	candidate_kenya_pair_006	.	0	0	1	1	0	0	0	0	0	0	1	1	1	1	False	.	.	False	6	6
CTAGE8	1	1	0.187	15.0	0.083	10.0	candidate_kenya_pair_014	.	0	0	1	1	0	0	0	0	0	0	1	1	1	1	False	.	.	False	6	6
CTDSPL2	3	3	0.099	42.0	0.077	17.0	candidate_kenya_pair_007,candidate_kenya_pair_015,candidate_kenya_pair_020	.	0	0	1	1	0	0	2	2	0	0	1	1	1	1	False	.	.	False	6	6
CTNNA2	4	4	0.118	47.0	0.0545	28.0	candidate_kenya_pair_003,candidate_kenya_pair_009,candidate_kenya_pair_013,candidate_kenya_pair_015	.	0	0	1	1	0	0	3	3	0	0	1	1	1	1	False	.	.	False	6	6
CTSA	3	4	0.11699999999999999	79.0	0.025	53.0	candidate_kenya_pair_013,candidate_kenya_pair_015,candidate_kenya_pair_017	.	0	0	1	1	0	0	2	3	0	0	1	1	1	1	False	.	.	False	6	6
CTSF	1	5	0.063	148.0	0.013	105.0	candidate_kenya_pair_013	.	0	0	1	1	1	1	1	3	0	0	1	1	1	1	False	.	.	False	6	6
CTSS	2	2	0.1115	80.5	0.050499999999999996	69.0	candidate_kenya_pair_012,candidate_kenya_pair_013	.	0	0	1	1	0	0	1	1	0	0	1	1	1	1	False	.	.	False	6	6
CUBN	3	3	0.092	57.0	0.045	26.0	candidate_kenya_pair_005,candidate_kenya_pair_011,candidate_kenya_pair_020	.	0	0	1	1	0	0	2	2	0	0	1	1	1	1	False	.	.	False	6	6
CUL1	2	2	0.11750000000000001	76.5	0.04	36.5	candidate_kenya_pair_007,candidate_kenya_pair_015	.	0	0	1	1	1	1	0	0	0	0	1	1	1	1	False	.	.	False	6	6
CUL4B	2	2	0.1975	100.5	0.0565	32.0	candidate_kenya_pair_018,candidate_kenya_pair_020	.	0	0	1	1	0	0	1	1	0	0	1	1	1	1	False	.	.	False	6	6
CUL5	1	1	0.043	149.0	0.016	102.0	candidate_kenya_pair_014	.	0	0	1	1	0	0	0	0	0	0	1	1	1	1	False	.	.	False	6	6
CUZD1	2	2	0.078	88.0	0.057	57.0	candidate_kenya_pair_001,candidate_kenya_pair_012	.	0	0	1	1	0	0	1	1	0	0	1	1	1	1	False	.	.	False	6	6
CWC22	1	1	0.066	76.0	0.032	46.0	candidate_kenya_pair_019	.	0	0	1	1	0	0	0	0	0	0	1	1	1	1	False	.	.	False	6	6
CXCR6	1	1	0.976	125.0	0.024	61.0	candidate_kenya_pair_006	.	0	0	1	1	0	0	0	0	0	0	1	1	1	1	False	.	.	False	6	6
CXorf40A	1	1	0.215	730.0	0.004517	358.0	candidate_kenya_pair_006	.	0	0	1	1	0	0	0	0	0	0	1	1	1	1	False	.	.	False	6	6
CYLC2	1	1	0.186	94.0	0.025	135.0	candidate_kenya_pair_012	.	0	0	1	1	0	0	0	0	0	0	1	1	1	1	False	.	.	False	6	6
CYP1A1	1	1	0.064	80.0	0.054	25.0	candidate_kenya_pair_003	.	0	0	1	1	0	0	0	0	0	0	1	1	1	1	False	.	.	False	6	6
CYP3A4	2	2	0.0915	53.5	0.032	40.5	candidate_kenya_pair_013,candidate_kenya_pair_019	.	0	0	1	1	0	0	1	1	0	0	1	1	1	1	False	.	.	False	6	6
CYSLTR1	1	1	0.041	181.0	0.012	132.0	candidate_kenya_pair_012	.	0	0	1	1	0	0	0	0	0	0	1	1	1	1	False	.	.	False	6	6
CZIB	1	1	0.086	68.0	0.042	40.0	candidate_kenya_pair_003	.	0	0	1	1	0	0	0	0	0	0	1	1	1	1	False	.	.	False	6	6
DACT3	3	3	0.13	36.0	0.077	13.0	candidate_kenya_pair_008,candidate_kenya_pair_010,candidate_kenya_pair_021	.	0	0	1	1	0	0	2	2	0	0	1	1	1	1	False	.	.	False	6	6
DAGLB	2	2	0.189	102.5	0.0204305	123.5	candidate_kenya_pair_012,candidate_kenya_pair_013	.	0	0	1	1	0	0	1	1	0	0	1	1	1	1	False	.	.	False	6	6
DBN1	1	1	0.035	202.0	0.034	49.0	candidate_kenya_pair_015	.	0	0	1	1	0	0	0	0	0	0	1	1	1	1	False	.	.	False	6	6
DCAF1	1	1	0.078	83.0	0.019	91.0	candidate_kenya_pair_013	.	0	0	1	1	0	0	0	0	0	0	1	1	1	1	False	.	.	False	6	6
DCAF15	2	2	0.073	140.0	0.0235	60.0	candidate_kenya_pair_018,candidate_kenya_pair_019	.	0	0	1	1	0	0	1	1	0	0	1	1	1	1	False	.	.	False	6	6
DCAF17	1	1	0.176	29.0	0.067	24.0	candidate_kenya_pair_014	.	0	0	1	1	0	0	0	0	0	0	1	1	1	1	False	.	.	False	6	6
DCC	3	4	0.128	50.5	0.046	25.0	candidate_kenya_pair_009,candidate_kenya_pair_012,candidate_kenya_pair_014	.	0	0	1	1	0	0	3	3	0	0	1	1	1	1	False	.	.	False	6	6
DCHS1	1	1	0.099	363.0	0.011	273.0	candidate_kenya_pair_016	.	0	0	1	1	0	0	0	0	0	0	1	1	1	1	False	.	.	False	6	6
DCLK2	3	3	0.071	66.0	0.061	33.0	candidate_kenya_pair_010,candidate_kenya_pair_013,candidate_kenya_pair_015	.	0	0	1	1	0	0	2	2	0	0	1	1	1	1	False	.	.	False	6	6
DCLRE1A	2	2	0.118	115.5	0.0502305	82.0	candidate_kenya_pair_012,candidate_kenya_pair_013	.	0	0	1	1	0	0	1	1	0	0	1	1	1	1	False	.	.	False	6	6
DCTN1	2	2	0.073	81.0	0.0485	43.0	candidate_kenya_pair_007,candidate_kenya_pair_013	.	0	0	1	1	0	0	1	1	0	0	1	1	1	1	False	.	.	False	6	6
DDHD2	2	2	0.037	225.0	0.041	32.0	candidate_kenya_pair_008,candidate_kenya_pair_015	.	0	0	1	1	0	0	1	1	0	0	1	1	1	1	False	.	.	False	6	6
DDX11	2	6	0.955	69.0	0.037000000000000005	36.5	candidate_kenya_pair_006,candidate_kenya_pair_012	.	0	0	1	1	1	1	2	4	0	0	1	1	1	1	False	.	.	False	6	6
DDX4	1	1	0.143	49.0	0.065	19.0	candidate_kenya_pair_018	.	0	0	1	1	0	0	0	0	0	0	1	1	1	1	False	.	.	False	6	6
DDX49	3	3	0.069	83.0	0.033	42.0	candidate_kenya_pair_001,candidate_kenya_pair_013,candidate_kenya_pair_019	.	0	0	1	1	1	1	1	1	0	0	1	1	1	1	False	.	.	False	6	6
DDX50	1	1	0.07	66.0	0.037	42.0	candidate_kenya_pair_014	.	0	0	1	1	0	0	0	0	0	0	1	1	1	1	False	.	.	False	6	6
DDX60L	3	3	0.111	53.0	0.048	31.0	candidate_kenya_pair_002,candidate_kenya_pair_009,candidate_kenya_pair_019	.	0	0	1	1	0	0	2	2	0	0	1	1	1	1	False	.	.	False	6	6
DENND2C	2	2	0.07250000000000001	104.0	0.0205	97.5	candidate_kenya_pair_006,candidate_kenya_pair_013	.	0	0	1	1	0	0	1	1	0	0	1	1	1	1	False	.	.	False	6	6
DGKA	1	1	0.041	156.0	0.024	58.0	candidate_kenya_pair_010	.	0	0	1	1	0	0	0	0	0	0	1	1	1	1	False	.	.	False	6	6
DGKG	1	2	0.5015	87.0	0.0415	50.5	candidate_kenya_pair_006	.	0	0	1	1	0	0	1	1	0	0	1	1	1	1	False	.	.	False	6	6
DGKH	3	3	0.093	40.0	0.038	37.0	candidate_kenya_pair_003,candidate_kenya_pair_004,candidate_kenya_pair_008	.	0	0	1	1	0	0	2	2	0	0	1	1	1	1	False	.	.	False	6	6
DHH	1	1	0.055	288.0	0.00584	244.0	candidate_kenya_pair_013	.	0	0	1	1	0	0	0	0	0	0	1	1	1	1	False	.	.	False	6	6
DHRS2	1	1	0.047	135.0	0.033	48.0	candidate_kenya_pair_017	.	0	0	1	1	0	0	0	0	0	0	1	1	1	1	False	.	.	False	6	6
DHX29	1	1	0.15	49.0	0.067	22.0	candidate_kenya_pair_004	.	0	0	1	1	0	0	0	0	0	0	1	1	1	1	False	.	.	False	6	6
DHX30	1	1	0.05	104.0	0.024	43.0	candidate_kenya_pair_017	.	0	0	1	1	0	0	0	0	0	0	1	1	1	1	False	.	.	False	6	6
DHX33	1	1	0.064	103.0	0.031	45.0	candidate_kenya_pair_014	.	0	0	1	1	0	0	0	0	0	0	1	1	1	1	False	.	.	False	6	6
DHX34	2	2	0.0555	93.5	0.051000000000000004	25.5	candidate_kenya_pair_020,candidate_kenya_pair_021	.	0	0	1	1	0	0	1	1	0	0	1	1	1	1	False	.	.	False	6	6
DIXDC1	1	1	0.075	101.0	0.024	61.0	candidate_kenya_pair_003	.	0	0	1	1	0	0	0	0	0	0	1	1	1	1	False	.	.	False	6	6
DLST	3	3	0.095	51.0	0.056	30.0	candidate_kenya_pair_003,candidate_kenya_pair_008,candidate_kenya_pair_021	.	0	0	1	1	0	0	2	2	0	0	1	1	1	1	False	.	.	False	6	6
DLX2	1	1	0.038	213.0	0.013	123.0	candidate_kenya_pair_012	.	0	0	1	1	0	0	0	0	0	0	1	1	1	1	False	.	.	False	6	6
DMPK	1	1	0.386	267.0	0.009921	163.0	candidate_kenya_pair_006	.	0	0	1	1	0	0	0	0	0	0	1	1	1	1	False	.	.	False	6	6
DMRTB1	1	1	0.125	30.0	0.077	16.0	candidate_kenya_pair_007	.	0	0	1	1	0	0	0	0	0	0	1	1	1	1	False	.	.	False	6	6
DMXL2	2	2	0.523	104.5	0.020999999999999998	71.0	candidate_kenya_pair_006,candidate_kenya_pair_008	.	0	0	1	1	0	0	1	1	0	0	1	1	1	1	False	.	.	False	6	6
DNA2	1	1	0.039	194.0	0.023	66.0	candidate_kenya_pair_020	.	0	0	1	1	0	0	0	0	0	0	1	1	1	1	False	.	.	False	6	6
DNAAF1	1	1	0.074	61.0	0.059	23.0	candidate_kenya_pair_007	.	0	0	1	1	0	0	0	0	0	0	1	1	1	1	False	.	.	False	6	6
DNAH10	2	3	0.177	70.0	0.04	34.0	candidate_kenya_pair_008,candidate_kenya_pair_013	.	0	0	1	1	0	0	1	2	0	0	1	1	1	1	False	.	.	False	6	6
DNAJC1	1	1	0.033	224.0	0.007418	199.0	candidate_kenya_pair_013	.	0	0	1	1	0	0	0	0	0	0	1	1	1	1	False	.	.	False	6	6
DNAJC25	1	1	0.07	63.0	0.052	24.0	candidate_kenya_pair_018	.	0	0	1	1	0	0	0	0	0	0	1	1	1	1	False	.	.	False	6	6
DNASE2	2	2	0.074	77.0	0.042	42.0	candidate_kenya_pair_013,candidate_kenya_pair_021	.	0	0	1	1	0	0	1	1	0	0	1	1	1	1	False	.	.	False	6	6
DNER	1	1	0.074	91.0	0.035	44.0	candidate_kenya_pair_007	.	0	0	1	1	0	0	0	0	0	0	1	1	1	1	False	.	.	False	6	6
DNHD1	1	1	0.038	238.0	0.015	88.0	candidate_kenya_pair_009	.	0	0	1	1	0	0	0	0	0	0	1	1	1	1	False	.	.	False	6	6
DNM2	3	3	0.21	58.0	0.04	39.0	candidate_kenya_pair_006,candidate_kenya_pair_007,candidate_kenya_pair_020	.	0	0	1	1	0	0	2	2	0	0	1	1	1	1	False	.	.	False	6	6
DOC2A	2	2	0.122	124.0	0.059500000000000004	46.5	candidate_kenya_pair_003,candidate_kenya_pair_004	.	0	0	1	1	0	0	1	1	0	0	1	1	1	1	False	.	.	False	6	6
DOCK2	4	5	0.094	57.0	0.048	22.0	candidate_kenya_pair_006,candidate_kenya_pair_007,candidate_kenya_pair_013,candidate_kenya_pair_014	.	0	0	1	1	0	0	3	4	0	0	1	1	1	1	False	.	.	False	6	6
DOCK5	4	8	0.152	21.5	0.0635	18.5	candidate_kenya_pair_010,candidate_kenya_pair_012,candidate_kenya_pair_013,candidate_kenya_pair_015	.	0	0	1	1	0	0	3	7	0	0	1	1	1	1	False	.	.	False	6	6
DPAGT1	2	2	0.1875	96.5	0.0195	89.0	candidate_kenya_pair_013,candidate_kenya_pair_017	.	0	0	1	1	0	0	1	1	0	0	1	1	1	1	False	.	.	False	6	6
DSCAM	2	2	0.1205	56.0	0.0475	30.0	candidate_kenya_pair_007,candidate_kenya_pair_008	.	0	0	1	1	0	0	1	1	0	0	1	1	1	1	False	.	.	False	6	6
DSG2	1	1	0.05	232.0	0.012	130.0	candidate_kenya_pair_006	.	0	0	1	1	0	0	0	0	0	0	1	1	1	1	False	.	.	False	6	6
DST	3	5	0.965	86.0	0.023	63.0	candidate_kenya_pair_002,candidate_kenya_pair_003,candidate_kenya_pair_006	.	0	0	1	1	1	1	3	3	0	0	1	1	1	1	False	.	.	False	6	6
DUOX1	1	1	0.036	160.0	0.017	81.0	candidate_kenya_pair_014	.	0	0	1	1	0	0	0	0	0	0	1	1	1	1	False	.	.	False	6	6
DVL3	3	3	0.072	96.0	0.034	32.0	candidate_kenya_pair_003,candidate_kenya_pair_015,candidate_kenya_pair_020	.	0	0	1	1	0	0	2	2	0	0	1	1	1	1	False	.	.	False	6	6
DYNC1H1	5	6	0.088	73.5	0.032	39.5	candidate_kenya_pair_001,candidate_kenya_pair_004,candidate_kenya_pair_013,candidate_kenya_pair_017,candidate_kenya_pair_019	.	0	0	1	1	1	1	4	4	0	0	1	1	1	1	False	.	.	False	6	6
DYNC1I1	1	1	0.341	204.0	0.022	72.0	candidate_kenya_pair_010	.	0	0	1	1	0	0	0	0	0	0	1	1	1	1	False	.	.	False	6	6
DYNC1I2	2	2	0.11	51.0	0.0545	34.5	candidate_kenya_pair_004,candidate_kenya_pair_019	.	0	0	1	1	1	1	0	0	0	0	1	1	1	1	False	.	.	False	6	6
DYNC2H1	1	1	0.113	112.0	0.015	99.0	candidate_kenya_pair_013	.	0	0	1	1	0	0	0	0	0	0	1	1	1	1	False	.	.	False	6	6
DYNC2LI1	2	2	0.11	63.5	0.047	38.0	candidate_kenya_pair_005,candidate_kenya_pair_006	.	0	0	1	1	0	0	1	1	0	0	1	1	1	1	False	.	.	False	6	6
DYNLT1	2	2	0.2235	66.5	0.062	31.0	candidate_kenya_pair_001,candidate_kenya_pair_015	.	0	0	1	1	0	0	1	1	0	0	1	1	1	1	False	.	.	False	6	6
ECE2	1	1	0.047	128.0	0.023	64.0	candidate_kenya_pair_001	.	0	0	1	1	0	0	0	0	0	0	1	1	1	1	False	.	.	False	6	6
ECHDC1	2	2	0.11499999999999999	72.5	0.025500000000000002	64.0	candidate_kenya_pair_008,candidate_kenya_pair_013	.	0	0	1	1	0	0	1	1	0	0	1	1	1	1	False	.	.	False	6	6
ECT2	1	1	0.077	65.0	0.059	23.0	candidate_kenya_pair_003	.	0	0	1	1	0	0	0	0	0	0	1	1	1	1	False	.	.	False	6	6
EDC4	1	1	0.041	157.0	0.015	103.0	candidate_kenya_pair_006	.	0	0	1	1	0	0	0	0	0	0	1	1	1	1	False	.	.	False	6	6
EEF2K	2	2	0.091	62.5	0.047	30.0	candidate_kenya_pair_015,candidate_kenya_pair_019	.	0	0	1	1	0	0	1	1	0	0	1	1	1	1	False	.	.	False	6	6
EFTUD2	2	2	0.3935	100.5	0.0135	112.0	candidate_kenya_pair_008,candidate_kenya_pair_013	.	0	0	1	1	0	0	1	1	0	0	1	1	1	1	False	.	.	False	6	6
EGFLAM	1	1	0.157	178.0	0.009616	168.0	candidate_kenya_pair_013	.	0	0	1	1	0	0	0	0	0	0	1	1	1	1	False	.	.	False	6	6
EHHADH	1	1	0.971	99.0	0.032	38.0	candidate_kenya_pair_006	.	0	0	1	1	0	0	0	0	0	0	1	1	1	1	False	.	.	False	6	6
EIF1AX	2	2	0.0955	63.5	0.053	37.5	candidate_kenya_pair_009,candidate_kenya_pair_012	.	0	0	1	1	1	1	0	0	0	0	1	1	1	1	False	.	.	False	6	6
EIF2AK1	2	2	0.13	77.5	0.0515	39.0	candidate_kenya_pair_003,candidate_kenya_pair_010	.	0	0	1	1	0	0	1	1	0	0	1	1	1	1	False	.	.	False	6	6
EIF2B5	1	1	0.086	97.0	0.011	131.0	candidate_kenya_pair_013	.	0	0	1	1	0	0	0	0	0	0	1	1	1	1	False	.	.	False	6	6
EIF3F	3	3	0.066	83.0	0.022	61.0	candidate_kenya_pair_013,candidate_kenya_pair_018,candidate_kenya_pair_019	.	0	0	1	1	0	0	2	2	0	0	1	1	1	1	False	.	.	False	6	6
EIF4A1	1	1	0.059	91.0	0.024	56.0	candidate_kenya_pair_015	.	0	0	1	1	0	0	0	0	0	0	1	1	1	1	False	.	.	False	6	6
EIF4G3	1	1	0.073	63.0	0.033	50.0	candidate_kenya_pair_017	.	0	0	1	1	0	0	0	0	0	0	1	1	1	1	False	.	.	False	6	6
EIF5	1	1	0.107	44.0	0.04	35.0	candidate_kenya_pair_017	.	0	0	1	1	0	0	0	0	0	0	1	1	1	1	False	.	.	False	6	6
EIF5AL1	1	1	0.132	199.0	0.014	93.0	candidate_kenya_pair_006	.	0	0	1	1	0	0	0	0	0	0	1	1	1	1	False	.	.	False	6	6
ELK1	2	2	0.522	64.5	0.038	37.0	candidate_kenya_pair_001,candidate_kenya_pair_006	.	0	0	1	1	0	0	1	1	0	0	1	1	1	1	False	.	.	False	6	6
ELMO2	2	2	0.08149999999999999	86.0	0.062	35.5	candidate_kenya_pair_001,candidate_kenya_pair_014	.	0	0	1	1	0	0	1	1	0	0	1	1	1	1	False	.	.	False	6	6
ELMO3	2	2	0.5	156.5	0.012198500000000001	112.0	candidate_kenya_pair_006,candidate_kenya_pair_014	.	0	0	1	1	0	0	1	1	0	0	1	1	1	1	False	.	.	False	6	6
ELOA3	1	1	0.034	529.0	0.005349	301.0	candidate_kenya_pair_009	.	0	0	1	1	0	0	0	0	0	0	1	1	1	1	False	.	.	False	6	6
EMC3	1	1	0.107	42.0	0.052	27.0	candidate_kenya_pair_021	.	0	0	1	1	0	0	0	0	0	0	1	1	1	1	False	.	.	False	6	6
EMILIN1	1	1	0.039	261.0	0.013	115.0	candidate_kenya_pair_003	.	0	0	1	1	0	0	0	0	0	0	1	1	1	1	False	.	.	False	6	6
EMILIN2	1	1	0.29	79.0	0.031	38.0	candidate_kenya_pair_007	.	0	0	1	1	0	0	0	0	0	0	1	1	1	1	False	.	.	False	6	6
EMILIN3	2	2	0.043	188.0	0.019999999999999997	53.0	candidate_kenya_pair_003,candidate_kenya_pair_007	.	0	0	1	1	1	1	0	0	0	0	1	1	1	1	False	.	.	False	6	6
EML2	2	2	0.11499999999999999	89.5	0.037000000000000005	38.0	candidate_kenya_pair_009,candidate_kenya_pair_020	.	0	0	1	1	0	0	1	1	0	0	1	1	1	1	False	.	.	False	6	6
EN1	1	1	0.179	11.0	0.057	21.0	candidate_kenya_pair_006	.	0	0	1	1	0	0	0	0	0	0	1	1	1	1	False	.	.	False	6	6
ENOSF1	1	1	0.056	102.0	0.041	36.0	candidate_kenya_pair_003	.	0	0	1	1	0	0	0	0	0	0	1	1	1	1	False	.	.	False	6	6
EOMES	1	1	0.098	253.0	0.007911	203.0	candidate_kenya_pair_013	.	0	0	1	1	0	0	0	0	0	0	1	1	1	1	False	.	.	False	6	6
EPAS1	2	2	0.541	110.5	0.0355	55.0	candidate_kenya_pair_006,candidate_kenya_pair_009	.	0	0	1	1	0	0	1	1	0	0	1	1	1	1	False	.	.	False	6	6
EPC1	3	3	0.191	52.0	0.041	23.0	candidate_kenya_pair_006,candidate_kenya_pair_017,candidate_kenya_pair_019	.	0	0	1	1	0	0	2	2	0	0	1	1	1	1	False	.	.	False	6	6
EPHA3	3	3	0.2	148.0	0.021	73.0	candidate_kenya_pair_004,candidate_kenya_pair_006,candidate_kenya_pair_013	.	0	0	1	1	0	0	2	2	0	0	1	1	1	1	False	.	.	False	6	6
EPHB1	2	2	0.079	161.0	0.0228705	119.0	candidate_kenya_pair_003,candidate_kenya_pair_013	.	0	0	1	1	0	0	1	1	0	0	1	1	1	1	False	.	.	False	6	6
EPHB2	3	3	0.113	61.0	0.03	48.0	candidate_kenya_pair_001,candidate_kenya_pair_004,candidate_kenya_pair_019	.	0	0	1	1	0	0	2	2	0	0	1	1	1	1	False	.	.	False	6	6
EPS8L2	1	1	0.084	84.0	0.053	24.0	candidate_kenya_pair_021	.	0	0	1	1	0	0	0	0	0	0	1	1	1	1	False	.	.	False	6	6
ERBB2	2	2	0.010348	1498.0	0.044000000000000004	53.5	candidate_kenya_pair_005,candidate_kenya_pair_007	.	0	0	1	1	0	0	1	1	0	0	1	1	1	1	False	.	.	False	6	6
ERBIN	2	2	0.05500000000000001	94.5	0.0295	61.0	candidate_kenya_pair_003,candidate_kenya_pair_013	.	0	0	1	1	0	0	1	1	0	0	1	1	1	1	False	.	.	False	6	6
ERCC3	2	2	0.074	125.0	0.028	74.5	candidate_kenya_pair_004,candidate_kenya_pair_007	.	0	0	1	1	0	0	1	1	0	0	1	1	1	1	False	.	.	False	6	6
ERCC5	2	3	0.136	46.0	0.045	31.0	candidate_kenya_pair_013,candidate_kenya_pair_018	.	0	0	1	1	0	0	1	2	0	0	1	1	1	1	False	.	.	False	6	6
ERCC6L	1	1	0.052	147.0	0.00934	157.0	candidate_kenya_pair_013	.	0	0	1	1	0	0	0	0	0	0	1	1	1	1	False	.	.	False	6	6
ERCC6L2	2	2	0.09	128.0	0.0462645	109.5	candidate_kenya_pair_010,candidate_kenya_pair_013	.	0	0	1	1	0	0	1	1	0	0	1	1	1	1	False	.	.	False	6	6
ERF	1	1	0.049	122.0	0.019	80.0	candidate_kenya_pair_021	.	0	0	1	1	0	0	0	0	0	0	1	1	1	1	False	.	.	False	6	6
ERFL	1	1	0.061	120.0	0.026	66.0	candidate_kenya_pair_004	.	0	0	1	1	0	0	0	0	0	0	1	1	1	1	False	.	.	False	6	6
ERICH3	1	1	0.076	154.0	0.022	73.0	candidate_kenya_pair_003	.	0	0	1	1	0	0	0	0	0	0	1	1	1	1	False	.	.	False	6	6
ERICH5	1	1	0.04	148.0	0.036	44.0	candidate_kenya_pair_001	.	0	0	1	1	0	0	0	0	0	0	1	1	1	1	False	.	.	False	6	6
ETV3L	1	1	0.975	124.0	0.02	72.0	candidate_kenya_pair_006	.	0	0	1	1	0	0	0	0	0	0	1	1	1	1	False	.	.	False	6	6
ETV6	1	1	0.411	229.0	0.014	117.0	candidate_kenya_pair_002	.	0	0	1	1	0	0	0	0	0	0	1	1	1	1	False	.	.	False	6	6
EVA1C	2	2	0.088	135.0	0.028254	122.0	candidate_kenya_pair_012,candidate_kenya_pair_013	.	0	0	1	1	0	0	1	1	0	0	1	1	1	1	False	.	.	False	6	6
EVPL	1	1	0.127	44.0	0.1	14.0	candidate_kenya_pair_021	.	0	0	1	1	0	0	0	0	0	0	1	1	1	1	False	.	.	False	6	6
EXD2	1	1	0.078	56.0	0.071	19.0	candidate_kenya_pair_003	.	0	0	1	1	0	0	0	0	0	0	1	1	1	1	False	.	.	False	6	6
EXOC3L2	2	2	0.10500000000000001	92.0	0.0335	70.0	candidate_kenya_pair_013,candidate_kenya_pair_018	.	0	0	1	1	0	0	1	1	0	0	1	1	1	1	False	.	.	False	6	6
EXOSC8	1	1	0.125	38.0	0.1	12.0	candidate_kenya_pair_015	.	0	0	1	1	0	0	0	0	0	0	1	1	1	1	False	.	.	False	6	6
EYA2	3	8	0.9595	39.0	0.042	27.0	candidate_kenya_pair_006,candidate_kenya_pair_013,candidate_kenya_pair_018	.	0	0	1	1	0	0	2	7	0	0	1	1	1	1	False	.	.	False	6	6
F5	2	2	0.5245	151.5	0.0175	87.0	candidate_kenya_pair_006,candidate_kenya_pair_008	.	0	0	1	1	1	1	0	0	0	0	1	1	1	1	False	.	.	False	6	6
F7	2	3	0.074	113.0	0.027	43.0	candidate_kenya_pair_003,candidate_kenya_pair_005	.	0	0	1	1	0	0	2	2	0	0	1	1	1	1	False	.	.	False	6	6
FAHD1	1	1	0.054	1305.0	0.009586	159.0	candidate_kenya_pair_010	.	0	0	1	1	0	0	0	0	0	0	1	1	1	1	False	.	.	False	6	6
FAIM	1	1	0.96	82.0	0.033	48.0	candidate_kenya_pair_006	.	0	0	1	1	0	0	0	0	0	0	1	1	1	1	False	.	.	False	6	6
FAM117B	1	1	0.157	27.0	0.042	38.0	candidate_kenya_pair_004	.	0	0	1	1	0	0	0	0	0	0	1	1	1	1	False	.	.	False	6	6
FAM13B	2	2	0.1295	123.0	0.0445	63.0	candidate_kenya_pair_018,candidate_kenya_pair_020	.	0	0	1	1	0	0	1	1	0	0	1	1	1	1	False	.	.	False	6	6
FAM149A	1	1	0.973	103.0	0.024	56.0	candidate_kenya_pair_006	.	0	0	1	1	0	0	0	0	0	0	1	1	1	1	False	.	.	False	6	6
FAM149B1	1	1	0.097	67.0	0.04	35.0	candidate_kenya_pair_020	.	0	0	1	1	0	0	0	0	0	0	1	1	1	1	False	.	.	False	6	6
FAM155B	2	2	0.552	127.5	0.016	90.5	candidate_kenya_pair_006,candidate_kenya_pair_008	.	0	0	1	1	0	0	1	1	0	0	1	1	1	1	False	.	.	False	6	6
FAM174B	2	2	0.0695	95.0	0.036500000000000005	49.0	candidate_kenya_pair_008,candidate_kenya_pair_021	.	0	0	1	1	0	0	1	1	0	0	1	1	1	1	False	.	.	False	6	6
FAM210A	1	1	0.054	162.0	0.022	77.0	candidate_kenya_pair_006	.	0	0	1	1	0	0	0	0	0	0	1	1	1	1	False	.	.	False	6	6
FAM218A	1	1	0.828	81.0	0.03	48.0	candidate_kenya_pair_006	.	0	0	1	1	0	0	0	0	0	0	1	1	1	1	False	.	.	False	6	6
FAM221B	1	1	0.041	158.0	0.021	66.0	candidate_kenya_pair_019	.	0	0	1	1	0	0	0	0	0	0	1	1	1	1	False	.	.	False	6	6
FAM25G	1	1	0.307	29.0	0.068	13.0	candidate_kenya_pair_007	.	0	0	1	1	0	0	0	0	0	0	1	1	1	1	False	.	.	False	6	6
FAM71E1	1	1	0.156	26.0	0.083	14.0	candidate_kenya_pair_012	.	0	0	1	1	0	0	0	0	0	0	1	1	1	1	False	.	.	False	6	6
FAM83B	1	1	0.401	187.0	0.013	107.0	candidate_kenya_pair_019	.	0	0	1	1	0	0	0	0	0	0	1	1	1	1	False	.	.	False	6	6
FAM90A1	2	2	0.1225	39.5	0.052	34.0	candidate_kenya_pair_003,candidate_kenya_pair_013	.	0	0	1	1	0	0	1	1	0	0	1	1	1	1	False	.	.	False	6	6
FAM98A	1	1	0.168	150.0	0.016	102.0	candidate_kenya_pair_013	.	0	0	1	1	0	0	0	0	0	0	1	1	1	1	False	.	.	False	6	6
FAM9A	1	1	0.081	80.0	0.026	61.0	candidate_kenya_pair_015	.	0	0	1	1	0	0	0	0	0	0	1	1	1	1	False	.	.	False	6	6
FASN	3	3	0.078	64.0	0.031	44.0	candidate_kenya_pair_005,candidate_kenya_pair_006,candidate_kenya_pair_009	.	0	0	1	1	0	0	2	2	0	0	1	1	1	1	False	.	.	False	6	6
FAT2	1	1	0.075	64.0	0.036	42.0	candidate_kenya_pair_021	.	0	0	1	1	0	0	0	0	0	0	1	1	1	1	False	.	.	False	6	6
FBLN7	2	2	0.074	110.0	0.0395	53.5	candidate_kenya_pair_001,candidate_kenya_pair_019	.	0	0	1	1	0	0	1	1	0	0	1	1	1	1	False	.	.	False	6	6
FBN1	3	3	0.17	174.0	0.015	93.0	candidate_kenya_pair_006,candidate_kenya_pair_008,candidate_kenya_pair_013	.	0	0	1	1	0	0	2	2	0	0	1	1	1	1	False	.	.	False	6	6
FBRS	3	3	0.049	136.0	0.071	18.0	candidate_kenya_pair_007,candidate_kenya_pair_010,candidate_kenya_pair_014	.	0	0	1	1	1	1	1	1	0	0	1	1	1	1	False	.	.	False	6	6
FBXL12	1	1	0.082	58.0	0.058	19.0	candidate_kenya_pair_003	.	0	0	1	1	0	0	0	0	0	0	1	1	1	1	False	.	.	False	6	6
FBXO38	2	2	0.17149999999999999	29.0	0.0595	26.5	candidate_kenya_pair_018,candidate_kenya_pair_021	.	0	0	1	1	0	0	1	1	0	0	1	1	1	1	False	.	.	False	6	6
FBXO41	4	4	0.11049999999999999	42.5	0.044	30.5	candidate_kenya_pair_005,candidate_kenya_pair_011,candidate_kenya_pair_014,candidate_kenya_pair_017	.	0	0	1	1	0	0	3	3	0	0	1	1	1	1	False	.	.	False	6	6
FBXO42	2	2	0.2345	94.0	0.043500000000000004	48.5	candidate_kenya_pair_005,candidate_kenya_pair_007	.	0	0	1	1	0	0	1	1	0	0	1	1	1	1	False	.	.	False	6	6
FBXW10	1	2	0.523	157.0	0.024529000000000002	108.0	candidate_kenya_pair_006	.	0	0	1	1	1	1	0	0	0	0	1	1	1	1	False	.	.	False	6	6
FCN1	1	2	0.095	158.5	0.0225	61.5	candidate_kenya_pair_003	.	0	0	1	1	0	0	1	1	0	0	1	1	1	1	False	.	.	False	6	6
FCRL3	1	1	0.304	152.0	0.017	86.0	candidate_kenya_pair_007	.	0	0	1	1	0	0	0	0	0	0	1	1	1	1	False	.	.	False	6	6
FCRLA	1	1	0.973	113.0	0.015	101.0	candidate_kenya_pair_006	.	0	0	1	1	0	0	0	0	0	0	1	1	1	1	False	.	.	False	6	6
FDXR	3	6	0.14700000000000002	57.5	0.020999999999999998	66.5	candidate_kenya_pair_006,candidate_kenya_pair_008,candidate_kenya_pair_013	.	0	0	1	1	0	0	3	5	0	0	1	1	1	1	False	.	.	False	6	6
FEM1C	1	1	0.082	44.0	0.027	47.0	candidate_kenya_pair_019	.	0	0	1	1	0	0	0	0	0	0	1	1	1	1	False	.	.	False	6	6
FEZ2	2	2	0.159	128.0	0.0325	52.5	candidate_kenya_pair_003,candidate_kenya_pair_005	.	0	0	1	1	0	0	1	1	0	0	1	1	1	1	False	.	.	False	6	6
FEZF2	2	2	0.10450000000000001	203.5	0.022333	109.0	candidate_kenya_pair_007,candidate_kenya_pair_009	.	0	0	1	1	0	0	1	1	0	0	1	1	1	1	False	.	.	False	6	6
FGD4	3	3	0.186	73.0	0.029	56.0	candidate_kenya_pair_004,candidate_kenya_pair_006,candidate_kenya_pair_008	.	0	0	1	1	1	1	1	1	0	0	1	1	1	1	False	.	.	False	6	6
FGF21	2	2	0.0865	62.0	0.07200000000000001	21.5	candidate_kenya_pair_014,candidate_kenya_pair_020	.	0	0	1	1	0	0	1	1	0	0	1	1	1	1	False	.	.	False	6	6
FGF23	1	1	0.04	166.0	0.016	92.0	candidate_kenya_pair_021	.	0	0	1	1	0	0	0	0	0	0	1	1	1	1	False	.	.	False	6	6
FIGN	2	2	0.211	109.5	0.015	82.0	candidate_kenya_pair_007,candidate_kenya_pair_020	.	0	0	1	1	0	0	1	1	0	0	1	1	1	1	False	.	.	False	6	6
FLII	2	2	0.07250000000000001	97.0	0.0215	62.0	candidate_kenya_pair_012,candidate_kenya_pair_017	.	0	0	1	1	0	0	1	1	0	0	1	1	1	1	False	.	.	False	6	6
FLYWCH1	1	1	0.062	104.0	0.017	78.0	candidate_kenya_pair_012	.	0	0	1	1	0	0	0	0	0	0	1	1	1	1	False	.	.	False	6	6
FMC1	1	1	0.987	251.0	0.009475	166.0	candidate_kenya_pair_006	.	0	0	1	1	0	0	0	0	0	0	1	1	1	1	False	.	.	False	6	6
FNDC3B	4	4	0.1065	47.5	0.0315	46.0	candidate_kenya_pair_001,candidate_kenya_pair_006,candidate_kenya_pair_011,candidate_kenya_pair_013	.	0	0	1	1	0	0	3	3	0	0	1	1	1	1	False	.	.	False	6	6
FOXA2	1	1	0.047	205.0	0.019	75.0	candidate_kenya_pair_021	.	0	0	1	1	0	0	0	0	0	0	1	1	1	1	False	.	.	False	6	6
FOXD4	1	1	0.098	56.0	0.063	17.0	candidate_kenya_pair_001	.	0	0	1	1	0	0	0	0	0	0	1	1	1	1	False	.	.	False	6	6
FOXF2	1	1	0.088	64.0	0.063	21.0	candidate_kenya_pair_020	.	0	0	1	1	0	0	0	0	0	0	1	1	1	1	False	.	.	False	6	6
FOXH1	1	1	0.062	67.0	0.056	23.0	candidate_kenya_pair_001	.	0	0	1	1	0	0	0	0	0	0	1	1	1	1	False	.	.	False	6	6
FOXN3	3	3	0.124	36.0	0.077	17.0	candidate_kenya_pair_001,candidate_kenya_pair_013,candidate_kenya_pair_018	.	0	0	1	1	0	0	2	2	0	0	1	1	1	1	False	.	.	False	6	6
FOXN4	1	1	0.055	113.0	0.026	55.0	candidate_kenya_pair_009	.	0	0	1	1	0	0	0	0	0	0	1	1	1	1	False	.	.	False	6	6
FOXS1	1	1	0.61	30.0	0.056	21.0	candidate_kenya_pair_006	.	0	0	1	1	0	0	0	0	0	0	1	1	1	1	False	.	.	False	6	6
FRAS1	3	4	0.2605	77.5	0.026000000000000002	58.5	candidate_kenya_pair_006,candidate_kenya_pair_008,candidate_kenya_pair_019	.	0	0	1	1	0	0	2	3	0	0	1	1	1	1	False	.	.	False	6	6
FRAT1	2	2	0.0615	95.5	0.0385	42.0	candidate_kenya_pair_012,candidate_kenya_pair_014	.	0	0	1	1	0	0	1	1	0	0	1	1	1	1	False	.	.	False	6	6
FREM3	1	1	0.066	137.0	0.018	82.0	candidate_kenya_pair_007	.	0	0	1	1	0	0	0	0	0	0	1	1	1	1	False	.	.	False	6	6
FRG2C	9	13	0.161	45.0	0.062	15.0	candidate_kenya_pair_001,candidate_kenya_pair_004,candidate_kenya_pair_006,candidate_kenya_pair_007,candidate_kenya_pair_008,candidate_kenya_pair_012,candidate_kenya_pair_014,candidate_kenya_pair_018,candidate_kenya_pair_019	.	0	0	1	1	1	1	9	11	0	0	1	1	1	1	False	.	.	False	6	6
FRMPD2	2	2	0.1495	178.0	0.0245	70.0	candidate_kenya_pair_005,candidate_kenya_pair_006	.	0	0	1	1	0	0	1	1	0	0	1	1	1	1	False	.	.	False	6	6
FRMPD4	3	3	0.214	141.0	0.024	76.0	candidate_kenya_pair_003,candidate_kenya_pair_005,candidate_kenya_pair_007	.	0	0	1	1	0	0	2	2	0	0	1	1	1	1	False	.	.	False	6	6
FRY	1	1	0.055	111.0	0.029	48.0	candidate_kenya_pair_004	.	0	0	1	1	0	0	0	0	0	0	1	1	1	1	False	.	.	False	6	6
FRYL	1	1	0.09	112.0	0.025	69.0	candidate_kenya_pair_013	.	0	0	1	1	0	0	0	0	0	0	1	1	1	1	False	.	.	False	6	6
FSCN2	2	2	0.16449999999999998	136.0	0.019	75.5	candidate_kenya_pair_006,candidate_kenya_pair_018	.	0	0	1	1	0	0	1	1	0	0	1	1	1	1	False	.	.	False	6	6
FTMT	1	1	0.052	110.0	0.019	77.0	candidate_kenya_pair_004	.	0	0	1	1	0	0	0	0	0	0	1	1	1	1	False	.	.	False	6	6
FUS	1	1	0.092	64.0	0.056	25.0	candidate_kenya_pair_001	.	0	0	1	1	0	0	0	0	0	0	1	1	1	1	False	.	.	False	6	6
FXR1	2	2	0.11149999999999999	45.0	0.049	37.0	candidate_kenya_pair_001,candidate_kenya_pair_019	.	0	0	1	1	1	1	0	0	0	0	1	1	1	1	False	.	.	False	6	6
FYCO1	1	1	0.042	188.0	0.014	109.0	candidate_kenya_pair_007	.	0	0	1	1	0	0	0	0	0	0	1	1	1	1	False	.	.	False	6	6
FZR1	1	1	0.108	44.0	0.056	25.0	candidate_kenya_pair_019	.	0	0	1	1	0	0	0	0	0	0	1	1	1	1	False	.	.	False	6	6
GABRR1	2	2	0.5085	110.0	0.0285	56.0	candidate_kenya_pair_006,candidate_kenya_pair_021	.	0	0	1	1	1	1	0	0	0	0	1	1	1	1	False	.	.	False	6	6
GAL3ST3	1	1	0.071	419.0	0.00826	179.0	candidate_kenya_pair_001	.	0	0	1	1	0	0	0	0	0	0	1	1	1	1	False	.	.	False	6	6
GALNS	1	3	0.985	130.0	0.015	107.0	candidate_kenya_pair_006	.	0	0	1	1	0	0	1	2	0	0	1	1	1	1	False	.	.	False	6	6
GALNT12	1	1	0.141	197.0	0.017	92.0	candidate_kenya_pair_010	.	0	0	1	1	0	0	0	0	0	0	1	1	1	1	False	.	.	False	6	6
GAPDHS	1	1	0.035	214.0	0.02	67.0	candidate_kenya_pair_005	.	0	0	1	1	0	0	0	0	0	0	1	1	1	1	False	.	.	False	6	6
GARS1	1	1	0.075	64.0	0.032	47.0	candidate_kenya_pair_015	.	0	0	1	1	0	0	0	0	0	0	1	1	1	1	False	.	.	False	6	6
GATA3	2	2	0.2355	164.0	0.017	94.5	candidate_kenya_pair_007,candidate_kenya_pair_009	.	0	0	1	1	0	0	1	1	0	0	1	1	1	1	False	.	.	False	6	6
GATAD2A	1	1	0.082	63.0	0.043	33.0	candidate_kenya_pair_009	.	0	0	1	1	0	0	0	0	0	0	1	1	1	1	False	.	.	False	6	6
GCFC2	1	1	0.273	10.0	0.1	11.0	candidate_kenya_pair_002	.	0	0	1	1	0	0	0	0	0	0	1	1	1	1	False	.	.	False	6	6
GCGR	2	2	0.10400000000000001	134.0	0.024	82.0	candidate_kenya_pair_013,candidate_kenya_pair_014	.	0	0	1	1	0	0	1	1	0	0	1	1	1	1	False	.	.	False	6	6
GCNA	1	1	0.023	588.0	0.006733	435.0	candidate_kenya_pair_020	.	0	0	1	1	0	0	0	0	0	0	1	1	1	1	False	.	.	False	6	6
GDF1	1	1	0.129	35.0	0.091	15.0	candidate_kenya_pair_012	.	0	0	1	1	0	0	0	0	0	0	1	1	1	1	False	.	.	False	6	6
GDF6	2	2	0.082	94.0	0.0445	29.5	candidate_kenya_pair_003,candidate_kenya_pair_020	.	0	0	1	1	0	0	1	1	0	0	1	1	1	1	False	.	.	False	6	6
GFM2	1	1	0.1	56.0	0.04	42.0	candidate_kenya_pair_020	.	0	0	1	1	0	0	0	0	0	0	1	1	1	1	False	.	.	False	6	6
GGA2	2	2	0.0695	356.5	0.010678499999999999	262.5	candidate_kenya_pair_003,candidate_kenya_pair_013	.	0	0	1	1	0	0	1	1	0	0	1	1	1	1	False	.	.	False	6	6
GGT7	3	3	0.076	74.0	0.033	44.0	candidate_kenya_pair_013,candidate_kenya_pair_014,candidate_kenya_pair_018	.	0	0	1	1	0	0	2	2	0	0	1	1	1	1	False	.	.	False	6	6
GID4	1	2	0.3015	67.0	0.056	31.0	candidate_kenya_pair_007	.	0	0	1	1	1	1	0	0	0	0	1	1	1	1	False	.	.	False	6	6
GIN1	2	2	0.062	85.5	0.0185	84.5	candidate_kenya_pair_015,candidate_kenya_pair_019	.	0	0	1	1	0	0	1	1	0	0	1	1	1	1	False	.	.	False	6	6
GIPC3	1	1	0.083	71.0	0.034	38.0	candidate_kenya_pair_009	.	0	0	1	1	0	0	0	0	0	0	1	1	1	1	False	.	.	False	6	6
GJA3	1	1	0.058	389.0	0.008417	192.0	candidate_kenya_pair_003	.	0	0	1	1	0	0	0	0	0	0	1	1	1	1	False	.	.	False	6	6
GJA4	1	1	0.988	277.0	0.008102	193.0	candidate_kenya_pair_006	.	0	0	1	1	0	0	0	0	0	0	1	1	1	1	False	.	.	False	6	6
GLB1L3	5	6	0.1105	71.0	0.034	41.0	candidate_kenya_pair_001,candidate_kenya_pair_005,candidate_kenya_pair_010,candidate_kenya_pair_012,candidate_kenya_pair_013	.	0	0	1	1	0	0	4	5	0	0	1	1	1	1	False	.	.	False	6	6
GLDC	5	6	0.1285	51.5	0.0485	29.0	candidate_kenya_pair_001,candidate_kenya_pair_003,candidate_kenya_pair_005,candidate_kenya_pair_007,candidate_kenya_pair_013	.	0	0	1	1	1	1	3	4	0	0	1	1	1	1	False	.	.	False	6	6
GLDN	1	1	0.067	99.0	0.027	55.0	candidate_kenya_pair_015	.	0	0	1	1	0	0	0	0	0	0	1	1	1	1	False	.	.	False	6	6
GLI1	2	2	0.11349999999999999	43.0	0.059500000000000004	18.0	candidate_kenya_pair_009,candidate_kenya_pair_014	.	0	0	1	1	0	0	1	1	0	0	1	1	1	1	False	.	.	False	6	6
GLP1R	1	1	0.05	121.0	0.018	83.0	candidate_kenya_pair_014	.	0	0	1	1	0	0	0	0	0	0	1	1	1	1	False	.	.	False	6	6
GLRA1	3	3	0.197	49.0	0.031	40.0	candidate_kenya_pair_001,candidate_kenya_pair_012,candidate_kenya_pair_013	.	0	0	1	1	0	0	2	2	0	0	1	1	1	1	False	.	.	False	6	6
GLUD1	1	1	0.167	24.0	0.043	31.0	candidate_kenya_pair_001	.	0	0	1	1	0	0	0	0	0	0	1	1	1	1	False	.	.	False	6	6
GLYR1	2	2	0.0875	68.0	0.07200000000000001	19.0	candidate_kenya_pair_007,candidate_kenya_pair_014	.	0	0	1	1	0	0	1	1	0	0	1	1	1	1	False	.	.	False	6	6
GMEB1	1	1	0.063	115.0	0.025	59.0	candidate_kenya_pair_004	.	0	0	1	1	0	0	0	0	0	0	1	1	1	1	False	.	.	False	6	6
GNAI3	2	3	0.956	114.0	0.018	90.0	candidate_kenya_pair_003,candidate_kenya_pair_006	.	0	0	1	1	0	0	1	2	0	0	1	1	1	1	False	.	.	False	6	6
GNPTAB	1	1	0.068	131.0	0.013	119.0	candidate_kenya_pair_013	.	0	0	1	1	0	0	0	0	0	0	1	1	1	1	False	.	.	False	6	6
GNS	1	1	0.071	63.0	0.04	37.0	candidate_kenya_pair_009	.	0	0	1	1	0	0	0	0	0	0	1	1	1	1	False	.	.	False	6	6
GOLGA3	3	3	0.077	63.0	0.081	18.0	candidate_kenya_pair_003,candidate_kenya_pair_015,candidate_kenya_pair_018	.	0	0	1	1	0	0	2	2	0	0	1	1	1	1	False	.	.	False	6	6
GOLGA6L6	2	2	0.16149999999999998	41.5	0.05	30.0	candidate_kenya_pair_001,candidate_kenya_pair_006	.	0	0	1	1	1	1	0	0	0	0	1	1	1	1	False	.	.	False	6	6
GOLGA8B	2	3	0.992	398.0	0.015	107.0	candidate_kenya_pair_006,candidate_kenya_pair_011	.	0	0	1	1	0	0	1	2	0	0	1	1	1	1	False	.	.	False	6	6
GOLGA8S	4	4	0.0945	70.0	0.0325	38.5	candidate_kenya_pair_003,candidate_kenya_pair_007,candidate_kenya_pair_013,candidate_kenya_pair_019	.	0	0	1	1	1	1	2	2	0	0	1	1	1	1	False	.	.	False	6	6
GOLT1A	1	1	0.055	104.0	0.03	48.0	candidate_kenya_pair_003	.	0	0	1	1	0	0	0	0	0	0	1	1	1	1	False	.	.	False	6	6
GON4L	3	4	0.088	341.5	0.0127015	153.0	candidate_kenya_pair_006,candidate_kenya_pair_007,candidate_kenya_pair_010	.	0	0	1	1	2	2	1	1	0	0	1	1	1	1	False	.	.	False	6	6
GORAB	1	1	0.055	117.0	0.036	45.0	candidate_kenya_pair_003	.	0	0	1	1	0	0	0	0	0	0	1	1	1	1	False	.	.	False	6	6
GP1BB	1	1	0.263	62.0	0.063	24.0	candidate_kenya_pair_013	.	0	0	1	1	0	0	0	0	0	0	1	1	1	1	False	.	.	False	6	6
GPAA1	2	2	0.09	103.0	0.0275	53.0	candidate_kenya_pair_003,candidate_kenya_pair_013	.	0	0	1	1	0	0	1	1	0	0	1	1	1	1	False	.	.	False	6	6
GPAM	1	1	0.121	46.0	0.036	37.0	candidate_kenya_pair_015	.	0	0	1	1	0	0	0	0	0	0	1	1	1	1	False	.	.	False	6	6
GPAT2	3	3	0.108	64.0	0.042	43.0	candidate_kenya_pair_013,candidate_kenya_pair_018,candidate_kenya_pair_019	.	0	0	1	1	0	0	2	2	0	0	1	1	1	1	False	.	.	False	6	6
GPC1	1	1	0.13	33.0	0.028	49.0	candidate_kenya_pair_006	.	0	0	1	1	0	0	0	0	0	0	1	1	1	1	False	.	.	False	6	6
GPLD1	4	4	0.11649999999999999	37.0	0.057999999999999996	22.5	candidate_kenya_pair_001,candidate_kenya_pair_004,candidate_kenya_pair_009,candidate_kenya_pair_018	.	0	0	1	1	0	0	3	3	0	0	1	1	1	1	False	.	.	False	6	6
GPR108	1	1	0.036	213.0	0.013	112.0	candidate_kenya_pair_001	.	0	0	1	1	0	0	0	0	0	0	1	1	1	1	False	.	.	False	6	6
GPR132	1	1	0.018	512.0	0.006852	242.0	candidate_kenya_pair_020	.	0	0	1	1	0	0	0	0	0	0	1	1	1	1	False	.	.	False	6	6
GPR148	1	1	0.128	445.0	0.009314	166.0	candidate_kenya_pair_010	.	0	0	1	1	0	0	0	0	0	0	1	1	1	1	False	.	.	False	6	6
GPR150	1	1	0.036	207.0	0.015	109.0	candidate_kenya_pair_007	.	0	0	1	1	0	0	0	0	0	0	1	1	1	1	False	.	.	False	6	6
GPR155	2	3	0.111	43.0	0.053	23.0	candidate_kenya_pair_001,candidate_kenya_pair_019	.	0	0	1	1	0	0	2	2	0	0	1	1	1	1	False	.	.	False	6	6
GPR156	1	1	0.073	79.0	0.027	51.0	candidate_kenya_pair_018	.	0	0	1	1	0	0	0	0	0	0	1	1	1	1	False	.	.	False	6	6
GPR162	1	1	0.11	49.0	0.029	36.0	candidate_kenya_pair_009	.	0	0	1	1	0	0	0	0	0	0	1	1	1	1	False	.	.	False	6	6
GPR174	1	1	0.08	246.0	0.01	143.0	candidate_kenya_pair_014	.	0	0	1	1	0	0	0	0	0	0	1	1	1	1	False	.	.	False	6	6
GPR32	1	1	0.084	192.0	0.015	94.0	candidate_kenya_pair_010	.	0	0	1	1	0	0	0	0	0	0	1	1	1	1	False	.	.	False	6	6
GPR62	1	1	0.088	50.0	0.054	27.0	candidate_kenya_pair_013	.	0	0	1	1	0	0	0	0	0	0	1	1	1	1	False	.	.	False	6	6
GPRC5C	1	1	0.335	391.0	0.015	207.0	candidate_kenya_pair_019	.	0	0	1	1	0	0	0	0	0	0	1	1	1	1	False	.	.	False	6	6
GPT	3	3	0.038	223.0	0.016	88.0	candidate_kenya_pair_004,candidate_kenya_pair_005,candidate_kenya_pair_015	.	0	0	1	1	0	0	2	2	0	0	1	1	1	1	False	.	.	False	6	6
GRAMD2B	2	2	0.067	82.0	0.036	51.0	candidate_kenya_pair_001,candidate_kenya_pair_003	.	0	0	1	1	0	0	1	1	0	0	1	1	1	1	False	.	.	False	6	6
GREB1	3	4	0.088	66.5	0.027999999999999997	54.5	candidate_kenya_pair_004,candidate_kenya_pair_006,candidate_kenya_pair_013	.	0	0	1	1	0	0	2	3	0	0	1	1	1	1	False	.	.	False	6	6
GRIA4	1	1	0.381	28.0	0.077	16.0	candidate_kenya_pair_005	.	0	0	1	1	0	0	0	0	0	0	1	1	1	1	False	.	.	False	6	6
GRIK4	3	3	0.094	37.0	0.071	19.0	candidate_kenya_pair_007,candidate_kenya_pair_015,candidate_kenya_pair_021	.	0	0	1	1	0	0	2	2	0	0	1	1	1	1	False	.	.	False	6	6
GRIN2D	1	1	0.256	210.0	0.022	213.0	candidate_kenya_pair_013	.	0	0	1	1	0	0	0	0	0	0	1	1	1	1	False	.	.	False	6	6
GRIN3A	3	3	0.084	86.0	0.029	52.0	candidate_kenya_pair_002,candidate_kenya_pair_012,candidate_kenya_pair_021	.	0	0	1	1	0	0	2	2	0	0	1	1	1	1	False	.	.	False	6	6
GRIN3B	1	1	0.956	68.0	0.034	46.0	candidate_kenya_pair_006	.	0	0	1	1	0	0	0	0	0	0	1	1	1	1	False	.	.	False	6	6
GRINA	1	1	0.11	39.0	0.049	21.0	candidate_kenya_pair_010	.	0	0	1	1	0	0	0	0	0	0	1	1	1	1	False	.	.	False	6	6
GRK1	1	1	0.414	203.0	0.017	94.0	candidate_kenya_pair_005	.	0	0	1	1	0	0	0	0	0	0	1	1	1	1	False	.	.	False	6	6
GRM3	3	3	0.188	23.0	0.049	25.0	candidate_kenya_pair_002,candidate_kenya_pair_003,candidate_kenya_pair_020	.	0	0	1	1	0	0	2	2	0	0	1	1	1	1	False	.	.	False	6	6
GRM4	1	1	0.026	194.0	0.014	92.0	candidate_kenya_pair_015	.	0	0	1	1	0	0	0	0	0	0	1	1	1	1	False	.	.	False	6	6
GRN	3	3	0.068	115.0	0.011	106.0	candidate_kenya_pair_007,candidate_kenya_pair_013,candidate_kenya_pair_019	.	0	0	1	1	0	0	2	2	0	0	1	1	1	1	False	.	.	False	6	6
GSC	1	1	0.105	56.0	0.049	24.0	candidate_kenya_pair_020	.	0	0	1	1	0	0	0	0	0	0	1	1	1	1	False	.	.	False	6	6
GSDMC	1	1	0.064	71.0	0.028	56.0	candidate_kenya_pair_017	.	0	0	1	1	0	0	0	0	0	0	1	1	1	1	False	.	.	False	6	6
GSK3A	2	2	0.127	117.0	0.0483325	93.5	candidate_kenya_pair_013,candidate_kenya_pair_021	.	0	0	1	1	0	0	1	1	0	0	1	1	1	1	False	.	.	False	6	6
GTF3A	1	1	0.08	58.0	0.024	62.0	candidate_kenya_pair_019	.	0	0	1	1	0	0	0	0	0	0	1	1	1	1	False	.	.	False	6	6
H2AC11	1	1	0.203	217.0	0.011	119.0	candidate_kenya_pair_008	.	0	0	1	1	0	0	0	0	0	0	1	1	1	1	False	.	.	False	6	6
H2AC12	1	1	0.036	150.0	0.013	89.0	candidate_kenya_pair_011	.	0	0	1	1	0	0	0	0	0	0	1	1	1	1	False	.	.	False	6	6
H3C12	1	1	0.292	331.0	0.008054	189.0	candidate_kenya_pair_007	.	0	0	1	1	0	0	0	0	0	0	1	1	1	1	False	.	.	False	6	6
H3Y2	1	1	0.16	35.0	0.067	22.0	candidate_kenya_pair_004	.	0	0	1	1	0	0	0	0	0	0	1	1	1	1	False	.	.	False	6	6
H4C8	1	1	0.076	257.0	0.009518	147.0	candidate_kenya_pair_001	.	0	0	1	1	0	0	0	0	0	0	1	1	1	1	False	.	.	False	6	6
HACD2	1	1	0.076	99.0	0.036	46.0	candidate_kenya_pair_012	.	0	0	1	1	0	0	0	0	0	0	1	1	1	1	False	.	.	False	6	6
HACE1	1	1	0.103	46.0	0.049	31.0	candidate_kenya_pair_019	.	0	0	1	1	0	0	0	0	0	0	1	1	1	1	False	.	.	False	6	6
HACL1	2	2	0.16899999999999998	67.5	0.038	67.0	candidate_kenya_pair_005,candidate_kenya_pair_013	.	0	0	1	1	0	0	1	1	0	0	1	1	1	1	False	.	.	False	6	6
HAPLN2	1	1	0.141	36.0	0.062	21.0	candidate_kenya_pair_009	.	0	0	1	1	0	0	0	0	0	0	1	1	1	1	False	.	.	False	6	6
HARBI1	1	1	0.052	112.0	0.023	66.0	candidate_kenya_pair_014	.	0	0	1	1	0	0	0	0	0	0	1	1	1	1	False	.	.	False	6	6
HAUS2	2	2	0.07150000000000001	82.0	0.037000000000000005	55.0	candidate_kenya_pair_001,candidate_kenya_pair_014	.	0	0	1	1	0	0	1	1	0	0	1	1	1	1	False	.	.	False	6	6
HCAR1	2	2	0.094	66.5	0.051500000000000004	39.0	candidate_kenya_pair_004,candidate_kenya_pair_005	.	0	0	1	1	0	0	1	1	0	0	1	1	1	1	False	.	.	False	6	6
HCAR3	1	1	0.077	363.0	0.012	135.0	candidate_kenya_pair_006	.	0	0	1	1	0	0	0	0	0	0	1	1	1	1	False	.	.	False	6	6
HCFC1R1	2	2	0.052500000000000005	121.0	0.0285	45.0	candidate_kenya_pair_003,candidate_kenya_pair_009	.	0	0	1	1	0	0	1	1	0	0	1	1	1	1	False	.	.	False	6	6
HCN1	2	2	0.202	303.0	0.012124	156.0	candidate_kenya_pair_009,candidate_kenya_pair_013	.	0	0	1	1	0	0	1	1	0	0	1	1	1	1	False	.	.	False	6	6
HDAC6	3	5	0.033	247.0	0.013	128.0	candidate_kenya_pair_004,candidate_kenya_pair_005,candidate_kenya_pair_017	.	0	0	1	1	2	2	2	2	0	0	1	1	1	1	False	.	.	False	6	6
HDHD3	1	1	0.125	115.0	0.025	58.0	candidate_kenya_pair_002	.	0	0	1	1	0	0	0	0	0	0	1	1	1	1	False	.	.	False	6	6
HEATR3	1	1	0.138	160.0	0.049	31.0	candidate_kenya_pair_005	.	0	0	1	1	0	0	0	0	0	0	1	1	1	1	False	.	.	False	6	6
HELLS	1	1	0.103	113.0	0.031	52.0	candidate_kenya_pair_018	.	0	0	1	1	0	0	0	0	0	0	1	1	1	1	False	.	.	False	6	6
HELZ2	1	1	0.117	278.0	0.015	256.0	candidate_kenya_pair_013	.	0	0	1	1	0	0	0	0	0	0	1	1	1	1	False	.	.	False	6	6
HERC2	3	3	0.257	49.0	0.077	19.0	candidate_kenya_pair_006,candidate_kenya_pair_008,candidate_kenya_pair_014	.	0	0	1	1	0	0	2	2	0	0	1	1	1	1	False	.	.	False	6	6
HERC6	1	1	0.088	52.0	0.036	38.0	candidate_kenya_pair_014	.	0	0	1	1	0	0	0	0	0	0	1	1	1	1	False	.	.	False	6	6
HES3	1	1	0.064	76.0	0.04	35.0	candidate_kenya_pair_006	.	0	0	1	1	0	0	0	0	0	0	1	1	1	1	False	.	.	False	6	6
HIC1	2	2	0.097	52.0	0.07350000000000001	23.0	candidate_kenya_pair_006,candidate_kenya_pair_020	.	0	0	1	1	0	0	1	1	0	0	1	1	1	1	False	.	.	False	6	6
HIP1R	2	2	0.084	174.5	0.034499999999999996	39.5	candidate_kenya_pair_001,candidate_kenya_pair_018	.	0	0	1	1	0	0	1	1	0	0	1	1	1	1	False	.	.	False	6	6
HIPK3	2	2	0.1855	112.0	0.027	53.0	candidate_kenya_pair_007,candidate_kenya_pair_019	.	0	0	1	1	0	0	1	1	0	0	1	1	1	1	False	.	.	False	6	6
HK1	2	2	0.07400000000000001	115.5	0.0245	85.0	candidate_kenya_pair_013,candidate_kenya_pair_015	.	0	0	1	1	0	0	1	1	0	0	1	1	1	1	False	.	.	False	6	6
HMGCR	2	2	0.198	97.0	0.0385	56.5	candidate_kenya_pair_005,candidate_kenya_pair_019	.	0	0	1	1	0	0	1	1	0	0	1	1	1	1	False	.	.	False	6	6
HMGCS1	1	1	0.091	48.0	0.047	26.0	candidate_kenya_pair_020	.	0	0	1	1	0	0	0	0	0	0	1	1	1	1	False	.	.	False	6	6
HMGXB3	2	2	0.053	152.0	0.023721	119.5	candidate_kenya_pair_013,candidate_kenya_pair_017	.	0	0	1	1	0	0	1	1	0	0	1	1	1	1	False	.	.	False	6	6
HNRNPA2B1	1	1	0.074	92.0	0.025	65.0	candidate_kenya_pair_014	.	0	0	1	1	0	0	0	0	0	0	1	1	1	1	False	.	.	False	6	6
HNRNPAB	1	1	0.061	88.0	0.013	108.0	candidate_kenya_pair_011	.	0	0	1	1	0	0	0	0	0	0	1	1	1	1	False	.	.	False	6	6
HOXA6	2	3	0.091	25.0	0.05	21.0	candidate_kenya_pair_011,candidate_kenya_pair_013	.	0	0	1	1	0	0	1	2	0	0	1	1	1	1	False	.	.	False	6	6
HOXB6	2	2	0.1065	322.0	0.018642000000000002	256.0	candidate_kenya_pair_013,candidate_kenya_pair_020	.	0	0	1	1	0	0	1	1	0	0	1	1	1	1	False	.	.	False	6	6
HPS1	1	1	0.04	466.0	0.00435	349.0	candidate_kenya_pair_013	.	0	0	1	1	0	0	0	0	0	0	1	1	1	1	False	.	.	False	6	6
HRC	1	1	0.46	510.0	0.007987	204.0	candidate_kenya_pair_006	.	0	0	1	1	0	0	0	0	0	0	1	1	1	1	False	.	.	False	6	6
HRH2	1	1	0.362	374.0	0.003978	405.0	candidate_kenya_pair_008	.	0	0	1	1	0	0	0	0	0	0	1	1	1	1	False	.	.	False	6	6
HS3ST3A1	1	1	0.113	48.0	0.059	23.0	candidate_kenya_pair_007	.	0	0	1	1	0	0	0	0	0	0	1	1	1	1	False	.	.	False	6	6
HS3ST4	1	1	0.178	125.0	0.017	81.0	candidate_kenya_pair_019	.	0	0	1	1	0	0	0	0	0	0	1	1	1	1	False	.	.	False	6	6
HSBP1L1	1	1	0.088	43.0	0.083	13.0	candidate_kenya_pair_004	.	0	0	1	1	0	0	0	0	0	0	1	1	1	1	False	.	.	False	6	6
HSCB	1	1	0.062	90.0	0.028	44.0	candidate_kenya_pair_010	.	0	0	1	1	0	0	0	0	0	0	1	1	1	1	False	.	.	False	6	6
HSPG2	5	7	0.133	132.0	0.021	76.0	candidate_kenya_pair_005,candidate_kenya_pair_007,candidate_kenya_pair_013,candidate_kenya_pair_016,candidate_kenya_pair_018	.	0	0	1	1	0	0	4	6	0	0	1	1	1	1	False	.	.	False	6	6
HSPH1	1	1	0.2	57.0	0.071	21.0	candidate_kenya_pair_007	.	0	0	1	1	0	0	0	0	0	0	1	1	1	1	False	.	.	False	6	6
HTATSF1	2	2	0.0945	197.0	0.026977	138.0	candidate_kenya_pair_001,candidate_kenya_pair_013	.	0	0	1	1	1	1	0	0	0	0	1	1	1	1	False	.	.	False	6	6
HTR2A	1	1	0.27	117.0	0.021	67.0	candidate_kenya_pair_018	.	0	0	1	1	0	0	0	0	0	0	1	1	1	1	False	.	.	False	6	6
HTR3D	2	2	0.1775	78.0	0.025500000000000002	59.0	candidate_kenya_pair_005,candidate_kenya_pair_012	.	0	0	1	1	0	0	1	1	0	0	1	1	1	1	False	.	.	False	6	6
HTRA2	1	1	0.104	163.0	0.00847	171.0	candidate_kenya_pair_013	.	0	0	1	1	0	0	0	0	0	0	1	1	1	1	False	.	.	False	6	6
HYDIN	5	8	0.159	83.5	0.038	36.0	candidate_kenya_pair_004,candidate_kenya_pair_006,candidate_kenya_pair_013,candidate_kenya_pair_017,candidate_kenya_pair_018	.	0	0	1	1	1	2	5	5	0	0	1	1	1	1	False	.	.	False	6	6
HYOU1	2	3	0.066	82.0	0.047	30.0	candidate_kenya_pair_001,candidate_kenya_pair_020	.	0	0	1	1	0	0	2	2	0	0	1	1	1	1	False	.	.	False	6	6
IARS1	2	3	0.069	59.0	0.037	30.0	candidate_kenya_pair_013,candidate_kenya_pair_015	.	0	0	1	1	0	0	2	2	0	0	1	1	1	1	False	.	.	False	6	6
ICAM1	1	2	0.969	123.5	0.032	55.0	candidate_kenya_pair_006	.	0	0	1	1	0	0	1	1	0	0	1	1	1	1	False	.	.	False	6	6
IDH1	1	2	0.059	139.5	0.026500000000000003	61.0	candidate_kenya_pair_009	.	0	0	1	1	0	0	1	1	0	0	1	1	1	1	False	.	.	False	6	6
IDH3G	1	1	0.18	164.0	0.021	150.0	candidate_kenya_pair_012	.	0	0	1	1	0	0	0	0	0	0	1	1	1	1	False	.	.	False	6	6
IFNA10	1	1	0.049	239.0	0.007152	208.0	candidate_kenya_pair_013	.	0	0	1	1	0	0	0	0	0	0	1	1	1	1	False	.	.	False	6	6
IFNA14	1	1	0.054	157.0	0.014	101.0	candidate_kenya_pair_005	.	0	0	1	1	0	0	0	0	0	0	1	1	1	1	False	.	.	False	6	6
IFNL3	1	1	0.046	162.0	0.026	55.0	candidate_kenya_pair_007	.	0	0	1	1	0	0	0	0	0	0	1	1	1	1	False	.	.	False	6	6
IFRD1	1	1	0.04	237.0	0.016	94.0	candidate_kenya_pair_010	.	0	0	1	1	0	0	0	0	0	0	1	1	1	1	False	.	.	False	6	6
IFT140	2	2	0.0675	180.0	0.019602	155.0	candidate_kenya_pair_012,candidate_kenya_pair_013	.	0	0	1	1	1	1	0	0	0	0	1	1	1	1	False	.	.	False	6	6
IGSF22	2	3	0.072	71.0	0.027	57.0	candidate_kenya_pair_003,candidate_kenya_pair_021	.	0	0	1	1	0	0	1	2	0	0	1	1	1	1	False	.	.	False	6	6
IGSF9	1	1	0.065	78.0	0.029	54.0	candidate_kenya_pair_021	.	0	0	1	1	0	0	0	0	0	0	1	1	1	1	False	.	.	False	6	6
IHH	1	1	0.076	93.0	0.028	52.0	candidate_kenya_pair_015	.	0	0	1	1	0	0	0	0	0	0	1	1	1	1	False	.	.	False	6	6
IKBKB	2	2	0.137	59.5	0.06	34.5	candidate_kenya_pair_014,candidate_kenya_pair_019	.	0	0	1	1	0	0	1	1	0	0	1	1	1	1	False	.	.	False	6	6
IL17RC	1	1	0.052	115.0	0.026	61.0	candidate_kenya_pair_014	.	0	0	1	1	0	0	0	0	0	0	1	1	1	1	False	.	.	False	6	6
IL36G	1	1	0.071	131.0	0.016	99.0	candidate_kenya_pair_013	.	0	0	1	1	0	0	0	0	0	0	1	1	1	1	False	.	.	False	6	6
ILF3	3	3	0.097	42.0	0.059	22.0	candidate_kenya_pair_013,candidate_kenya_pair_018,candidate_kenya_pair_019	.	0	0	1	1	0	0	2	2	0	0	1	1	1	1	False	.	.	False	6	6
IMPG1	2	3	0.082	136.0	0.011	199.0	candidate_kenya_pair_008,candidate_kenya_pair_013	.	0	0	1	1	0	0	2	2	0	0	1	1	1	1	False	.	.	False	6	6
INSRR	3	3	0.144	51.0	0.045	29.0	candidate_kenya_pair_006,candidate_kenya_pair_007,candidate_kenya_pair_020	.	0	0	1	1	0	0	2	2	0	0	1	1	1	1	False	.	.	False	6	6
INTS1	2	2	0.058499999999999996	119.5	0.0315	53.5	candidate_kenya_pair_014,candidate_kenya_pair_017	.	0	0	1	1	0	0	1	1	0	0	1	1	1	1	False	.	.	False	6	6
INTS12	1	1	0.071	89.0	0.021	75.0	candidate_kenya_pair_001	.	0	0	1	1	0	0	0	0	0	0	1	1	1	1	False	.	.	False	6	6
INTS6L	2	2	0.07350000000000001	106.5	0.025500000000000002	77.5	candidate_kenya_pair_006,candidate_kenya_pair_013	.	0	0	1	1	0	0	1	1	0	0	1	1	1	1	False	.	.	False	6	6
INTS8	1	1	0.079	59.0	0.04	40.0	candidate_kenya_pair_014	.	0	0	1	1	0	0	0	0	0	0	1	1	1	1	False	.	.	False	6	6
IPO13	2	2	0.0495	152.5	0.023	63.0	candidate_kenya_pair_003,candidate_kenya_pair_018	.	0	0	1	1	0	0	1	1	0	0	1	1	1	1	False	.	.	False	6	6
IQCA1	2	2	0.0875	71.0	0.044	35.0	candidate_kenya_pair_009,candidate_kenya_pair_013	.	0	0	1	1	0	0	1	1	0	0	1	1	1	1	False	.	.	False	6	6
IQCH	1	1	0.086	141.0	0.014	114.0	candidate_kenya_pair_013	.	0	0	1	1	0	0	0	0	0	0	1	1	1	1	False	.	.	False	6	6
IQSEC2	4	5	0.076	62.0	0.024	57.0	candidate_kenya_pair_003,candidate_kenya_pair_007,candidate_kenya_pair_013,candidate_kenya_pair_020	.	0	0	1	1	1	1	3	3	0	0	1	1	1	1	False	.	.	False	6	6
IRAK3	3	3	0.106	45.0	0.077	21.0	candidate_kenya_pair_004,candidate_kenya_pair_012,candidate_kenya_pair_019	.	0	0	1	1	0	0	2	2	0	0	1	1	1	1	False	.	.	False	6	6
IRF2	2	2	0.2175	42.0	0.044000000000000004	35.5	candidate_kenya_pair_002,candidate_kenya_pair_013	.	0	0	1	1	0	0	1	1	0	0	1	1	1	1	False	.	.	False	6	6
IRGQ	1	1	0.038	163.0	0.008572	175.0	candidate_kenya_pair_011	.	0	0	1	1	0	0	0	0	0	0	1	1	1	1	False	.	.	False	6	6
ISG20L2	1	1	0.128	212.0	0.024	59.0	candidate_kenya_pair_007	.	0	0	1	1	0	0	0	0	0	0	1	1	1	1	False	.	.	False	6	6
ITGA9	3	4	0.10350000000000001	144.5	0.0125	114.5	candidate_kenya_pair_006,candidate_kenya_pair_007,candidate_kenya_pair_013	.	0	0	1	1	0	0	2	3	0	0	1	1	1	1	False	.	.	False	6	6
ITGAE	1	1	0.057	86.0	0.045	33.0	candidate_kenya_pair_019	.	0	0	1	1	0	0	0	0	0	0	1	1	1	1	False	.	.	False	6	6
ITGB2	1	1	0.047	165.0	0.012	124.0	candidate_kenya_pair_012	.	0	0	1	1	0	0	0	0	0	0	1	1	1	1	False	.	.	False	6	6
ITGB8	1	1	0.333	82.0	0.016	92.0	candidate_kenya_pair_013	.	0	0	1	1	0	0	0	0	0	0	1	1	1	1	False	.	.	False	6	6
ITIH4	2	4	0.5255	226.0	0.0087855	178.0	candidate_kenya_pair_006,candidate_kenya_pair_013	.	0	0	1	1	0	0	2	3	0	0	1	1	1	1	False	.	.	False	6	6
ITIH5	3	3	0.071	210.0	0.016	98.0	candidate_kenya_pair_003,candidate_kenya_pair_007,candidate_kenya_pair_014	.	0	0	1	1	1	1	1	1	0	0	1	1	1	1	False	.	.	False	6	6
ITIH6	2	2	0.5205	91.0	0.027000000000000003	48.0	candidate_kenya_pair_006,candidate_kenya_pair_014	.	0	0	1	1	0	0	1	1	0	0	1	1	1	1	False	.	.	False	6	6
ITPKB	2	2	0.044	157.5	0.038	56.0	candidate_kenya_pair_007,candidate_kenya_pair_009	.	0	0	1	1	0	0	1	1	0	0	1	1	1	1	False	.	.	False	6	6
ITPKC	1	1	0.083	79.0	0.091	12.0	candidate_kenya_pair_001	.	0	0	1	1	0	0	0	0	0	0	1	1	1	1	False	.	.	False	6	6
ITPR3	2	3	0.052	150.0	0.02	73.0	candidate_kenya_pair_014,candidate_kenya_pair_015	.	0	0	1	1	0	0	2	2	0	0	1	1	1	1	False	.	.	False	6	6
ITPRIPL1	1	1	0.091	140.0	0.01	124.0	candidate_kenya_pair_013	.	0	0	1	1	0	0	0	0	0	0	1	1	1	1	False	.	.	False	6	6
IWS1	2	2	0.05	179.0	0.0134125	132.0	candidate_kenya_pair_007,candidate_kenya_pair_013	.	0	0	1	1	0	0	1	1	0	0	1	1	1	1	False	.	.	False	6	6
JAK3	3	3	0.08	90.0	0.04	35.0	candidate_kenya_pair_004,candidate_kenya_pair_007,candidate_kenya_pair_017	.	0	0	1	1	0	0	2	2	0	0	1	1	1	1	False	.	.	False	6	6
JCAD	1	1	0.192	371.0	0.013	316.0	candidate_kenya_pair_013	.	0	0	1	1	0	0	0	0	0	0	1	1	1	1	False	.	.	False	6	6
JMY	1	1	0.028	492.0	0.006105	280.0	candidate_kenya_pair_001	.	0	0	1	1	0	0	0	0	0	0	1	1	1	1	False	.	.	False	6	6
JPT1	1	1	0.08	74.0	0.017	88.0	candidate_kenya_pair_013	.	0	0	1	1	0	0	0	0	0	0	1	1	1	1	False	.	.	False	6	6
KALRN	4	4	0.08499999999999999	98.0	0.0365	44.5	candidate_kenya_pair_005,candidate_kenya_pair_006,candidate_kenya_pair_013,candidate_kenya_pair_015	.	0	0	1	1	0	0	3	3	0	0	1	1	1	1	False	.	.	False	6	6
KANK1	2	3	0.155	99.0	0.02	84.0	candidate_kenya_pair_010,candidate_kenya_pair_013	.	0	0	1	1	0	0	2	2	0	0	1	1	1	1	False	.	.	False	6	6
KAT6A	4	4	0.056999999999999995	76.5	0.0475	24.5	candidate_kenya_pair_008,candidate_kenya_pair_015,candidate_kenya_pair_018,candidate_kenya_pair_019	.	0	0	1	1	0	0	3	3	0	0	1	1	1	1	False	.	.	False	6	6
KAT7	1	1	0.234	19.0	0.056	23.0	candidate_kenya_pair_012	.	0	0	1	1	0	0	0	0	0	0	1	1	1	1	False	.	.	False	6	6
KAZN	2	2	0.2345	124.0	0.0395	60.5	candidate_kenya_pair_010,candidate_kenya_pair_019	.	0	0	1	1	0	0	1	1	0	0	1	1	1	1	False	.	.	False	6	6
KCNA5	1	1	0.104	58.0	0.027	48.0	candidate_kenya_pair_013	.	0	0	1	1	0	0	0	0	0	0	1	1	1	1	False	.	.	False	6	6
KCNB1	2	2	0.11649999999999999	96.0	0.034155	81.5	candidate_kenya_pair_013,candidate_kenya_pair_021	.	0	0	1	1	0	0	1	1	0	0	1	1	1	1	False	.	.	False	6	6
KCNG1	1	1	0.035	278.0	0.015	112.0	candidate_kenya_pair_005	.	0	0	1	1	0	0	0	0	0	0	1	1	1	1	False	.	.	False	6	6
KCNJ18	6	13	0.146	53.0	0.045	27.0	candidate_kenya_pair_006,candidate_kenya_pair_008,candidate_kenya_pair_009,candidate_kenya_pair_010,candidate_kenya_pair_020,candidate_kenya_pair_021	.	0	0	1	1	0	0	5	12	0	0	1	1	1	1	False	.	.	False	6	6
KCNQ2	1	1	0.06	147.0	0.018	68.0	candidate_kenya_pair_004	.	0	0	1	1	0	0	0	0	0	0	1	1	1	1	False	.	.	False	6	6
KCNQ5	1	1	0.189	144.0	0.013	117.0	candidate_kenya_pair_013	.	0	0	1	1	0	0	0	0	0	0	1	1	1	1	False	.	.	False	6	6
KCTD1	1	2	0.194	119.5	0.0229525	138.0	candidate_kenya_pair_013	.	0	0	1	1	0	0	1	1	0	0	1	1	1	1	False	.	.	False	6	6
KCTD17	1	1	0.333	39.0	0.065	19.0	candidate_kenya_pair_005	.	0	0	1	1	0	0	0	0	0	0	1	1	1	1	False	.	.	False	6	6
KCTD3	2	3	0.11	64.0	0.027	49.0	candidate_kenya_pair_006,candidate_kenya_pair_013	.	0	0	1	1	0	0	2	2	0	0	1	1	1	1	False	.	.	False	6	6
KCTD7	2	2	0.10799999999999998	113.0	0.023	67.5	candidate_kenya_pair_007,candidate_kenya_pair_012	.	0	0	1	1	0	0	1	1	0	0	1	1	1	1	False	.	.	False	6	6
KDM1B	1	1	0.035	168.0	0.009601	145.0	candidate_kenya_pair_011	.	0	0	1	1	0	0	0	0	0	0	1	1	1	1	False	.	.	False	6	6
KDM5C	1	2	0.0635	170.0	0.01163	138.0	candidate_kenya_pair_013	.	0	0	1	1	0	0	1	1	0	0	1	1	1	1	False	.	.	False	6	6
KHDRBS1	1	1	0.07	66.0	0.031	48.0	candidate_kenya_pair_021	.	0	0	1	1	0	0	0	0	0	0	1	1	1	1	False	.	.	False	6	6
KIAA0408	1	1	0.123	123.0	0.017	90.0	candidate_kenya_pair_010	.	0	0	1	1	0	0	0	0	0	0	1	1	1	1	False	.	.	False	6	6
KIAA0556	5	5	0.087	178.0	0.032	47.0	candidate_kenya_pair_007,candidate_kenya_pair_013,candidate_kenya_pair_014,candidate_kenya_pair_018,candidate_kenya_pair_019	.	0	0	1	1	1	1	3	3	0	0	1	1	1	1	False	.	.	False	6	6
KIAA0586	1	1	0.068	71.0	0.047	35.0	candidate_kenya_pair_021	.	0	0	1	1	0	0	0	0	0	0	1	1	1	1	False	.	.	False	6	6
KIAA1109	3	3	0.136	30.0	0.061	19.0	candidate_kenya_pair_006,candidate_kenya_pair_013,candidate_kenya_pair_019	.	0	0	1	1	0	0	2	2	0	0	1	1	1	1	False	.	.	False	6	6
KIAA1211L	1	1	0.179	65.0	0.059	19.0	candidate_kenya_pair_007	.	0	0	1	1	0	0	0	0	0	0	1	1	1	1	False	.	.	False	6	6
KIAA1257	1	1	0.057	232.0	0.011	135.0	candidate_kenya_pair_013	.	0	0	1	1	0	0	0	0	0	0	1	1	1	1	False	.	.	False	6	6
KIAA1841	1	1	0.071	67.0	0.032	51.0	candidate_kenya_pair_014	.	0	0	1	1	0	0	0	0	0	0	1	1	1	1	False	.	.	False	6	6
KIF17	1	1	0.976	132.0	0.022	72.0	candidate_kenya_pair_006	.	0	0	1	1	0	0	0	0	0	0	1	1	1	1	False	.	.	False	6	6
KIF19	1	2	0.221	91.0	0.0545	65.5	candidate_kenya_pair_013	.	0	0	1	1	0	0	1	1	0	0	1	1	1	1	False	.	.	False	6	6
KIF1C	4	4	0.11099999999999999	73.5	0.04	31.0	candidate_kenya_pair_006,candidate_kenya_pair_009,candidate_kenya_pair_019,candidate_kenya_pair_021	.	0	0	1	1	1	1	2	2	0	0	1	1	1	1	False	.	.	False	6	6
KIF3A	2	5	0.939	68.0	0.02	61.0	candidate_kenya_pair_006,candidate_kenya_pair_013	.	0	0	1	1	0	0	2	4	0	0	1	1	1	1	False	.	.	False	6	6
KIF5A	2	2	0.14100000000000001	49.5	0.052	31.5	candidate_kenya_pair_009,candidate_kenya_pair_013	.	0	0	1	1	0	0	1	1	0	0	1	1	1	1	False	.	.	False	6	6
KLC2	2	2	0.0595	258.5	0.009735500000000001	198.0	candidate_kenya_pair_013,candidate_kenya_pair_021	.	0	0	1	1	0	0	1	1	0	0	1	1	1	1	False	.	.	False	6	6
KLF15	2	2	0.107	99.5	0.0375	44.5	candidate_kenya_pair_006,candidate_kenya_pair_007	.	0	0	1	1	0	0	1	1	0	0	1	1	1	1	False	.	.	False	6	6
KLF17	1	1	0.085	212.0	0.01	276.0	candidate_kenya_pair_013	.	0	0	1	1	0	0	0	0	0	0	1	1	1	1	False	.	.	False	6	6
KLF6	1	1	0.161	228.0	0.008818	198.0	candidate_kenya_pair_013	.	0	0	1	1	0	0	0	0	0	0	1	1	1	1	False	.	.	False	6	6
KLHL10	1	1	0.057	75.0	0.048	31.0	candidate_kenya_pair_021	.	0	0	1	1	0	0	0	0	0	0	1	1	1	1	False	.	.	False	6	6
KLHL13	1	1	0.077	61.0	0.03	49.0	candidate_kenya_pair_007	.	0	0	1	1	0	0	0	0	0	0	1	1	1	1	False	.	.	False	6	6
KLHL26	1	1	0.041	166.0	0.018	84.0	candidate_kenya_pair_006	.	0	0	1	1	0	0	0	0	0	0	1	1	1	1	False	.	.	False	6	6
KLHL28	3	3	0.058	107.0	0.019	69.0	candidate_kenya_pair_013,candidate_kenya_pair_015,candidate_kenya_pair_019	.	0	0	1	1	1	1	1	1	0	0	1	1	1	1	False	.	.	False	6	6
KLHL34	1	1	0.055	181.0	0.019	74.0	candidate_kenya_pair_014	.	0	0	1	1	0	0	0	0	0	0	1	1	1	1	False	.	.	False	6	6
KLHL4	2	2	0.095	134.5	0.010791499999999999	161.0	candidate_kenya_pair_011,candidate_kenya_pair_013	.	0	0	1	1	0	0	1	1	0	0	1	1	1	1	False	.	.	False	6	6
KLRC3	1	1	0.119	72.0	0.059	18.0	candidate_kenya_pair_002	.	0	0	1	1	0	0	0	0	0	0	1	1	1	1	False	.	.	False	6	6
KNDC1	2	2	0.10350000000000001	66.5	0.037	51.0	candidate_kenya_pair_013,candidate_kenya_pair_021	.	0	0	1	1	0	0	1	1	0	0	1	1	1	1	False	.	.	False	6	6
KPNA5	1	1	0.083	89.0	0.035	41.0	candidate_kenya_pair_003	.	0	0	1	1	0	0	0	0	0	0	1	1	1	1	False	.	.	False	6	6
KRT10	2	2	0.078	53.0	0.0515	21.0	candidate_kenya_pair_009,candidate_kenya_pair_021	.	0	0	1	1	0	0	1	1	0	0	1	1	1	1	False	.	.	False	6	6
KRT15	3	4	0.0965	39.5	0.069	17.5	candidate_kenya_pair_015,candidate_kenya_pair_017,candidate_kenya_pair_019	.	0	0	1	1	2	2	1	1	0	0	1	1	1	1	False	.	.	False	6	6
KRT35	1	1	0.047	114.0	0.024	54.0	candidate_kenya_pair_003	.	0	0	1	1	0	0	0	0	0	0	1	1	1	1	False	.	.	False	6	6
KRT6A	1	1	0.324	408.0	0.008902	141.0	candidate_kenya_pair_006	.	0	0	1	1	0	0	0	0	0	0	1	1	1	1	False	.	.	False	6	6
KRT75	1	1	0.03	257.0	0.00713	200.0	candidate_kenya_pair_012	.	0	0	1	1	0	0	0	0	0	0	1	1	1	1	False	.	.	False	6	6
KRT78	2	2	0.0895	110.5	0.025	58.0	candidate_kenya_pair_012,candidate_kenya_pair_020	.	0	0	1	1	0	0	1	1	0	0	1	1	1	1	False	.	.	False	6	6
KRT82	1	1	0.099	61.0	0.026	57.0	candidate_kenya_pair_015	.	0	0	1	1	0	0	0	0	0	0	1	1	1	1	False	.	.	False	6	6
KTN1	1	1	0.1	48.0	0.037	40.0	candidate_kenya_pair_018	.	0	0	1	1	0	0	0	0	0	0	1	1	1	1	False	.	.	False	6	6
L3MBTL1	2	2	0.06	84.0	0.0605	29.0	candidate_kenya_pair_015,candidate_kenya_pair_017	.	0	0	1	1	0	0	1	1	0	0	1	1	1	1	False	.	.	False	6	6
LACTB	1	1	0.094	58.0	0.027	48.0	candidate_kenya_pair_015	.	0	0	1	1	0	0	0	0	0	0	1	1	1	1	False	.	.	False	6	6
LAMB4	2	2	0.096	91.0	0.031	46.0	candidate_kenya_pair_007,candidate_kenya_pair_019	.	0	0	1	1	0	0	1	1	0	0	1	1	1	1	False	.	.	False	6	6
LAMC1	1	1	0.067	66.0	0.03	51.0	candidate_kenya_pair_014	.	0	0	1	1	0	0	0	0	0	0	1	1	1	1	False	.	.	False	6	6
LANCL2	1	1	0.124	32.0	0.043	33.0	candidate_kenya_pair_008	.	0	0	1	1	0	0	0	0	0	0	1	1	1	1	False	.	.	False	6	6
LARGE2	1	1	0.296	275.0	0.022	142.0	candidate_kenya_pair_019	.	0	0	1	1	0	0	0	0	0	0	1	1	1	1	False	.	.	False	6	6
LARP1B	2	2	0.177	96.5	0.04	70.5	candidate_kenya_pair_010,candidate_kenya_pair_014	.	0	0	1	1	0	0	1	1	0	0	1	1	1	1	False	.	.	False	6	6
LARS2	1	1	0.202	186.0	0.016	201.0	candidate_kenya_pair_008	.	0	0	1	1	0	0	0	0	0	0	1	1	1	1	False	.	.	False	6	6
LATS1	1	1	0.043	172.0	0.018	83.0	candidate_kenya_pair_003	.	0	0	1	1	0	0	0	0	0	0	1	1	1	1	False	.	.	False	6	6
LCA5L	1	1	0.963	89.0	0.026	59.0	candidate_kenya_pair_006	.	0	0	1	1	0	0	0	0	0	0	1	1	1	1	False	.	.	False	6	6
LCE1A	1	1	0.031	399.0	0.005504	237.0	candidate_kenya_pair_021	.	0	0	1	1	0	0	0	0	0	0	1	1	1	1	False	.	.	False	6	6
LCE1F	1	1	0.031	440.0	0.008034	159.0	candidate_kenya_pair_018	.	0	0	1	1	0	0	0	0	0	0	1	1	1	1	False	.	.	False	6	6
LCE3E	1	1	0.146	292.0	0.014	101.0	candidate_kenya_pair_010	.	0	0	1	1	0	0	0	0	0	0	1	1	1	1	False	.	.	False	6	6
LCK	1	1	0.056	155.0	0.007119	198.0	candidate_kenya_pair_013	.	0	0	1	1	0	0	0	0	0	0	1	1	1	1	False	.	.	False	6	6
LCN9	1	2	0.2105	57.0	0.0715	19.0	candidate_kenya_pair_007	.	0	0	1	1	0	0	1	1	0	0	1	1	1	1	False	.	.	False	6	6
LDAH	1	1	0.138	155.0	0.01	142.0	candidate_kenya_pair_013	.	0	0	1	1	0	0	0	0	0	0	1	1	1	1	False	.	.	False	6	6
LFNG	1	1	0.024	323.0	0.013	119.0	candidate_kenya_pair_017	.	0	0	1	1	0	0	0	0	0	0	1	1	1	1	False	.	.	False	6	6
LGALS16	1	1	0.992	207.0	0.014	111.0	candidate_kenya_pair_006	.	0	0	1	1	0	0	0	0	0	0	1	1	1	1	False	.	.	False	6	6
LGALS9	3	3	0.104	78.0	0.045	31.0	candidate_kenya_pair_006,candidate_kenya_pair_019,candidate_kenya_pair_020	.	0	0	1	1	0	0	2	2	0	0	1	1	1	1	False	.	.	False	6	6
LGALS9C	1	2	0.187	207.0	0.0219625	121.0	candidate_kenya_pair_006	.	0	0	1	1	0	0	1	1	0	0	1	1	1	1	False	.	.	False	6	6
LGR4	1	1	0.057	114.0	0.029	51.0	candidate_kenya_pair_010	.	0	0	1	1	0	0	0	0	0	0	1	1	1	1	False	.	.	False	6	6
LHX2	2	2	0.3745	149.0	0.0205	70.0	candidate_kenya_pair_005,candidate_kenya_pair_013	.	0	0	1	1	0	0	1	1	0	0	1	1	1	1	False	.	.	False	6	6
LHX9	1	1	0.04	142.0	0.019	58.0	candidate_kenya_pair_019	.	0	0	1	1	0	0	0	0	0	0	1	1	1	1	False	.	.	False	6	6
LIAS	1	1	0.125	35.0	0.048	30.0	candidate_kenya_pair_014	.	0	0	1	1	0	0	0	0	0	0	1	1	1	1	False	.	.	False	6	6
LIFR	1	1	0.323	143.0	0.014	104.0	candidate_kenya_pair_013	.	0	0	1	1	0	0	0	0	0	0	1	1	1	1	False	.	.	False	6	6
LIG3	3	3	0.111	66.0	0.048	26.0	candidate_kenya_pair_003,candidate_kenya_pair_004,candidate_kenya_pair_013	.	0	0	1	1	0	0	2	2	0	0	1	1	1	1	False	.	.	False	6	6
LIMCH1	2	2	0.414	32.0	0.069	24.5	candidate_kenya_pair_006,candidate_kenya_pair_007	.	0	0	1	1	0	0	1	1	0	0	1	1	1	1	False	.	.	False	6	6
LINGO3	1	1	0.033	197.0	0.012	101.0	candidate_kenya_pair_014	.	0	0	1	1	0	0	0	0	0	0	1	1	1	1	False	.	.	False	6	6
LIPM	1	1	0.038	233.0	0.011	133.0	candidate_kenya_pair_021	.	0	0	1	1	0	0	0	0	0	0	1	1	1	1	False	.	.	False	6	6
LLGL2	2	2	0.534	236.5	0.0077365	208.0	candidate_kenya_pair_006,candidate_kenya_pair_013	.	0	0	1	1	0	0	1	1	0	0	1	1	1	1	False	.	.	False	6	6
LMTK3	2	2	0.0315	394.0	0.0165	147.5	candidate_kenya_pair_003,candidate_kenya_pair_015	.	0	0	1	1	0	0	1	1	0	0	1	1	1	1	False	.	.	False	6	6
LOXHD1	3	4	0.07200000000000001	79.0	0.031	33.5	candidate_kenya_pair_003,candidate_kenya_pair_013,candidate_kenya_pair_014	.	0	0	1	1	0	0	2	3	0	0	1	1	1	1	False	.	.	False	6	6
LOXL1	1	2	0.972	60.5	0.023	59.5	candidate_kenya_pair_006	.	0	0	1	1	0	0	1	1	0	0	1	1	1	1	False	.	.	False	6	6
LPGAT1	1	1	0.077	61.0	0.075	17.0	candidate_kenya_pair_009	.	0	0	1	1	0	0	0	0	0	0	1	1	1	1	False	.	.	False	6	6
LPIN2	3	3	0.103	99.0	0.018	84.0	candidate_kenya_pair_003,candidate_kenya_pair_013,candidate_kenya_pair_019	.	0	0	1	1	0	0	2	2	0	0	1	1	1	1	False	.	.	False	6	6
LPXN	2	2	0.17049999999999998	77.0	0.0435	43.0	candidate_kenya_pair_007,candidate_kenya_pair_021	.	0	0	1	1	0	0	1	1	0	0	1	1	1	1	False	.	.	False	6	6
LRBA	2	2	0.0945	53.0	0.0405	32.5	candidate_kenya_pair_010,candidate_kenya_pair_012	.	0	0	1	1	0	0	1	1	0	0	1	1	1	1	False	.	.	False	6	6
LRCH2	3	3	0.093	37.0	0.047	26.0	candidate_kenya_pair_014,candidate_kenya_pair_017,candidate_kenya_pair_021	.	0	0	1	1	1	1	1	1	0	0	1	1	1	1	False	.	.	False	6	6
LRFN2	1	2	0.134	241.5	0.0124925	125.5	candidate_kenya_pair_009	.	0	0	1	1	1	1	0	0	0	0	1	1	1	1	False	.	.	False	6	6
LRRC25	1	1	0.559	292.0	0.018	90.0	candidate_kenya_pair_007	.	0	0	1	1	0	0	0	0	0	0	1	1	1	1	False	.	.	False	6	6
LRRC27	1	1	0.059	95.0	0.012	113.0	candidate_kenya_pair_013	.	0	0	1	1	0	0	0	0	0	0	1	1	1	1	False	.	.	False	6	6
LRRC3C	1	1	0.007088	2083.0	0.023	43.0	candidate_kenya_pair_007	.	0	0	1	1	0	0	0	0	0	0	1	1	1	1	False	.	.	False	6	6
LRRC49	2	2	0.0845	176.5	0.035	73.0	candidate_kenya_pair_009,candidate_kenya_pair_013	.	0	0	1	1	0	0	1	1	0	0	1	1	1	1	False	.	.	False	6	6
LRRC55	3	3	0.162	71.0	0.043	32.0	candidate_kenya_pair_007,candidate_kenya_pair_019,candidate_kenya_pair_021	.	0	0	1	1	0	0	2	2	0	0	1	1	1	1	False	.	.	False	6	6
LRRC58	1	1	0.087	46.0	0.036	36.0	candidate_kenya_pair_014	.	0	0	1	1	0	0	0	0	0	0	1	1	1	1	False	.	.	False	6	6
LRRK1	2	3	0.191	264.0	0.012	136.0	candidate_kenya_pair_006,candidate_kenya_pair_012	.	0	0	1	1	1	1	1	1	0	0	1	1	1	1	False	.	.	False	6	6
LRRTM3	1	1	0.119	228.0	0.009617	163.0	candidate_kenya_pair_013	.	0	0	1	1	0	0	0	0	0	0	1	1	1	1	False	.	.	False	6	6
LRTM2	1	1	0.102	225.0	0.006608	202.0	candidate_kenya_pair_013	.	0	0	1	1	0	0	0	0	0	0	1	1	1	1	False	.	.	False	6	6
LXN	1	1	0.128	52.0	0.049	28.0	candidate_kenya_pair_019	.	0	0	1	1	0	0	0	0	0	0	1	1	1	1	False	.	.	False	6	6
LZTS3	2	2	0.0745	73.5	0.044	28.5	candidate_kenya_pair_020,candidate_kenya_pair_021	.	0	0	1	1	0	0	1	1	0	0	1	1	1	1	False	.	.	False	6	6
MACO1	1	1	0.058	85.0	0.03	52.0	candidate_kenya_pair_006	.	0	0	1	1	0	0	0	0	0	0	1	1	1	1	False	.	.	False	6	6
MAD2L2	3	3	0.091	72.0	0.032	51.0	candidate_kenya_pair_003,candidate_kenya_pair_006,candidate_kenya_pair_008	.	0	0	1	1	0	0	2	2	0	0	1	1	1	1	False	.	.	False	6	6
MAGEA12	1	1	0.036	163.0	0.019	80.0	candidate_kenya_pair_004	.	0	0	1	1	0	0	0	0	0	0	1	1	1	1	False	.	.	False	6	6
MAGEA4	1	1	0.128	217.0	0.017	68.0	candidate_kenya_pair_010	.	0	0	1	1	0	0	0	0	0	0	1	1	1	1	False	.	.	False	6	6
MAGEB1	2	2	0.2005	192.5	0.0498245	165.5	candidate_kenya_pair_007,candidate_kenya_pair_013	.	0	0	1	1	0	0	1	1	0	0	1	1	1	1	False	.	.	False	6	6
MAGEC3	1	1	0.98	73.0	0.031	45.0	candidate_kenya_pair_006	.	0	0	1	1	0	0	0	0	0	0	1	1	1	1	False	.	.	False	6	6
MAGI1	3	3	0.07	103.0	0.024	63.0	candidate_kenya_pair_005,candidate_kenya_pair_013,candidate_kenya_pair_019	.	0	0	1	1	1	1	1	1	0	0	1	1	1	1	False	.	.	False	6	6
MALRD1	2	2	0.08349999999999999	75.5	0.032	46.5	candidate_kenya_pair_003,candidate_kenya_pair_004	.	0	0	1	1	0	0	1	1	0	0	1	1	1	1	False	.	.	False	6	6
MAMDC2	2	2	0.26	88.5	0.0545	70.0	candidate_kenya_pair_013,candidate_kenya_pair_020	.	0	0	1	1	0	0	1	1	0	0	1	1	1	1	False	.	.	False	6	6
MAML2	1	1	0.065	63.0	0.045	27.0	candidate_kenya_pair_010	.	0	0	1	1	0	0	0	0	0	0	1	1	1	1	False	.	.	False	6	6
MAML3	1	1	0.053	375.0	0.008327	186.0	candidate_kenya_pair_015	.	0	0	1	1	0	0	0	0	0	0	1	1	1	1	False	.	.	False	6	6
MAN1A1	2	2	0.2065	97.0	0.0167595	102.5	candidate_kenya_pair_013,candidate_kenya_pair_014	.	0	0	1	1	0	0	1	1	0	0	1	1	1	1	False	.	.	False	6	6
MAN1B1	2	2	0.0725	78.0	0.040999999999999995	47.5	candidate_kenya_pair_008,candidate_kenya_pair_017	.	0	0	1	1	0	0	1	1	0	0	1	1	1	1	False	.	.	False	6	6
MANBA	1	1	0.044	281.0	0.009435	187.0	candidate_kenya_pair_013	.	0	0	1	1	0	0	0	0	0	0	1	1	1	1	False	.	.	False	6	6
MAP1B	3	3	0.133	53.0	0.04	36.0	candidate_kenya_pair_004,candidate_kenya_pair_006,candidate_kenya_pair_011	.	0	0	1	1	0	0	2	2	0	0	1	1	1	1	False	.	.	False	6	6
MAP2K3	4	7	0.261	75.0	0.034	45.0	candidate_kenya_pair_004,candidate_kenya_pair_006,candidate_kenya_pair_017,candidate_kenya_pair_020	.	0	0	1	1	0	0	3	6	0	0	1	1	1	1	False	.	.	False	6	6
MAP3K1	1	1	0.301	122.0	0.045	31.0	candidate_kenya_pair_009	.	0	0	1	1	0	0	0	0	0	0	1	1	1	1	False	.	.	False	6	6
MAP3K7	2	3	0.1	56.0	0.038	35.0	candidate_kenya_pair_001,candidate_kenya_pair_013	.	0	0	1	1	0	0	1	2	0	0	1	1	1	1	False	.	.	False	6	6
MAP3K9	1	1	0.043	151.0	0.018	81.0	candidate_kenya_pair_020	.	0	0	1	1	0	0	0	0	0	0	1	1	1	1	False	.	.	False	6	6
MAP7D1	3	3	0.06	101.0	0.031	42.0	candidate_kenya_pair_003,candidate_kenya_pair_008,candidate_kenya_pair_009	.	0	0	1	1	1	1	1	1	0	0	1	1	1	1	False	.	.	False	6	6
MAPK12	1	1	0.052	125.0	0.025	60.0	candidate_kenya_pair_009	.	0	0	1	1	0	0	0	0	0	0	1	1	1	1	False	.	.	False	6	6
MAPK3	1	1	0.048	104.0	0.027	47.0	candidate_kenya_pair_021	.	0	0	1	1	0	0	0	0	0	0	1	1	1	1	False	.	.	False	6	6
MAPK4	1	2	0.0735	64.5	0.051000000000000004	29.5	candidate_kenya_pair_014	.	0	0	1	1	0	0	1	1	0	0	1	1	1	1	False	.	.	False	6	6
MAPK6	1	1	0.13	39.0	0.043	36.0	candidate_kenya_pair_018	.	0	0	1	1	0	0	0	0	0	0	1	1	1	1	False	.	.	False	6	6
MAPRE3	1	1	0.18	191.0	0.036	77.0	candidate_kenya_pair_010	.	0	0	1	1	0	0	0	0	0	0	1	1	1	1	False	.	.	False	6	6
MARC2	1	1	0.198	159.0	0.029	55.0	candidate_kenya_pair_015	.	0	0	1	1	0	0	0	0	0	0	1	1	1	1	False	.	.	False	6	6
MARVELD1	1	1	0.041	349.0	0.012	122.0	candidate_kenya_pair_003	.	0	0	1	1	0	0	0	0	0	0	1	1	1	1	False	.	.	False	6	6
MATN1	1	1	0.398	266.0	0.012	123.0	candidate_kenya_pair_005	.	0	0	1	1	0	0	0	0	0	0	1	1	1	1	False	.	.	False	6	6
MBD1	1	1	0.607	83.0	0.017	76.0	candidate_kenya_pair_007	.	0	0	1	1	0	0	0	0	0	0	1	1	1	1	False	.	.	False	6	6
MCAM	1	1	0.083	72.0	0.047	30.0	candidate_kenya_pair_015	.	0	0	1	1	0	0	0	0	0	0	1	1	1	1	False	.	.	False	6	6
MCC	1	2	0.039	201.0	0.017	89.5	candidate_kenya_pair_010	.	0	0	1	1	0	0	1	1	0	0	1	1	1	1	False	.	.	False	6	6
MCM5	1	1	0.035	251.0	0.015	97.0	candidate_kenya_pair_003	.	0	0	1	1	0	0	0	0	0	0	1	1	1	1	False	.	.	False	6	6
MCM9	1	1	0.295	64.0	0.022	64.0	candidate_kenya_pair_013	.	0	0	1	1	0	0	0	0	0	0	1	1	1	1	False	.	.	False	6	6
MDGA2	3	3	0.099	80.0	0.031	36.0	candidate_kenya_pair_007,candidate_kenya_pair_010,candidate_kenya_pair_014	.	0	0	1	1	0	0	2	2	0	0	1	1	1	1	False	.	.	False	6	6
MED10	3	3	0.06	78.0	0.024	62.0	candidate_kenya_pair_004,candidate_kenya_pair_008,candidate_kenya_pair_015	.	0	0	1	1	0	0	2	2	0	0	1	1	1	1	False	.	.	False	6	6
MED13L	2	2	0.1885	49.5	0.0625	34.5	candidate_kenya_pair_004,candidate_kenya_pair_012	.	0	0	1	1	0	0	1	1	0	0	1	1	1	1	False	.	.	False	6	6
MED25	1	1	0.078	53.0	0.052	25.0	candidate_kenya_pair_014	.	0	0	1	1	0	0	0	0	0	0	1	1	1	1	False	.	.	False	6	6
MEDAG	1	1	0.102	58.0	0.03	44.0	candidate_kenya_pair_001	.	0	0	1	1	0	0	0	0	0	0	1	1	1	1	False	.	.	False	6	6
MEI1	3	3	0.097	203.0	0.013	119.0	candidate_kenya_pair_006,candidate_kenya_pair_007,candidate_kenya_pair_013	.	0	0	1	1	1	1	1	1	0	0	1	1	1	1	False	.	.	False	6	6
MEIOC	2	2	0.257	92.5	0.0485	45.5	candidate_kenya_pair_014,candidate_kenya_pair_020	.	0	0	1	1	0	0	1	1	0	0	1	1	1	1	False	.	.	False	6	6
MEN1	1	1	0.052	85.0	0.02	58.0	candidate_kenya_pair_014	.	0	0	1	1	0	0	0	0	0	0	1	1	1	1	False	.	.	False	6	6
MEPCE	1	1	0.05	114.0	0.018	67.0	candidate_kenya_pair_006	.	0	0	1	1	0	0	0	0	0	0	1	1	1	1	False	.	.	False	6	6
METTL2A	4	4	0.1785	153.0	0.033	43.0	candidate_kenya_pair_005,candidate_kenya_pair_006,candidate_kenya_pair_012,candidate_kenya_pair_015	.	0	0	1	1	0	0	3	3	0	0	1	1	1	1	False	.	.	False	6	6
MFGE8	2	2	0.0545	137.0	0.016	98.5	candidate_kenya_pair_010,candidate_kenya_pair_013	.	0	0	1	1	0	0	1	1	0	0	1	1	1	1	False	.	.	False	6	6
MFN1	1	1	0.294	52.0	0.019	68.0	candidate_kenya_pair_013	.	0	0	1	1	0	0	0	0	0	0	1	1	1	1	False	.	.	False	6	6
MFSD11	1	1	0.114	109.0	0.036	41.0	candidate_kenya_pair_003	.	0	0	1	1	0	0	0	0	0	0	1	1	1	1	False	.	.	False	6	6
MFSD12	1	1	0.07	86.0	0.016	75.0	candidate_kenya_pair_013	.	0	0	1	1	0	0	0	0	0	0	1	1	1	1	False	.	.	False	6	6
MFSD14A	1	2	0.10250000000000001	62.0	0.046	31.5	candidate_kenya_pair_010	.	0	0	1	1	0	0	1	1	0	0	1	1	1	1	False	.	.	False	6	6
MIER2	1	1	0.088	52.0	0.035	37.0	candidate_kenya_pair_006	.	0	0	1	1	0	0	0	0	0	0	1	1	1	1	False	.	.	False	6	6
MINDY4	1	1	0.988	116.0	0.017	81.0	candidate_kenya_pair_006	.	0	0	1	1	0	0	0	0	0	0	1	1	1	1	False	.	.	False	6	6
MINK1	3	4	0.0845	86.5	0.0455	40.0	candidate_kenya_pair_007,candidate_kenya_pair_008,candidate_kenya_pair_020	.	0	0	1	1	0	0	2	3	0	0	1	1	1	1	False	.	.	False	6	6
MIOS	1	1	0.047	192.0	0.008417	184.0	candidate_kenya_pair_013	.	0	0	1	1	0	0	0	0	0	0	1	1	1	1	False	.	.	False	6	6
MKX	2	2	0.098	108.5	0.025205500000000002	104.0	candidate_kenya_pair_011,candidate_kenya_pair_013	.	0	0	1	1	0	0	1	1	0	0	1	1	1	1	False	.	.	False	6	6
MLH1	1	1	0.06	108.0	0.016	91.0	candidate_kenya_pair_014	.	0	0	1	1	0	0	0	0	0	0	1	1	1	1	False	.	.	False	6	6
MLLT1	1	1	0.119	136.0	0.017	94.0	candidate_kenya_pair_013	.	0	0	1	1	0	0	0	0	0	0	1	1	1	1	False	.	.	False	6	6
MLXIPL	1	1	0.392	16.0	0.097	12.0	candidate_kenya_pair_016	.	0	0	1	1	0	0	0	0	0	0	1	1	1	1	False	.	.	False	6	6
MMAB	2	2	0.554	57.5	0.0395	38.0	candidate_kenya_pair_006,candidate_kenya_pair_009	.	0	0	1	1	0	0	1	1	0	0	1	1	1	1	False	.	.	False	6	6
MNS1	1	1	0.045	142.0	0.028	55.0	candidate_kenya_pair_014	.	0	0	1	1	0	0	0	0	0	0	1	1	1	1	False	.	.	False	6	6
MOCS1	4	4	0.136	64.5	0.0365	39.0	candidate_kenya_pair_001,candidate_kenya_pair_006,candidate_kenya_pair_011,candidate_kenya_pair_013	.	0	0	1	1	0	0	3	3	0	0	1	1	1	1	False	.	.	False	6	6
MOGAT2	1	1	0.06	144.0	0.022	75.0	candidate_kenya_pair_021	.	0	0	1	1	0	0	0	0	0	0	1	1	1	1	False	.	.	False	6	6
MOGS	1	1	0.043	175.0	0.015	93.0	candidate_kenya_pair_019	.	0	0	1	1	0	0	0	0	0	0	1	1	1	1	False	.	.	False	6	6
MORC4	1	1	0.285	256.0	0.019	235.0	candidate_kenya_pair_013	.	0	0	1	1	0	0	0	0	0	0	1	1	1	1	False	.	.	False	6	6
MORN3	1	1	0.174	90.0	0.012	104.0	candidate_kenya_pair_013	.	0	0	1	1	0	0	0	0	0	0	1	1	1	1	False	.	.	False	6	6
MOSPD1	1	1	0.12	83.0	0.043	33.0	candidate_kenya_pair_018	.	0	0	1	1	0	0	0	0	0	0	1	1	1	1	False	.	.	False	6	6
MPND	2	2	0.073	143.0	0.026	63.0	candidate_kenya_pair_003,candidate_kenya_pair_005	.	0	0	1	1	0	0	1	1	0	0	1	1	1	1	False	.	.	False	6	6
MPO	1	1	0.037	159.0	0.019	78.0	candidate_kenya_pair_015	.	0	0	1	1	0	0	0	0	0	0	1	1	1	1	False	.	.	False	6	6
MPZL1	4	4	0.275	82.5	0.0365	33.0	candidate_kenya_pair_005,candidate_kenya_pair_006,candidate_kenya_pair_015,candidate_kenya_pair_020	.	0	0	1	1	0	0	3	3	0	0	1	1	1	1	False	.	.	False	6	6
MREG	1	1	0.074	53.0	0.052	26.0	candidate_kenya_pair_014	.	0	0	1	1	0	0	0	0	0	0	1	1	1	1	False	.	.	False	6	6
MRGPRX2	1	1	0.97	101.0	0.025	56.0	candidate_kenya_pair_006	.	0	0	1	1	0	0	0	0	0	0	1	1	1	1	False	.	.	False	6	6
MROH1	3	4	0.272	108.5	0.036500000000000005	39.0	candidate_kenya_pair_003,candidate_kenya_pair_006,candidate_kenya_pair_007	.	0	0	1	1	0	0	3	3	0	0	1	1	1	1	False	.	.	False	6	6
MROH8	3	3	0.073	86.0	0.042	33.0	candidate_kenya_pair_006,candidate_kenya_pair_015,candidate_kenya_pair_019	.	0	0	1	1	0	0	2	2	0	0	1	1	1	1	False	.	.	False	6	6
MRPL55	1	1	0.057	101.0	0.015	93.0	candidate_kenya_pair_013	.	0	0	1	1	0	0	0	0	0	0	1	1	1	1	False	.	.	False	6	6
MRPS11	1	1	0.033	219.0	0.006936	203.0	candidate_kenya_pair_013	.	0	0	1	1	0	0	0	0	0	0	1	1	1	1	False	.	.	False	6	6
MRPS18A	2	2	0.1245	84.0	0.0305	47.5	candidate_kenya_pair_006,candidate_kenya_pair_012	.	0	0	1	1	0	0	1	1	0	0	1	1	1	1	False	.	.	False	6	6
MRPS22	1	1	0.979	161.0	0.019	87.0	candidate_kenya_pair_006	.	0	0	1	1	0	0	0	0	0	0	1	1	1	1	False	.	.	False	6	6
MRPS28	2	2	0.153	79.0	0.0395	68.0	candidate_kenya_pair_013,candidate_kenya_pair_014	.	0	0	1	1	0	0	1	1	0	0	1	1	1	1	False	.	.	False	6	6
MRPS9	2	2	0.1605	27.5	0.067	20.0	candidate_kenya_pair_002,candidate_kenya_pair_019	.	0	0	1	1	0	0	1	1	0	0	1	1	1	1	False	.	.	False	6	6
MRRF	1	1	0.07	88.0	0.03	43.0	candidate_kenya_pair_020	.	0	0	1	1	0	0	0	0	0	0	1	1	1	1	False	.	.	False	6	6
MRTO4	2	3	0.266	161.0	0.015	169.0	candidate_kenya_pair_012,candidate_kenya_pair_013	.	0	0	1	1	0	0	2	2	0	0	1	1	1	1	False	.	.	False	6	6
MS4A14	1	1	0.147	45.0	0.029	42.0	candidate_kenya_pair_012	.	0	0	1	1	0	0	0	0	0	0	1	1	1	1	False	.	.	False	6	6
MSANTD3	1	1	0.166	29.0	0.06	19.0	candidate_kenya_pair_018	.	0	0	1	1	0	0	0	0	0	0	1	1	1	1	False	.	.	False	6	6
MSH2	1	2	0.1215	114.5	0.0325	52.5	candidate_kenya_pair_007	.	0	0	1	1	0	0	1	1	0	0	1	1	1	1	False	.	.	False	6	6
MSH3	1	1	0.045	178.0	0.017	92.0	candidate_kenya_pair_004	.	0	0	1	1	0	0	0	0	0	0	1	1	1	1	False	.	.	False	6	6
MSL2	5	5	0.088	56.0	0.048	21.0	candidate_kenya_pair_004,candidate_kenya_pair_007,candidate_kenya_pair_011,candidate_kenya_pair_012,candidate_kenya_pair_015	.	0	0	1	1	0	0	4	4	0	0	1	1	1	1	False	.	.	False	6	6
MSMB	1	1	0.057	108.0	0.031	49.0	candidate_kenya_pair_015	.	0	0	1	1	0	0	0	0	0	0	1	1	1	1	False	.	.	False	6	6
MST1	1	1	0.057	223.0	0.008287	174.0	candidate_kenya_pair_006	.	0	0	1	1	0	0	0	0	0	0	1	1	1	1	False	.	.	False	6	6
MTA1	3	3	0.075	68.0	0.038	28.0	candidate_kenya_pair_013,candidate_kenya_pair_015,candidate_kenya_pair_019	.	0	0	1	1	0	0	2	2	0	0	1	1	1	1	False	.	.	False	6	6
MTFR2	1	1	0.125	56.0	0.053	27.0	candidate_kenya_pair_004	.	0	0	1	1	0	0	0	0	0	0	1	1	1	1	False	.	.	False	6	6
MTHFD1	2	3	0.097	73.0	0.022	64.0	candidate_kenya_pair_013,candidate_kenya_pair_019	.	0	0	1	1	1	1	1	1	0	0	1	1	1	1	False	.	.	False	6	6
MTMR8	2	3	0.079	74.0	0.039	37.0	candidate_kenya_pair_013,candidate_kenya_pair_015	.	0	0	1	1	0	0	1	2	0	0	1	1	1	1	False	.	.	False	6	6
MTNR1A	1	1	0.045	201.0	0.006601	231.0	candidate_kenya_pair_013	.	0	0	1	1	0	0	0	0	0	0	1	1	1	1	False	.	.	False	6	6
MTREX	1	1	0.06	86.0	0.033	48.0	candidate_kenya_pair_019	.	0	0	1	1	0	0	0	0	0	0	1	1	1	1	False	.	.	False	6	6
MTSS2	2	2	0.082	115.5	0.0235	78.0	candidate_kenya_pair_007,candidate_kenya_pair_011	.	0	0	1	1	0	0	1	1	0	0	1	1	1	1	False	.	.	False	6	6
MTX3	1	1	0.146	46.0	0.028	54.0	candidate_kenya_pair_013	.	0	0	1	1	0	0	0	0	0	0	1	1	1	1	False	.	.	False	6	6
MXRA5	2	3	0.41	276.0	0.008143	180.0	candidate_kenya_pair_006,candidate_kenya_pair_007	.	0	0	1	1	1	2	0	0	0	0	1	1	1	1	False	.	.	False	6	6
MYBL1	2	2	0.0985	64.5	0.046	43.0	candidate_kenya_pair_013,candidate_kenya_pair_015	.	0	0	1	1	0	0	1	1	0	0	1	1	1	1	False	.	.	False	6	6
MYBPC2	2	2	0.08349999999999999	78.0	0.0395	42.0	candidate_kenya_pair_014,candidate_kenya_pair_018	.	0	0	1	1	0	0	1	1	0	0	1	1	1	1	False	.	.	False	6	6
MYBPC3	4	5	0.065	83.0	0.036	33.0	candidate_kenya_pair_003,candidate_kenya_pair_005,candidate_kenya_pair_014,candidate_kenya_pair_015	.	0	0	1	1	0	0	3	4	0	0	1	1	1	1	False	.	.	False	6	6
MYH13	3	3	0.076	51.0	0.047	25.0	candidate_kenya_pair_005,candidate_kenya_pair_014,candidate_kenya_pair_015	.	0	0	1	1	0	0	2	2	0	0	1	1	1	1	False	.	.	False	6	6
MYH4	1	1	0.435	103.0	0.024	125.0	candidate_kenya_pair_013	.	0	0	1	1	0	0	0	0	0	0	1	1	1	1	False	.	.	False	6	6
MYH7	2	2	0.1105	152.0	0.015672	112.0	candidate_kenya_pair_005,candidate_kenya_pair_013	.	0	0	1	1	0	0	1	1	0	0	1	1	1	1	False	.	.	False	6	6
MYL6	1	1	0.133	231.0	0.013	124.0	candidate_kenya_pair_014	.	0	0	1	1	0	0	0	0	0	0	1	1	1	1	False	.	.	False	6	6
MYO15A	3	3	0.148	33.0	0.059	19.0	candidate_kenya_pair_008,candidate_kenya_pair_010,candidate_kenya_pair_020	.	0	0	1	1	0	0	2	2	0	0	1	1	1	1	False	.	.	False	6	6
MYO15B	3	4	0.068	162.5	0.0175	87.0	candidate_kenya_pair_015,candidate_kenya_pair_020,candidate_kenya_pair_021	.	0	0	1	1	0	0	3	3	0	0	1	1	1	1	False	.	.	False	6	6
MYO16	1	1	0.154	35.0	0.023	66.0	candidate_kenya_pair_013	.	0	0	1	1	0	0	0	0	0	0	1	1	1	1	False	.	.	False	6	6
MYO1C	3	3	0.062	123.0	0.022	63.0	candidate_kenya_pair_007,candidate_kenya_pair_014,candidate_kenya_pair_015	.	0	0	1	1	0	0	2	2	0	0	1	1	1	1	False	.	.	False	6	6
MYO1F	2	3	0.099	74.0	0.05	29.0	candidate_kenya_pair_001,candidate_kenya_pair_007	.	0	0	1	1	0	0	2	2	0	0	1	1	1	1	False	.	.	False	6	6
MYORG	1	1	0.048	131.0	0.021	69.0	candidate_kenya_pair_006	.	0	0	1	1	0	0	0	0	0	0	1	1	1	1	False	.	.	False	6	6
MYRFL	2	2	0.589	96.5	0.021500000000000002	81.0	candidate_kenya_pair_006,candidate_kenya_pair_013	.	0	0	1	1	0	0	1	1	0	0	1	1	1	1	False	.	.	False	6	6
NAALADL1	1	1	0.053	195.0	0.008189	174.0	candidate_kenya_pair_013	.	0	0	1	1	0	0	0	0	0	0	1	1	1	1	False	.	.	False	6	6
NAALADL2	3	3	0.089	48.0	0.038	31.0	candidate_kenya_pair_017,candidate_kenya_pair_019,candidate_kenya_pair_021	.	0	0	1	1	0	0	2	2	0	0	1	1	1	1	False	.	.	False	6	6
NADSYN1	1	1	0.328	197.0	0.017	94.0	candidate_kenya_pair_006	.	0	0	1	1	0	0	0	0	0	0	1	1	1	1	False	.	.	False	6	6
NAF1	1	1	0.111	41.0	0.053	28.0	candidate_kenya_pair_005	.	0	0	1	1	0	0	0	0	0	0	1	1	1	1	False	.	.	False	6	6
NAGPA	1	1	0.078	67.0	0.019	70.0	candidate_kenya_pair_013	.	0	0	1	1	0	0	0	0	0	0	1	1	1	1	False	.	.	False	6	6
NAP1L5	1	1	0.052	288.0	0.006858	228.0	candidate_kenya_pair_013	.	0	0	1	1	0	0	0	0	0	0	1	1	1	1	False	.	.	False	6	6
NAT14	1	1	0.23	14.0	0.075	16.0	candidate_kenya_pair_014	.	0	0	1	1	0	0	0	0	0	0	1	1	1	1	False	.	.	False	6	6
NBN	2	2	0.145	69.0	0.049	42.0	candidate_kenya_pair_009,candidate_kenya_pair_013	.	0	0	1	1	0	0	1	1	0	0	1	1	1	1	False	.	.	False	6	6
NBPF11	3	8	0.225	52.5	0.037	36.5	candidate_kenya_pair_006,candidate_kenya_pair_009,candidate_kenya_pair_017	.	0	0	1	1	0	0	3	7	0	0	1	1	1	1	False	.	.	False	6	6
NBPF20	6	9	0.25	31.0	0.067	26.0	candidate_kenya_pair_006,candidate_kenya_pair_009,candidate_kenya_pair_010,candidate_kenya_pair_013,candidate_kenya_pair_015,candidate_kenya_pair_021	.	0	0	1	1	0	0	5	8	0	0	1	1	1	1	False	.	.	False	6	6
NBPF26	4	4	0.3025	42.0	0.059	22.0	candidate_kenya_pair_006,candidate_kenya_pair_010,candidate_kenya_pair_016,candidate_kenya_pair_018	.	0	0	1	1	0	0	3	3	0	0	1	1	1	1	False	.	.	False	6	6
NBPF3	1	1	0.082	130.0	0.011	141.0	candidate_kenya_pair_013	.	0	0	1	1	0	0	0	0	0	0	1	1	1	1	False	.	.	False	6	6
NBPF6	1	1	0.99	341.0	0.008697	183.0	candidate_kenya_pair_006	.	0	0	1	1	0	0	0	0	0	0	1	1	1	1	False	.	.	False	6	6
NBPF9	3	7	0.177	56.0	0.036	39.0	candidate_kenya_pair_002,candidate_kenya_pair_006,candidate_kenya_pair_017	.	0	0	1	1	1	1	3	5	0	0	1	1	1	1	False	.	.	False	6	6
NCKAP1L	2	2	0.08299999999999999	86.5	0.031	51.5	candidate_kenya_pair_014,candidate_kenya_pair_015	.	0	0	1	1	0	0	1	1	0	0	1	1	1	1	False	.	.	False	6	6
NCKAP5L	1	2	0.1295	39.5	0.0705	15.5	candidate_kenya_pair_001	.	0	0	1	1	0	0	1	1	0	0	1	1	1	1	False	.	.	False	6	6
NCOA3	1	1	0.087	71.0	0.067	18.0	candidate_kenya_pair_009	.	0	0	1	1	0	0	0	0	0	0	1	1	1	1	False	.	.	False	6	6
NCOR1	1	1	0.083	74.0	0.05	31.0	candidate_kenya_pair_001	.	0	0	1	1	0	0	0	0	0	0	1	1	1	1	False	.	.	False	6	6
NCS1	1	1	0.067	108.0	0.021	57.0	candidate_kenya_pair_019	.	0	0	1	1	0	0	0	0	0	0	1	1	1	1	False	.	.	False	6	6
NDUFA5	1	1	0.128	40.0	0.045	29.0	candidate_kenya_pair_020	.	0	0	1	1	0	0	0	0	0	0	1	1	1	1	False	.	.	False	6	6
NDUFAF6	1	1	0.081	58.0	0.03	52.0	candidate_kenya_pair_014	.	0	0	1	1	0	0	0	0	0	0	1	1	1	1	False	.	.	False	6	6
NDUFB10	1	1	0.03	352.0	0.019	155.0	candidate_kenya_pair_005	.	0	0	1	1	0	0	0	0	0	0	1	1	1	1	False	.	.	False	6	6
NDUFB7	1	1	0.032	258.0	0.013	117.0	candidate_kenya_pair_020	.	0	0	1	1	0	0	0	0	0	0	1	1	1	1	False	.	.	False	6	6
NDUFB8	1	1	0.079	140.0	0.035	39.0	candidate_kenya_pair_003	.	0	0	1	1	0	0	0	0	0	0	1	1	1	1	False	.	.	False	6	6
NDUFC2	1	1	0.052	111.0	0.029	50.0	candidate_kenya_pair_007	.	0	0	1	1	0	0	0	0	0	0	1	1	1	1	False	.	.	False	6	6
NEFH	1	1	0.049	135.0	0.037	38.0	candidate_kenya_pair_021	.	0	0	1	1	0	0	0	0	0	0	1	1	1	1	False	.	.	False	6	6
NEO1	1	1	0.229	364.0	0.009526	330.0	candidate_kenya_pair_013	.	0	0	1	1	0	0	0	0	0	0	1	1	1	1	False	.	.	False	6	6
NEURL1	2	2	0.1945	181.0	0.023174	105.0	candidate_kenya_pair_003,candidate_kenya_pair_020	.	0	0	1	1	0	0	1	1	0	0	1	1	1	1	False	.	.	False	6	6
NFASC	9	9	0.13	69.0	0.041	29.0	candidate_kenya_pair_004,candidate_kenya_pair_005,candidate_kenya_pair_006,candidate_kenya_pair_007,candidate_kenya_pair_008,candidate_kenya_pair_009,candidate_kenya_pair_013,candidate_kenya_pair_015,candidate_kenya_pair_020	.	0	0	1	1	0	0	8	8	0	0	1	1	1	1	False	.	.	False	6	6
NFE2L3	1	1	0.071	67.0	0.042	36.0	candidate_kenya_pair_006	.	0	0	1	1	0	0	0	0	0	0	1	1	1	1	False	.	.	False	6	6
NFRKB	1	1	0.099	40.0	0.063	20.0	candidate_kenya_pair_004	.	0	0	1	1	0	0	0	0	0	0	1	1	1	1	False	.	.	False	6	6
NHS	1	2	0.119	262.5	0.0128445	155.5	candidate_kenya_pair_007	.	0	0	1	1	0	0	1	1	0	0	1	1	1	1	False	.	.	False	6	6
NIBAN2	2	2	0.10200000000000001	52.0	0.0285	52.0	candidate_kenya_pair_004,candidate_kenya_pair_008	.	0	0	1	1	0	0	1	1	0	0	1	1	1	1	False	.	.	False	6	6
NIPAL1	3	3	0.088	51.0	0.043	33.0	candidate_kenya_pair_002,candidate_kenya_pair_006,candidate_kenya_pair_019	.	0	0	1	1	0	0	2	2	0	0	1	1	1	1	False	.	.	False	6	6
NKTR	2	2	0.106	41.0	0.058	36.0	candidate_kenya_pair_008,candidate_kenya_pair_010	.	0	0	1	1	0	0	1	1	0	0	1	1	1	1	False	.	.	False	6	6
NLGN2	1	1	0.084	419.0	0.002358	665.0	candidate_kenya_pair_013	.	0	0	1	1	0	0	0	0	0	0	1	1	1	1	False	.	.	False	6	6
NMB	2	2	0.11699999999999999	44.0	0.052500000000000005	24.5	candidate_kenya_pair_005,candidate_kenya_pair_019	.	0	0	1	1	0	0	1	1	0	0	1	1	1	1	False	.	.	False	6	6
NME6	1	1	0.091	82.0	0.045	34.0	candidate_kenya_pair_020	.	0	0	1	1	0	0	0	0	0	0	1	1	1	1	False	.	.	False	6	6
NMNAT2	1	2	0.1355	54.0	0.05	27.5	candidate_kenya_pair_004	.	0	0	1	1	0	0	1	1	0	0	1	1	1	1	False	.	.	False	6	6
NOL10	3	3	0.153	38.0	0.061	18.0	candidate_kenya_pair_013,candidate_kenya_pair_014,candidate_kenya_pair_021	.	0	0	1	1	0	0	2	2	0	0	1	1	1	1	False	.	.	False	6	6
NOL4	2	2	0.1445	110.5	0.0305	56.5	candidate_kenya_pair_002,candidate_kenya_pair_014	.	0	0	1	1	0	0	1	1	0	0	1	1	1	1	False	.	.	False	6	6
NOL9	2	2	0.10850000000000001	46.5	0.053	31.5	candidate_kenya_pair_006,candidate_kenya_pair_017	.	0	0	1	1	0	0	1	1	0	0	1	1	1	1	False	.	.	False	6	6
NOX4	3	3	0.131	36.0	0.065	23.0	candidate_kenya_pair_006,candidate_kenya_pair_007,candidate_kenya_pair_019	.	0	0	1	1	0	0	2	2	0	0	1	1	1	1	False	.	.	False	6	6
NPAT	1	1	0.109	56.0	0.055	25.0	candidate_kenya_pair_017	.	0	0	1	1	0	0	0	0	0	0	1	1	1	1	False	.	.	False	6	6
NPDC1	1	1	0.045	141.0	0.036	41.0	candidate_kenya_pair_018	.	0	0	1	1	0	0	0	0	0	0	1	1	1	1	False	.	.	False	6	6
NPIPB11	1	1	0.976	53.0	0.022	65.0	candidate_kenya_pair_006	.	0	0	1	1	0	0	0	0	0	0	1	1	1	1	False	.	.	False	6	6
NPR1	3	4	0.1055	63.0	0.0505	25.5	candidate_kenya_pair_001,candidate_kenya_pair_013,candidate_kenya_pair_017	.	0	0	1	1	0	0	2	3	0	0	1	1	1	1	False	.	.	False	6	6
NPY4R2	1	1	0.273	188.0	0.012	116.0	candidate_kenya_pair_006	.	0	0	1	1	0	0	0	0	0	0	1	1	1	1	False	.	.	False	6	6
NR1D2	1	1	0.37	89.0	0.028	52.0	candidate_kenya_pair_006	.	0	0	1	1	0	0	0	0	0	0	1	1	1	1	False	.	.	False	6	6
NR5A1	2	2	0.146	41.5	0.059	23.5	candidate_kenya_pair_014,candidate_kenya_pair_019	.	0	0	1	1	0	0	1	1	0	0	1	1	1	1	False	.	.	False	6	6
NR5A2	5	5	0.185	154.0	0.017	83.0	candidate_kenya_pair_003,candidate_kenya_pair_006,candidate_kenya_pair_007,candidate_kenya_pair_013,candidate_kenya_pair_019	.	0	0	1	1	0	0	4	4	0	0	1	1	1	1	False	.	.	False	6	6
NRN1	1	1	0.062	279.0	0.005611	292.0	candidate_kenya_pair_013	.	0	0	1	1	0	0	0	0	0	0	1	1	1	1	False	.	.	False	6	6
NRXN1	3	3	0.219	39.0	0.063	23.0	candidate_kenya_pair_005,candidate_kenya_pair_006,candidate_kenya_pair_007	.	0	0	1	1	0	0	2	2	0	0	1	1	1	1	False	.	.	False	6	6
NRXN2	2	2	0.2575	84.0	0.043	45.0	candidate_kenya_pair_012,candidate_kenya_pair_020	.	0	0	1	1	0	0	1	1	0	0	1	1	1	1	False	.	.	False	6	6
NRXN3	4	4	0.0695	101.5	0.022	69.5	candidate_kenya_pair_003,candidate_kenya_pair_010,candidate_kenya_pair_013,candidate_kenya_pair_020	.	0	0	1	1	1	1	2	2	0	0	1	1	1	1	False	.	.	False	6	6
NSD3	4	5	0.105	34.0	0.059	20.0	candidate_kenya_pair_004,candidate_kenya_pair_012,candidate_kenya_pair_015,candidate_kenya_pair_018	.	0	0	1	1	1	1	3	3	0	0	1	1	1	1	False	.	.	False	6	6
NSG2	1	1	0.191	178.0	0.013	114.0	candidate_kenya_pair_003	.	0	0	1	1	0	0	0	0	0	0	1	1	1	1	False	.	.	False	6	6
NSUN3	1	1	0.058	163.0	0.009617	147.0	candidate_kenya_pair_013	.	0	0	1	1	0	0	0	0	0	0	1	1	1	1	False	.	.	False	6	6
NT5C2	2	2	0.10300000000000001	46.5	0.0435	62.5	candidate_kenya_pair_001,candidate_kenya_pair_008	.	0	0	1	1	0	0	1	1	0	0	1	1	1	1	False	.	.	False	6	6
NT5DC3	2	2	0.058499999999999996	258.5	0.023783	238.5	candidate_kenya_pair_013,candidate_kenya_pair_019	.	0	0	1	1	0	0	1	1	0	0	1	1	1	1	False	.	.	False	6	6
NUDT13	1	1	0.078	74.0	0.053	27.0	candidate_kenya_pair_007	.	0	0	1	1	0	0	0	0	0	0	1	1	1	1	False	.	.	False	6	6
NUDT16L1	2	2	0.0975	69.0	0.025500000000000002	49.0	candidate_kenya_pair_011,candidate_kenya_pair_013	.	0	0	1	1	0	0	1	1	0	0	1	1	1	1	False	.	.	False	6	6
NUP210L	1	1	0.145	57.0	0.091	13.0	candidate_kenya_pair_007	.	0	0	1	1	0	0	0	0	0	0	1	1	1	1	False	.	.	False	6	6
NUTM2G	1	1	0.175	216.0	0.015	94.0	candidate_kenya_pair_006	.	0	0	1	1	0	0	0	0	0	0	1	1	1	1	False	.	.	False	6	6
NWD1	1	1	0.994	248.0	0.015	106.0	candidate_kenya_pair_006	.	0	0	1	1	0	0	0	0	0	0	1	1	1	1	False	.	.	False	6	6
NXF3	2	2	0.1285	68.5	0.0325	39.5	candidate_kenya_pair_001,candidate_kenya_pair_002	.	0	0	1	1	0	0	1	1	0	0	1	1	1	1	False	.	.	False	6	6
NXN	1	2	0.0695	92.0	0.036000000000000004	40.5	candidate_kenya_pair_020	.	0	0	1	1	0	0	1	1	0	0	1	1	1	1	False	.	.	False	6	6
NYNRIN	3	4	0.047	131.5	0.022	64.0	candidate_kenya_pair_007,candidate_kenya_pair_013,candidate_kenya_pair_021	.	0	0	1	1	0	0	2	3	0	0	1	1	1	1	False	.	.	False	6	6
OAS3	1	1	0.344	43.0	0.021	64.0	candidate_kenya_pair_013	.	0	0	1	1	0	0	0	0	0	0	1	1	1	1	False	.	.	False	6	6
OLIG1	2	2	0.0705	88.0	0.042	30.0	candidate_kenya_pair_001,candidate_kenya_pair_014	.	0	0	1	1	1	1	0	0	0	0	1	1	1	1	False	.	.	False	6	6
OPA1	1	1	0.035	186.0	0.023	126.0	candidate_kenya_pair_013	.	0	0	1	1	0	0	0	0	0	0	1	1	1	1	False	.	.	False	6	6
OPHN1	3	3	0.086	136.0	0.031	44.0	candidate_kenya_pair_008,candidate_kenya_pair_015,candidate_kenya_pair_020	.	0	0	1	1	0	0	2	2	0	0	1	1	1	1	False	.	.	False	6	6
OPLAH	1	1	0.14	203.0	0.023	75.0	candidate_kenya_pair_003	.	0	0	1	1	0	0	0	0	0	0	1	1	1	1	False	.	.	False	6	6
OPN4	1	1	0.022	426.0	0.004162	375.0	candidate_kenya_pair_013	.	0	0	1	1	0	0	0	0	0	0	1	1	1	1	False	.	.	False	6	6
OR10A4	1	1	0.987	260.0	0.016	90.0	candidate_kenya_pair_006	.	0	0	1	1	0	0	0	0	0	0	1	1	1	1	False	.	.	False	6	6
OR10G2	1	1	0.243	240.0	0.006758	237.0	candidate_kenya_pair_006	.	0	0	1	1	0	0	0	0	0	0	1	1	1	1	False	.	.	False	6	6
OR10G7	1	1	0.053	196.0	0.014	118.0	candidate_kenya_pair_006	.	0	0	1	1	0	0	0	0	0	0	1	1	1	1	False	.	.	False	6	6
OR10G9	1	1	0.035	598.0	0.005186	327.0	candidate_kenya_pair_006	.	0	0	1	1	0	0	0	0	0	0	1	1	1	1	False	.	.	False	6	6
OR10H4	1	1	0.411	326.0	0.00635	226.0	candidate_kenya_pair_020	.	0	0	1	1	0	0	0	0	0	0	1	1	1	1	False	.	.	False	6	6
OR10J1	1	1	0.058	142.0	0.014	97.0	candidate_kenya_pair_020	.	0	0	1	1	0	0	0	0	0	0	1	1	1	1	False	.	.	False	6	6
OR11H6	1	1	0.045	310.0	0.005688	279.0	candidate_kenya_pair_015	.	0	0	1	1	0	0	0	0	0	0	1	1	1	1	False	.	.	False	6	6
OR1A1	1	2	0.9655	102.0	0.027500000000000004	54.5	candidate_kenya_pair_006	.	0	0	1	1	0	0	1	1	0	0	1	1	1	1	False	.	.	False	6	6
OR2AE1	1	1	0.061	312.0	0.005188	267.0	candidate_kenya_pair_013	.	0	0	1	1	0	0	0	0	0	0	1	1	1	1	False	.	.	False	6	6
OR2AG2	1	1	0.974	113.0	0.022	58.0	candidate_kenya_pair_006	.	0	0	1	1	0	0	0	0	0	0	1	1	1	1	False	.	.	False	6	6
OR2L3	1	1	0.371	471.0	0.00585	258.0	candidate_kenya_pair_006	.	0	0	1	1	0	0	0	0	0	0	1	1	1	1	False	.	.	False	6	6
OR2T29	1	1	0.081	167.0	0.02	102.0	candidate_kenya_pair_007	.	0	0	1	1	0	0	0	0	0	0	1	1	1	1	False	.	.	False	6	6
OR4C5	1	2	0.986	187.5	0.017499999999999998	89.5	candidate_kenya_pair_006	.	0	0	1	1	0	0	1	1	0	0	1	1	1	1	False	.	.	False	6	6
OR4F17	1	1	0.075	319.0	0.007689	185.0	candidate_kenya_pair_009	.	0	0	1	1	0	0	0	0	0	0	1	1	1	1	False	.	.	False	6	6
OR4S1	1	1	0.03	346.0	0.009578	170.0	candidate_kenya_pair_003	.	0	0	1	1	0	0	0	0	0	0	1	1	1	1	False	.	.	False	6	6
OR51T1	1	1	0.039	182.0	0.008219	183.0	candidate_kenya_pair_019	.	0	0	1	1	0	0	0	0	0	0	1	1	1	1	False	.	.	False	6	6
OR52E6	1	1	0.055	133.0	0.014	96.0	candidate_kenya_pair_019	.	0	0	1	1	0	0	0	0	0	0	1	1	1	1	False	.	.	False	6	6
OR52L1	1	1	0.995	309.0	0.008954	163.0	candidate_kenya_pair_006	.	0	0	1	1	0	0	0	0	0	0	1	1	1	1	False	.	.	False	6	6
OR52M1	1	1	0.092	281.0	0.01	146.0	candidate_kenya_pair_014	.	0	0	1	1	0	0	0	0	0	0	1	1	1	1	False	.	.	False	6	6
OR5D14	1	1	0.971	109.0	0.031	47.0	candidate_kenya_pair_006	.	0	0	1	1	0	0	0	0	0	0	1	1	1	1	False	.	.	False	6	6
OR5D16	1	1	0.985	205.0	0.017	84.0	candidate_kenya_pair_006	.	0	0	1	1	0	0	0	0	0	0	1	1	1	1	False	.	.	False	6	6
OR5H1	2	2	0.07	96.0	0.0295	65.0	candidate_kenya_pair_005,candidate_kenya_pair_019	.	0	0	1	1	1	1	0	0	0	0	1	1	1	1	False	.	.	False	6	6
OR6B3	1	2	0.625	193.0	0.019938	134.5	candidate_kenya_pair_006	.	0	0	1	1	0	0	1	1	0	0	1	1	1	1	False	.	.	False	6	6
OR6C68	1	1	0.985	211.0	0.011	143.0	candidate_kenya_pair_006	.	0	0	1	1	0	0	0	0	0	0	1	1	1	1	False	.	.	False	6	6
OR6K2	1	1	0.127	556.0	0.009518	320.0	candidate_kenya_pair_013	.	0	0	1	1	0	0	0	0	0	0	1	1	1	1	False	.	.	False	6	6
OR7D2	2	2	0.131	72.0	0.061	38.5	candidate_kenya_pair_015,candidate_kenya_pair_018	.	0	0	1	1	0	0	1	1	0	0	1	1	1	1	False	.	.	False	6	6
OR7E24	1	1	0.124	218.0	0.007051	208.0	candidate_kenya_pair_013	.	0	0	1	1	0	0	0	0	0	0	1	1	1	1	False	.	.	False	6	6
OR8B3	1	1	0.719	382.0	0.011	131.0	candidate_kenya_pair_006	.	0	0	1	1	0	0	0	0	0	0	1	1	1	1	False	.	.	False	6	6
ORC2	1	1	0.048	174.0	0.013	127.0	candidate_kenya_pair_013	.	0	0	1	1	0	0	0	0	0	0	1	1	1	1	False	.	.	False	6	6
ORC5	1	1	0.081	76.0	0.03	42.0	candidate_kenya_pair_001	.	0	0	1	1	0	0	0	0	0	0	1	1	1	1	False	.	.	False	6	6
ORM1	1	1	0.134	503.0	0.006158	266.0	candidate_kenya_pair_006	.	0	0	1	1	0	0	0	0	0	0	1	1	1	1	False	.	.	False	6	6
OSM	1	1	0.145	149.0	0.008185	174.0	candidate_kenya_pair_013	.	0	0	1	1	0	0	0	0	0	0	1	1	1	1	False	.	.	False	6	6
OSMR	1	1	0.084	136.0	0.012	122.0	candidate_kenya_pair_013	.	0	0	1	1	0	0	0	0	0	0	1	1	1	1	False	.	.	False	6	6
OTOF	4	4	0.059000000000000004	133.0	0.0215	68.5	candidate_kenya_pair_006,candidate_kenya_pair_012,candidate_kenya_pair_013,candidate_kenya_pair_020	.	0	0	1	1	1	1	2	2	0	0	1	1	1	1	False	.	.	False	6	6
OTX2	2	2	0.077	109.0	0.026500000000000003	55.0	candidate_kenya_pair_005,candidate_kenya_pair_008	.	0	0	1	1	0	0	1	1	0	0	1	1	1	1	False	.	.	False	6	6
OXR1	1	1	0.075	147.0	0.013	103.0	candidate_kenya_pair_013	.	0	0	1	1	0	0	0	0	0	0	1	1	1	1	False	.	.	False	6	6
P2RX2	1	1	0.025	336.0	0.011	153.0	candidate_kenya_pair_015	.	0	0	1	1	0	0	0	0	0	0	1	1	1	1	False	.	.	False	6	6
P2RY4	1	1	0.045	360.0	0.005102	295.0	candidate_kenya_pair_013	.	0	0	1	1	0	0	0	0	0	0	1	1	1	1	False	.	.	False	6	6
PABPN1L	1	1	0.048	150.0	0.021	75.0	candidate_kenya_pair_004	.	0	0	1	1	0	0	0	0	0	0	1	1	1	1	False	.	.	False	6	6
PACSIN3	1	1	0.964	89.0	0.026	64.0	candidate_kenya_pair_006	.	0	0	1	1	0	0	0	0	0	0	1	1	1	1	False	.	.	False	6	6
PADI2	3	3	0.277	176.0	0.021	99.0	candidate_kenya_pair_006,candidate_kenya_pair_010,candidate_kenya_pair_013	.	0	0	1	1	1	1	1	1	0	0	1	1	1	1	False	.	.	False	6	6
PADI4	2	2	0.2155	28.5	0.0665	20.0	candidate_kenya_pair_006,candidate_kenya_pair_019	.	0	0	1	1	0	0	1	1	0	0	1	1	1	1	False	.	.	False	6	6
PAGE3	1	1	0.061	104.0	0.017	89.0	candidate_kenya_pair_014	.	0	0	1	1	0	0	0	0	0	0	1	1	1	1	False	.	.	False	6	6
PANK3	2	2	0.0885	69.5	0.049	31.0	candidate_kenya_pair_005,candidate_kenya_pair_014	.	0	0	1	1	0	0	1	1	0	0	1	1	1	1	False	.	.	False	6	6
PAPOLG	1	1	0.176	28.0	0.091	15.0	candidate_kenya_pair_006	.	0	0	1	1	0	0	0	0	0	0	1	1	1	1	False	.	.	False	6	6
PAQR9	1	1	0.281	503.0	0.006662	217.0	candidate_kenya_pair_007	.	0	0	1	1	0	0	0	0	0	0	1	1	1	1	False	.	.	False	6	6
PARD3	1	1	0.211	197.0	0.019	79.0	candidate_kenya_pair_007	.	0	0	1	1	0	0	0	0	0	0	1	1	1	1	False	.	.	False	6	6
PATE2	1	1	0.045	150.0	0.021	79.0	candidate_kenya_pair_010	.	0	0	1	1	0	0	0	0	0	0	1	1	1	1	False	.	.	False	6	6
PAWR	2	2	0.2835	212.5	0.0219535	105.5	candidate_kenya_pair_005,candidate_kenya_pair_020	.	0	0	1	1	0	0	1	1	0	0	1	1	1	1	False	.	.	False	6	6
PAX7	3	4	0.0715	73.5	0.043	32.0	candidate_kenya_pair_012,candidate_kenya_pair_014,candidate_kenya_pair_015	.	0	0	1	1	0	0	2	3	0	0	1	1	1	1	False	.	.	False	6	6
PCDH18	1	1	0.072	235.0	0.007931	194.0	candidate_kenya_pair_013	.	0	0	1	1	0	0	0	0	0	0	1	1	1	1	False	.	.	False	6	6
PCDHA10	1	1	0.147	318.0	0.008557	172.0	candidate_kenya_pair_010	.	0	0	1	1	0	0	0	0	0	0	1	1	1	1	False	.	.	False	6	6
PCDHA3	1	2	0.0375	202.0	0.010499999999999999	140.5	candidate_kenya_pair_013	.	0	0	1	1	1	1	0	0	0	0	1	1	1	1	False	.	.	False	6	6
PCDHA4	1	1	0.038	502.0	0.004157	350.0	candidate_kenya_pair_013	.	0	0	1	1	0	0	0	0	0	0	1	1	1	1	False	.	.	False	6	6
PCDHA6	1	1	0.024	263.0	0.012	118.0	candidate_kenya_pair_006	.	0	0	1	1	0	0	0	0	0	0	1	1	1	1	False	.	.	False	6	6
PCDHA9	2	2	0.063	321.5	0.007887	203.0	candidate_kenya_pair_004,candidate_kenya_pair_018	.	0	0	1	1	1	1	0	0	0	0	1	1	1	1	False	.	.	False	6	6
PCDHB3	1	1	0.04	202.0	0.013	128.0	candidate_kenya_pair_006	.	0	0	1	1	0	0	0	0	0	0	1	1	1	1	False	.	.	False	6	6
PCDHB8	1	1	0.322	309.0	0.004427	336.0	candidate_kenya_pair_006	.	0	0	1	1	0	0	0	0	0	0	1	1	1	1	False	.	.	False	6	6
PCGF6	1	1	0.046	110.0	0.039	37.0	candidate_kenya_pair_014	.	0	0	1	1	0	0	0	0	0	0	1	1	1	1	False	.	.	False	6	6
PCNT	1	1	0.068	68.0	0.058	22.0	candidate_kenya_pair_020	.	0	0	1	1	0	0	0	0	0	0	1	1	1	1	False	.	.	False	6	6
PCNX4	2	4	0.9675	98.0	0.0225	63.0	candidate_kenya_pair_006,candidate_kenya_pair_008	.	0	0	1	1	1	1	2	2	0	0	1	1	1	1	False	.	.	False	6	6
PCSK9	1	1	0.438	88.0	0.053	29.0	candidate_kenya_pair_020	.	0	0	1	1	0	0	0	0	0	0	1	1	1	1	False	.	.	False	6	6
PCYT1A	2	2	0.118	68.0	0.041999999999999996	68.0	candidate_kenya_pair_013,candidate_kenya_pair_019	.	0	0	1	1	0	0	1	1	0	0	1	1	1	1	False	.	.	False	6	6
PDC	2	2	0.521	257.0	0.0087195	189.5	candidate_kenya_pair_006,candidate_kenya_pair_013	.	0	0	1	1	0	0	1	1	0	0	1	1	1	1	False	.	.	False	6	6
PDCD11	2	2	0.0955	59.0	0.0275	51.5	candidate_kenya_pair_011,candidate_kenya_pair_012	.	0	0	1	1	0	0	1	1	0	0	1	1	1	1	False	.	.	False	6	6
PDE12	1	1	0.111	357.0	0.008039	199.0	candidate_kenya_pair_001	.	0	0	1	1	0	0	0	0	0	0	1	1	1	1	False	.	.	False	6	6
PDE7A	1	1	0.115	43.0	0.045	33.0	candidate_kenya_pair_019	.	0	0	1	1	0	0	0	0	0	0	1	1	1	1	False	.	.	False	6	6
PDPR	4	4	0.1085	164.0	0.016	90.0	candidate_kenya_pair_003,candidate_kenya_pair_006,candidate_kenya_pair_017,candidate_kenya_pair_021	.	0	0	1	1	1	1	2	2	0	0	1	1	1	1	False	.	.	False	6	6
PDZD2	2	2	0.0645	65.0	0.0385	43.5	candidate_kenya_pair_011,candidate_kenya_pair_017	.	0	0	1	1	0	0	1	1	0	0	1	1	1	1	False	.	.	False	6	6
PDZD7	3	4	0.20249999999999999	32.5	0.0795	15.0	candidate_kenya_pair_003,candidate_kenya_pair_007,candidate_kenya_pair_008	.	0	0	1	1	0	0	2	3	0	0	1	1	1	1	False	.	.	False	6	6
PECR	1	1	0.066	153.0	0.023	74.0	candidate_kenya_pair_006	.	0	0	1	1	0	0	0	0	0	0	1	1	1	1	False	.	.	False	6	6
PEG10	2	2	0.177	124.5	0.0133635	127.0	candidate_kenya_pair_008,candidate_kenya_pair_019	.	0	0	1	1	0	0	1	1	0	0	1	1	1	1	False	.	.	False	6	6
PELO	1	1	0.078	84.0	0.024	53.0	candidate_kenya_pair_013	.	0	0	1	1	0	0	0	0	0	0	1	1	1	1	False	.	.	False	6	6
PER1	4	4	0.07500000000000001	65.5	0.025	55.5	candidate_kenya_pair_011,candidate_kenya_pair_012,candidate_kenya_pair_013,candidate_kenya_pair_021	.	0	0	1	1	2	2	1	1	0	0	1	1	1	1	False	.	.	False	6	6
PEX10	1	1	0.073	384.0	0.011	153.0	candidate_kenya_pair_003	.	0	0	1	1	0	0	0	0	0	0	1	1	1	1	False	.	.	False	6	6
PEX11B	3	3	0.063	79.0	0.035	31.0	candidate_kenya_pair_005,candidate_kenya_pair_014,candidate_kenya_pair_015	.	0	0	1	1	0	0	2	2	0	0	1	1	1	1	False	.	.	False	6	6
PEX19	1	1	0.05	313.0	0.006473	242.0	candidate_kenya_pair_013	.	0	0	1	1	0	0	0	0	0	0	1	1	1	1	False	.	.	False	6	6
PF4V1	1	1	0.064	185.0	0.014	104.0	candidate_kenya_pair_003	.	0	0	1	1	0	0	0	0	0	0	1	1	1	1	False	.	.	False	6	6
PGRMC1	1	1	0.032	187.0	0.021	72.0	candidate_kenya_pair_014	.	0	0	1	1	0	0	0	0	0	0	1	1	1	1	False	.	.	False	6	6
PHF20L1	2	2	0.122	86.0	0.06	27.5	candidate_kenya_pair_005,candidate_kenya_pair_014	.	0	0	1	1	0	0	1	1	0	0	1	1	1	1	False	.	.	False	6	6
PHF21A	2	2	0.08	77.5	0.056499999999999995	26.5	candidate_kenya_pair_004,candidate_kenya_pair_015	.	0	0	1	1	0	0	1	1	0	0	1	1	1	1	False	.	.	False	6	6
PHKB	2	2	0.0865	52.5	0.072	17.0	candidate_kenya_pair_005,candidate_kenya_pair_014	.	0	0	1	1	0	0	1	1	0	0	1	1	1	1	False	.	.	False	6	6
PHOX2B	1	2	0.053000000000000005	250.0	0.0069905	226.0	candidate_kenya_pair_013	.	0	0	1	1	0	0	1	1	0	0	1	1	1	1	False	.	.	False	6	6
PIEZO1	3	3	0.124	78.0	0.056	25.0	candidate_kenya_pair_006,candidate_kenya_pair_007,candidate_kenya_pair_020	.	0	0	1	1	0	0	2	2	0	0	1	1	1	1	False	.	.	False	6	6
PIF1	1	1	0.124	35.0	0.067	19.0	candidate_kenya_pair_009	.	0	0	1	1	0	0	0	0	0	0	1	1	1	1	False	.	.	False	6	6
PIFO	1	2	0.0995	47.0	0.0455	32.5	candidate_kenya_pair_007	.	0	0	1	1	0	0	1	1	0	0	1	1	1	1	False	.	.	False	6	6
PIGB	1	1	0.063	84.0	0.043	34.0	candidate_kenya_pair_017	.	0	0	1	1	0	0	0	0	0	0	1	1	1	1	False	.	.	False	6	6
PIK3CG	2	2	0.09849999999999999	74.0	0.0385	42.5	candidate_kenya_pair_007,candidate_kenya_pair_021	.	0	0	1	1	0	0	1	1	0	0	1	1	1	1	False	.	.	False	6	6
PIK3R1	3	5	0.15	64.0	0.026	43.0	candidate_kenya_pair_006,candidate_kenya_pair_015,candidate_kenya_pair_021	.	0	0	1	1	0	0	2	4	0	0	1	1	1	1	False	.	.	False	6	6
PINX1	1	1	0.056	139.0	0.011	135.0	candidate_kenya_pair_019	.	0	0	1	1	0	0	0	0	0	0	1	1	1	1	False	.	.	False	6	6
PITPNM3	2	2	0.0645	80.5	0.0415	37.5	candidate_kenya_pair_007,candidate_kenya_pair_008	.	0	0	1	1	0	0	1	1	0	0	1	1	1	1	False	.	.	False	6	6
PKIB	1	1	0.059	96.0	0.029	48.0	candidate_kenya_pair_003	.	0	0	1	1	0	0	0	0	0	0	1	1	1	1	False	.	.	False	6	6
PLAAT5	1	1	0.214	88.0	0.053	56.0	candidate_kenya_pair_013	.	0	0	1	1	0	0	0	0	0	0	1	1	1	1	False	.	.	False	6	6
PLBD1	1	1	0.142	145.0	0.012	130.0	candidate_kenya_pair_012	.	0	0	1	1	0	0	0	0	0	0	1	1	1	1	False	.	.	False	6	6
PLCD1	1	1	0.102	61.0	0.049	29.0	candidate_kenya_pair_002	.	0	0	1	1	0	0	0	0	0	0	1	1	1	1	False	.	.	False	6	6
PLEKHA7	3	5	0.057	92.0	0.042	30.0	candidate_kenya_pair_005,candidate_kenya_pair_006,candidate_kenya_pair_010	.	0	0	1	1	1	2	2	2	0	0	1	1	1	1	False	.	.	False	6	6
PLEKHG2	2	2	0.093	57.5	0.041499999999999995	31.0	candidate_kenya_pair_008,candidate_kenya_pair_021	.	0	0	1	1	0	0	1	1	0	0	1	1	1	1	False	.	.	False	6	6
PLK2	2	3	0.157	134.0	0.025	122.0	candidate_kenya_pair_013,candidate_kenya_pair_020	.	0	0	1	1	1	1	1	1	0	0	1	1	1	1	False	.	.	False	6	6
PLK3	2	2	0.13849999999999998	35.0	0.045	28.5	candidate_kenya_pair_009,candidate_kenya_pair_013	.	0	0	1	1	0	0	1	1	0	0	1	1	1	1	False	.	.	False	6	6
PLOD2	2	2	0.208	194.5	0.016623	126.5	candidate_kenya_pair_007,candidate_kenya_pair_015	.	0	0	1	1	0	0	1	1	0	0	1	1	1	1	False	.	.	False	6	6
PLPPR3	1	1	0.06	320.0	0.013	123.0	candidate_kenya_pair_020	.	0	0	1	1	0	0	0	0	0	0	1	1	1	1	False	.	.	False	6	6
PLXDC2	2	2	0.192	61.5	0.0485	50.0	candidate_kenya_pair_001,candidate_kenya_pair_015	.	0	0	1	1	0	0	1	1	0	0	1	1	1	1	False	.	.	False	6	6
PLXND1	3	3	0.1	51.0	0.043	27.0	candidate_kenya_pair_012,candidate_kenya_pair_019,candidate_kenya_pair_020	.	0	0	1	1	0	0	2	2	0	0	1	1	1	1	False	.	.	False	6	6
PMS1	1	1	0.07	65.0	0.025	62.0	candidate_kenya_pair_013	.	0	0	1	1	0	0	0	0	0	0	1	1	1	1	False	.	.	False	6	6
PNMA8A	1	1	0.103	36.0	0.047	23.0	candidate_kenya_pair_014	.	0	0	1	1	0	0	0	0	0	0	1	1	1	1	False	.	.	False	6	6
PNN	2	2	0.1525	30.5	0.068	20.0	candidate_kenya_pair_004,candidate_kenya_pair_010	.	0	0	1	1	0	0	1	1	0	0	1	1	1	1	False	.	.	False	6	6
PNPLA4	2	2	0.0655	115.5	0.0355	54.0	candidate_kenya_pair_004,candidate_kenya_pair_009	.	0	0	1	1	0	0	1	1	0	0	1	1	1	1	False	.	.	False	6	6
PNRC2	1	1	0.248	15.0	0.083	16.0	candidate_kenya_pair_011	.	0	0	1	1	0	0	0	0	0	0	1	1	1	1	False	.	.	False	6	6
PODNL1	2	2	0.055499999999999994	105.5	0.022	59.5	candidate_kenya_pair_018,candidate_kenya_pair_019	.	0	0	1	1	0	0	1	1	0	0	1	1	1	1	False	.	.	False	6	6
POF1B	1	1	0.087	234.0	0.014	115.0	candidate_kenya_pair_018	.	0	0	1	1	0	0	0	0	0	0	1	1	1	1	False	.	.	False	6	6
POLD3	1	1	0.077	296.0	0.014	115.0	candidate_kenya_pair_018	.	0	0	1	1	0	0	0	0	0	0	1	1	1	1	False	.	.	False	6	6
POLM	2	2	0.0695	59.5	0.0495	29.0	candidate_kenya_pair_009,candidate_kenya_pair_015	.	0	0	1	1	1	1	0	0	0	0	1	1	1	1	False	.	.	False	6	6
POLN	2	3	0.061	59.0	0.033	45.0	candidate_kenya_pair_020,candidate_kenya_pair_021	.	0	0	1	1	0	0	2	2	0	0	1	1	1	1	False	.	.	False	6	6
POLR1A	2	3	0.118	20.0	0.077	14.0	candidate_kenya_pair_011,candidate_kenya_pair_012	.	0	0	1	1	0	0	1	2	0	0	1	1	1	1	False	.	.	False	6	6
POLR1E	3	3	0.081	108.0	0.013	122.0	candidate_kenya_pair_006,candidate_kenya_pair_013,candidate_kenya_pair_019	.	0	0	1	1	0	0	2	2	0	0	1	1	1	1	False	.	.	False	6	6
POLR2A	1	1	0.134	224.0	0.013	117.0	candidate_kenya_pair_020	.	0	0	1	1	0	0	0	0	0	0	1	1	1	1	False	.	.	False	6	6
POLR3A	3	3	0.107	54.0	0.021	64.0	candidate_kenya_pair_005,candidate_kenya_pair_006,candidate_kenya_pair_013	.	0	0	1	1	0	0	2	2	0	0	1	1	1	1	False	.	.	False	6	6
POLR3B	2	2	0.21	154.0	0.018500000000000003	85.0	candidate_kenya_pair_009,candidate_kenya_pair_019	.	0	0	1	1	1	1	0	0	0	0	1	1	1	1	False	.	.	False	6	6
POM121	2	3	0.964	57.0	0.009526	170.0	candidate_kenya_pair_006,candidate_kenya_pair_013	.	0	0	1	1	1	1	1	1	0	0	1	1	1	1	False	.	.	False	6	6
POM121C	2	2	0.11850000000000001	133.5	0.0355	82.0	candidate_kenya_pair_012,candidate_kenya_pair_014	.	0	0	1	1	0	0	1	1	0	0	1	1	1	1	False	.	.	False	6	6
POMGNT1	2	2	0.0905	237.0	0.02512	195.5	candidate_kenya_pair_007,candidate_kenya_pair_013	.	0	0	1	1	0	0	1	1	0	0	1	1	1	1	False	.	.	False	6	6
POTEE	3	4	0.22749999999999998	118.0	0.02137	92.0	candidate_kenya_pair_003,candidate_kenya_pair_006,candidate_kenya_pair_012	.	0	0	1	1	1	1	2	2	0	0	1	1	1	1	False	.	.	False	6	6
POTEI	1	2	0.26	186.0	0.0345	109.0	candidate_kenya_pair_006	.	0	0	1	1	1	1	0	0	0	0	1	1	1	1	False	.	.	False	6	6
POU3F3	1	1	0.022	432.0	0.01	226.0	candidate_kenya_pair_014	.	0	0	1	1	0	0	0	0	0	0	1	1	1	1	False	.	.	False	6	6
POU5F2	1	1	0.072	97.0	0.028	45.0	candidate_kenya_pair_020	.	0	0	1	1	0	0	0	0	0	0	1	1	1	1	False	.	.	False	6	6
PPAT	1	1	0.229	152.0	0.015	111.0	candidate_kenya_pair_013	.	0	0	1	1	0	0	0	0	0	0	1	1	1	1	False	.	.	False	6	6
PPFIA4	3	3	0.097	85.0	0.037	44.0	candidate_kenya_pair_003,candidate_kenya_pair_010,candidate_kenya_pair_021	.	0	0	1	1	0	0	2	2	0	0	1	1	1	1	False	.	.	False	6	6
PPIF	2	2	0.07350000000000001	166.0	0.028999999999999998	113.0	candidate_kenya_pair_006,candidate_kenya_pair_013	.	0	0	1	1	0	0	1	1	0	0	1	1	1	1	False	.	.	False	6	6
PPM1D	2	2	0.0635	87.0	0.053000000000000005	40.0	candidate_kenya_pair_003,candidate_kenya_pair_014	.	0	0	1	1	0	0	1	1	0	0	1	1	1	1	False	.	.	False	6	6
PPM1E	1	1	0.06	72.0	0.05	29.0	candidate_kenya_pair_017	.	0	0	1	1	0	0	0	0	0	0	1	1	1	1	False	.	.	False	6	6
PPM1N	1	1	0.12	42.0	0.041	29.0	candidate_kenya_pair_017	.	0	0	1	1	0	0	0	0	0	0	1	1	1	1	False	.	.	False	6	6
PPP1CA	1	1	0.046	201.0	0.019	84.0	candidate_kenya_pair_012	.	0	0	1	1	0	0	0	0	0	0	1	1	1	1	False	.	.	False	6	6
PPP1R15A	1	1	0.091	82.0	0.033	43.0	candidate_kenya_pair_021	.	0	0	1	1	0	0	0	0	0	0	1	1	1	1	False	.	.	False	6	6
PPP1R15B	1	1	0.166	229.0	0.013	110.0	candidate_kenya_pair_016	.	0	0	1	1	0	0	0	0	0	0	1	1	1	1	False	.	.	False	6	6
PPP1R37	3	3	0.102	50.0	0.058	20.0	candidate_kenya_pair_012,candidate_kenya_pair_014,candidate_kenya_pair_020	.	0	0	1	1	0	0	2	2	0	0	1	1	1	1	False	.	.	False	6	6
PPP2R3C	1	1	0.075	77.0	0.037	40.0	candidate_kenya_pair_018	.	0	0	1	1	0	0	0	0	0	0	1	1	1	1	False	.	.	False	6	6
PPP2R5A	1	1	0.083	56.0	0.048	31.0	candidate_kenya_pair_017	.	0	0	1	1	0	0	0	0	0	0	1	1	1	1	False	.	.	False	6	6
PPP3CA	5	8	0.1365	116.0	0.026	72.0	candidate_kenya_pair_006,candidate_kenya_pair_013,candidate_kenya_pair_014,candidate_kenya_pair_015,candidate_kenya_pair_019	.	0	0	1	1	0	0	5	7	0	0	1	1	1	1	False	.	.	False	6	6
PPP4R3B	1	1	0.091	56.0	0.033	48.0	candidate_kenya_pair_020	.	0	0	1	1	0	0	0	0	0	0	1	1	1	1	False	.	.	False	6	6
PPP6R1	1	1	0.04	153.0	0.033	45.0	candidate_kenya_pair_001	.	0	0	1	1	0	0	0	0	0	0	1	1	1	1	False	.	.	False	6	6
PRAC2	2	2	0.517	69.5	0.028999999999999998	54.5	candidate_kenya_pair_006,candidate_kenya_pair_013	.	0	0	1	1	0	0	1	1	0	0	1	1	1	1	False	.	.	False	6	6
PRAMEF6	1	1	0.084	65.0	0.036	38.0	candidate_kenya_pair_004	.	0	0	1	1	0	0	0	0	0	0	1	1	1	1	False	.	.	False	6	6
PRCC	1	1	0.087	72.0	0.058	17.0	candidate_kenya_pair_018	.	0	0	1	1	0	0	0	0	0	0	1	1	1	1	False	.	.	False	6	6
PRDM1	3	3	0.045	155.0	0.02	62.0	candidate_kenya_pair_006,candidate_kenya_pair_015,candidate_kenya_pair_018	.	0	0	1	1	0	0	2	2	0	0	1	1	1	1	False	.	.	False	6	6
PRDM5	3	3	0.13	33.0	0.054	20.0	candidate_kenya_pair_008,candidate_kenya_pair_013,candidate_kenya_pair_019	.	0	0	1	1	0	0	2	2	0	0	1	1	1	1	False	.	.	False	6	6
PRDM8	1	1	0.037	168.0	0.018	85.0	candidate_kenya_pair_014	.	0	0	1	1	0	0	0	0	0	0	1	1	1	1	False	.	.	False	6	6
PRDM9	1	1	0.048	143.0	0.019	76.0	candidate_kenya_pair_003	.	0	0	1	1	0	0	0	0	0	0	1	1	1	1	False	.	.	False	6	6
PRDX1	1	1	0.083	63.0	0.018	73.0	candidate_kenya_pair_013	.	0	0	1	1	0	0	0	0	0	0	1	1	1	1	False	.	.	False	6	6
PRDX2	1	1	0.046	137.0	0.019	69.0	candidate_kenya_pair_019	.	0	0	1	1	0	0	0	0	0	0	1	1	1	1	False	.	.	False	6	6
PRDX4	1	1	0.043	333.0	0.015	97.0	candidate_kenya_pair_007	.	0	0	1	1	0	0	0	0	0	0	1	1	1	1	False	.	.	False	6	6
PRDX5	2	2	0.095	166.5	0.024962500000000002	110.0	candidate_kenya_pair_013,candidate_kenya_pair_015	.	0	0	1	1	0	0	1	1	0	0	1	1	1	1	False	.	.	False	6	6
PREB	1	2	0.086	192.5	0.008161999999999999	214.5	candidate_kenya_pair_013	.	0	0	1	1	0	0	1	1	0	0	1	1	1	1	False	.	.	False	6	6
PRIMPOL	1	1	0.211	84.0	0.043	74.0	candidate_kenya_pair_016	.	0	0	1	1	0	0	0	0	0	0	1	1	1	1	False	.	.	False	6	6
PRKAG1	1	1	0.057	193.0	0.007763	192.0	candidate_kenya_pair_013	.	0	0	1	1	0	0	0	0	0	0	1	1	1	1	False	.	.	False	6	6
PRKAR2A	1	1	0.083	54.0	0.02	84.0	candidate_kenya_pair_013	.	0	0	1	1	0	0	0	0	0	0	1	1	1	1	False	.	.	False	6	6
PRKCB	1	1	0.07	82.0	0.036	42.0	candidate_kenya_pair_020	.	0	0	1	1	0	0	0	0	0	0	1	1	1	1	False	.	.	False	6	6
PRMT3	2	2	0.063	81.5	0.0485	30.5	candidate_kenya_pair_003,candidate_kenya_pair_021	.	0	0	1	1	0	0	1	1	0	0	1	1	1	1	False	.	.	False	6	6
PROB1	1	1	0.032	275.0	0.008645	191.0	candidate_kenya_pair_004	.	0	0	1	1	0	0	0	0	0	0	1	1	1	1	False	.	.	False	6	6
PROKR1	1	1	0.985	320.0	0.007278	214.0	candidate_kenya_pair_006	.	0	0	1	1	0	0	0	0	0	0	1	1	1	1	False	.	.	False	6	6
PROKR2	1	1	0.291	179.0	0.011	119.0	candidate_kenya_pair_020	.	0	0	1	1	0	0	0	0	0	0	1	1	1	1	False	.	.	False	6	6
PRPF6	1	1	0.428	126.0	0.05	59.0	candidate_kenya_pair_015	.	0	0	1	1	0	0	0	0	0	0	1	1	1	1	False	.	.	False	6	6
PRR14	2	2	0.15849999999999997	543.0	0.054142	100.5	candidate_kenya_pair_007,candidate_kenya_pair_009	.	0	0	1	1	0	0	1	1	0	0	1	1	1	1	False	.	.	False	6	6
PRR15	1	1	0.042	146.0	0.01	152.0	candidate_kenya_pair_013	.	0	0	1	1	0	0	0	0	0	0	1	1	1	1	False	.	.	False	6	6
PRR18	1	1	0.325	67.0	0.027	52.0	candidate_kenya_pair_013	.	0	0	1	1	0	0	0	0	0	0	1	1	1	1	False	.	.	False	6	6
PRRC2C	1	1	0.058	97.0	0.016	80.0	candidate_kenya_pair_013	.	0	0	1	1	0	0	0	0	0	0	1	1	1	1	False	.	.	False	6	6
PRSS37	1	1	0.073	329.0	0.00539	288.0	candidate_kenya_pair_013	.	0	0	1	1	0	0	0	0	0	0	1	1	1	1	False	.	.	False	6	6
PRUNE2	2	3	0.06	124.0	0.015	85.0	candidate_kenya_pair_002,candidate_kenya_pair_013	.	0	0	1	1	0	0	2	2	0	0	1	1	1	1	False	.	.	False	6	6
PSD	3	3	0.055	138.0	0.021	66.0	candidate_kenya_pair_008,candidate_kenya_pair_014,candidate_kenya_pair_021	.	0	0	1	1	0	0	2	2	0	0	1	1	1	1	False	.	.	False	6	6
PSG1	2	4	0.0635	110.5	0.016	87.0	candidate_kenya_pair_006,candidate_kenya_pair_013	.	0	0	1	1	1	1	2	2	0	0	1	1	1	1	False	.	.	False	6	6
PSG11	2	4	0.0755	268.5	0.0075525	191.5	candidate_kenya_pair_009,candidate_kenya_pair_013	.	0	0	1	1	1	1	2	2	0	0	1	1	1	1	False	.	.	False	6	6
PSG5	3	4	0.1215	30.0	0.058499999999999996	18.5	candidate_kenya_pair_006,candidate_kenya_pair_010,candidate_kenya_pair_013	.	0	0	1	1	0	0	3	3	0	0	1	1	1	1	False	.	.	False	6	6
PSMB1	1	1	0.093	61.0	0.037	38.0	candidate_kenya_pair_007	.	0	0	1	1	0	0	0	0	0	0	1	1	1	1	False	.	.	False	6	6
PSPH	1	2	0.0755	115.0	0.036	44.0	candidate_kenya_pair_015	.	0	0	1	1	0	0	1	1	0	0	1	1	1	1	False	.	.	False	6	6
PTCD1	1	1	0.066	145.0	0.013	112.0	candidate_kenya_pair_013	.	0	0	1	1	0	0	0	0	0	0	1	1	1	1	False	.	.	False	6	6
PTCH1	2	2	0.0635	95.5	0.03	64.0	candidate_kenya_pair_005,candidate_kenya_pair_013	.	0	0	1	1	0	0	1	1	0	0	1	1	1	1	False	.	.	False	6	6
PTEN	1	1	0.16	35.0	0.048	24.0	candidate_kenya_pair_009	.	0	0	1	1	0	0	0	0	0	0	1	1	1	1	False	.	.	False	6	6
PTGES2	3	3	0.111	46.0	0.046	27.0	candidate_kenya_pair_003,candidate_kenya_pair_008,candidate_kenya_pair_010	.	0	0	1	1	0	0	2	2	0	0	1	1	1	1	False	.	.	False	6	6
PTGES3L	1	1	0.2	38.0	0.053	23.0	candidate_kenya_pair_006	.	0	0	1	1	0	0	0	0	0	0	1	1	1	1	False	.	.	False	6	6
PTHLH	1	1	0.028	569.0	0.009921	194.0	candidate_kenya_pair_015	.	0	0	1	1	0	0	0	0	0	0	1	1	1	1	False	.	.	False	6	6
PTPN22	3	3	0.069	111.0	0.026	57.0	candidate_kenya_pair_012,candidate_kenya_pair_015,candidate_kenya_pair_020	.	0	0	1	1	1	1	1	1	0	0	1	1	1	1	False	.	.	False	6	6
PTPN7	1	1	0.043	216.0	0.017	101.0	candidate_kenya_pair_021	.	0	0	1	1	0	0	0	0	0	0	1	1	1	1	False	.	.	False	6	6
PTPRB	1	1	0.073	62.0	0.034	41.0	candidate_kenya_pair_019	.	0	0	1	1	0	0	0	0	0	0	1	1	1	1	False	.	.	False	6	6
PTPRF	1	1	0.052	234.0	0.017	87.0	candidate_kenya_pair_010	.	0	0	1	1	0	0	0	0	0	0	1	1	1	1	False	.	.	False	6	6
PTPRM	1	1	0.082	172.0	0.015	104.0	candidate_kenya_pair_004	.	0	0	1	1	0	0	0	0	0	0	1	1	1	1	False	.	.	False	6	6
PTPRO	1	1	0.037	171.0	0.014	112.0	candidate_kenya_pair_021	.	0	0	1	1	0	0	0	0	0	0	1	1	1	1	False	.	.	False	6	6
PUS1	1	1	0.148	35.0	0.091	11.0	candidate_kenya_pair_021	.	0	0	1	1	0	0	0	0	0	0	1	1	1	1	False	.	.	False	6	6
PUSL1	2	2	0.518	239.5	0.015	116.0	candidate_kenya_pair_003,candidate_kenya_pair_006	.	0	0	1	1	0	0	1	1	0	0	1	1	1	1	False	.	.	False	6	6
PWWP2A	2	2	0.0435	166.0	0.0124425	125.5	candidate_kenya_pair_013,candidate_kenya_pair_015	.	0	0	1	1	0	0	1	1	0	0	1	1	1	1	False	.	.	False	6	6
PXN	2	3	0.103	57.0	0.048	27.0	candidate_kenya_pair_001,candidate_kenya_pair_012	.	0	0	1	1	0	0	1	2	0	0	1	1	1	1	False	.	.	False	6	6
RAB15	1	1	0.067	87.0	0.031	36.0	candidate_kenya_pair_003	.	0	0	1	1	0	0	0	0	0	0	1	1	1	1	False	.	.	False	6	6
RAB6D	2	2	0.5275	191.0	0.018017	109.0	candidate_kenya_pair_001,candidate_kenya_pair_006	.	0	0	1	1	0	0	1	1	0	0	1	1	1	1	False	.	.	False	6	6
RABEPK	2	2	0.232	243.5	0.014499999999999999	119.5	candidate_kenya_pair_006,candidate_kenya_pair_018	.	0	0	1	1	0	0	1	1	0	0	1	1	1	1	False	.	.	False	6	6
RABGAP1L	2	2	0.528	91.5	0.022	70.0	candidate_kenya_pair_006,candidate_kenya_pair_013	.	0	0	1	1	0	0	1	1	0	0	1	1	1	1	False	.	.	False	6	6
RABGGTB	1	1	0.05	127.0	0.012	135.0	candidate_kenya_pair_013	.	0	0	1	1	0	0	0	0	0	0	1	1	1	1	False	.	.	False	6	6
RABL2A	2	2	0.051500000000000004	213.5	0.014499999999999999	98.5	candidate_kenya_pair_009,candidate_kenya_pair_015	.	0	0	1	1	0	0	1	1	0	0	1	1	1	1	False	.	.	False	6	6
RAD52	1	1	0.065	72.0	0.034	45.0	candidate_kenya_pair_004	.	0	0	1	1	0	0	0	0	0	0	1	1	1	1	False	.	.	False	6	6
RAI1	3	3	0.085	90.0	0.034	45.0	candidate_kenya_pair_005,candidate_kenya_pair_017,candidate_kenya_pair_020	.	0	0	1	1	0	0	2	2	0	0	1	1	1	1	False	.	.	False	6	6
RALGAPA1	4	4	0.1265	51.0	0.035500000000000004	43.0	candidate_kenya_pair_006,candidate_kenya_pair_008,candidate_kenya_pair_012,candidate_kenya_pair_020	.	0	0	1	1	0	0	3	3	0	0	1	1	1	1	False	.	.	False	6	6
RALGAPB	1	1	0.145	86.0	0.024	60.0	candidate_kenya_pair_002	.	0	0	1	1	0	0	0	0	0	0	1	1	1	1	False	.	.	False	6	6
RAPGEF3	4	4	0.1165	112.5	0.031	43.0	candidate_kenya_pair_013,candidate_kenya_pair_014,candidate_kenya_pair_018,candidate_kenya_pair_021	.	0	0	1	1	1	1	2	2	0	0	1	1	1	1	False	.	.	False	6	6
RAPGEFL1	2	2	0.20750000000000002	34.0	0.041	35.0	candidate_kenya_pair_012,candidate_kenya_pair_013	.	0	0	1	1	0	0	1	1	0	0	1	1	1	1	False	.	.	False	6	6
RAPH1	4	4	0.123	40.5	0.0555	26.5	candidate_kenya_pair_004,candidate_kenya_pair_006,candidate_kenya_pair_007,candidate_kenya_pair_020	.	0	0	1	1	2	2	1	1	0	0	1	1	1	1	False	.	.	False	6	6
RARB	1	1	0.061	116.0	0.019	143.0	candidate_kenya_pair_013	.	0	0	1	1	0	0	0	0	0	0	1	1	1	1	False	.	.	False	6	6
RASA2	2	2	0.11549999999999999	43.5	0.066	27.5	candidate_kenya_pair_004,candidate_kenya_pair_012	.	0	0	1	1	0	0	1	1	0	0	1	1	1	1	False	.	.	False	6	6
RASGRF1	6	6	0.08249999999999999	97.0	0.0285	52.5	candidate_kenya_pair_004,candidate_kenya_pair_005,candidate_kenya_pair_006,candidate_kenya_pair_008,candidate_kenya_pair_013,candidate_kenya_pair_018	.	0	0	1	1	1	1	4	4	0	0	1	1	1	1	False	.	.	False	6	6
RASSF1	1	1	0.333	139.0	0.038	38.0	candidate_kenya_pair_007	.	0	0	1	1	0	0	0	0	0	0	1	1	1	1	False	.	.	False	6	6
RASSF4	1	1	0.18	110.0	0.024	64.0	candidate_kenya_pair_012	.	0	0	1	1	0	0	0	0	0	0	1	1	1	1	False	.	.	False	6	6
RBCK1	1	1	0.058	76.0	0.05	24.0	candidate_kenya_pair_001	.	0	0	1	1	0	0	0	0	0	0	1	1	1	1	False	.	.	False	6	6
RBFOX1	3	4	0.1645	39.0	0.055499999999999994	27.5	candidate_kenya_pair_013,candidate_kenya_pair_015,candidate_kenya_pair_019	.	0	0	1	1	1	1	2	2	0	0	1	1	1	1	False	.	.	False	6	6
RBL2	1	1	0.049	103.0	0.042	37.0	candidate_kenya_pair_001	.	0	0	1	1	0	0	0	0	0	0	1	1	1	1	False	.	.	False	6	6
RBM14	1	1	0.044	173.0	0.01	140.0	candidate_kenya_pair_012	.	0	0	1	1	0	0	0	0	0	0	1	1	1	1	False	.	.	False	6	6
RBM4B	2	2	0.035500000000000004	223.0	0.0165	96.5	candidate_kenya_pair_003,candidate_kenya_pair_015	.	0	0	1	1	0	0	1	1	0	0	1	1	1	1	False	.	.	False	6	6
RBM5	3	3	0.078	57.0	0.04	33.0	candidate_kenya_pair_005,candidate_kenya_pair_015,candidate_kenya_pair_021	.	0	0	1	1	0	0	2	2	0	0	1	1	1	1	False	.	.	False	6	6
RBMXL1	1	1	0.061	72.0	0.025	57.0	candidate_kenya_pair_017	.	0	0	1	1	0	0	0	0	0	0	1	1	1	1	False	.	.	False	6	6
RBMXL2	1	1	0.358	117.0	0.018	67.0	candidate_kenya_pair_008	.	0	0	1	1	0	0	0	0	0	0	1	1	1	1	False	.	.	False	6	6
RBMXL3	1	1	0.326	150.0	0.016	77.0	candidate_kenya_pair_006	.	0	0	1	1	0	0	0	0	0	0	1	1	1	1	False	.	.	False	6	6
RBPJ	4	5	0.088	53.0	0.026	52.0	candidate_kenya_pair_008,candidate_kenya_pair_011,candidate_kenya_pair_013,candidate_kenya_pair_018	.	0	0	1	1	0	0	4	4	0	0	1	1	1	1	False	.	.	False	6	6
RBSN	2	2	0.1255	35.5	0.0615	25.5	candidate_kenya_pair_004,candidate_kenya_pair_007	.	0	0	1	1	0	0	1	1	0	0	1	1	1	1	False	.	.	False	6	6
RCAN3	1	1	0.124	42.0	0.031	46.0	candidate_kenya_pair_009	.	0	0	1	1	0	0	0	0	0	0	1	1	1	1	False	.	.	False	6	6
RCL1	2	2	0.131	73.5	0.0545	36.0	candidate_kenya_pair_004,candidate_kenya_pair_020	.	0	0	1	1	0	0	1	1	0	0	1	1	1	1	False	.	.	False	6	6
RCN1	1	1	0.091	44.0	0.061	27.0	candidate_kenya_pair_015	.	0	0	1	1	0	0	0	0	0	0	1	1	1	1	False	.	.	False	6	6
RCN3	3	3	0.049	188.0	0.018	79.0	candidate_kenya_pair_007,candidate_kenya_pair_013,candidate_kenya_pair_017	.	0	0	1	1	0	0	2	2	0	0	1	1	1	1	False	.	.	False	6	6
RCOR2	1	1	0.115	27.0	0.067	14.0	candidate_kenya_pair_017	.	0	0	1	1	0	0	0	0	0	0	1	1	1	1	False	.	.	False	6	6
RDH16	1	1	0.078	79.0	0.027	47.0	candidate_kenya_pair_020	.	0	0	1	1	0	0	0	0	0	0	1	1	1	1	False	.	.	False	6	6
RELCH	1	1	0.096	45.0	0.067	18.0	candidate_kenya_pair_005	.	0	0	1	1	0	0	0	0	0	0	1	1	1	1	False	.	.	False	6	6
RERE	1	1	0.375	14.0	0.067	13.0	candidate_kenya_pair_013	.	0	0	1	1	0	0	0	0	0	0	1	1	1	1	False	.	.	False	6	6
RET	2	2	0.181	185.5	0.0355	91.5	candidate_kenya_pair_014,candidate_kenya_pair_019	.	0	0	1	1	0	0	1	1	0	0	1	1	1	1	False	.	.	False	6	6
REXO2	1	2	0.069	118.0	0.0155	94.0	candidate_kenya_pair_013	.	0	0	1	1	0	0	1	1	0	0	1	1	1	1	False	.	.	False	6	6
RFWD3	3	5	0.969	96.0	0.032	37.0	candidate_kenya_pair_002,candidate_kenya_pair_006,candidate_kenya_pair_020	.	0	0	1	1	0	0	3	4	0	0	1	1	1	1	False	.	.	False	6	6
RFX1	3	3	0.103	43.0	0.044	25.0	candidate_kenya_pair_003,candidate_kenya_pair_004,candidate_kenya_pair_008	.	0	0	1	1	0	0	2	2	0	0	1	1	1	1	False	.	.	False	6	6
RGL1	3	3	0.072	101.0	0.029	46.0	candidate_kenya_pair_006,candidate_kenya_pair_017,candidate_kenya_pair_018	.	0	0	1	1	0	0	2	2	0	0	1	1	1	1	False	.	.	False	6	6
RGL3	1	1	0.954	31.0	0.063	24.0	candidate_kenya_pair_006	.	0	0	1	1	0	0	0	0	0	0	1	1	1	1	False	.	.	False	6	6
RGPD8	1	1	0.177	277.0	0.009364	163.0	candidate_kenya_pair_006	.	0	0	1	1	0	0	0	0	0	0	1	1	1	1	False	.	.	False	6	6
RGSL1	4	5	0.088	59.0	0.054	26.0	candidate_kenya_pair_005,candidate_kenya_pair_006,candidate_kenya_pair_015,candidate_kenya_pair_020	.	0	0	1	1	0	0	3	4	0	0	1	1	1	1	False	.	.	False	6	6
RHBDD1	1	1	0.042	184.0	0.012	131.0	candidate_kenya_pair_021	.	0	0	1	1	0	0	0	0	0	0	1	1	1	1	False	.	.	False	6	6
RHD	1	1	0.356	549.0	0.006068	269.0	candidate_kenya_pair_006	.	0	0	1	1	0	0	0	0	0	0	1	1	1	1	False	.	.	False	6	6
RHOB	1	1	0.118	391.0	0.007153	201.0	candidate_kenya_pair_014	.	0	0	1	1	0	0	0	0	0	0	1	1	1	1	False	.	.	False	6	6
RHOBTB2	1	1	0.034	239.0	0.013	104.0	candidate_kenya_pair_014	.	0	0	1	1	0	0	0	0	0	0	1	1	1	1	False	.	.	False	6	6
RIC8B	1	1	0.209	92.0	0.019	70.0	candidate_kenya_pair_012	.	0	0	1	1	0	0	0	0	0	0	1	1	1	1	False	.	.	False	6	6
RIMS1	2	2	0.1935	35.5	0.0485	24.5	candidate_kenya_pair_001,candidate_kenya_pair_013	.	0	0	1	1	0	0	1	1	0	0	1	1	1	1	False	.	.	False	6	6
RIOK1	2	3	0.079	159.0	0.012	119.0	candidate_kenya_pair_013,candidate_kenya_pair_014	.	0	0	1	1	0	0	2	2	0	0	1	1	1	1	False	.	.	False	6	6
RIPK1	2	2	0.232	111.0	0.051000000000000004	54.0	candidate_kenya_pair_008,candidate_kenya_pair_009	.	0	0	1	1	0	0	1	1	0	0	1	1	1	1	False	.	.	False	6	6
RNASEH2C	1	1	0.108	346.0	0.016	199.0	candidate_kenya_pair_004	.	0	0	1	1	0	0	0	0	0	0	1	1	1	1	False	.	.	False	6	6
RNF113A	1	1	0.051	375.0	0.004136	358.0	candidate_kenya_pair_013	.	0	0	1	1	0	0	0	0	0	0	1	1	1	1	False	.	.	False	6	6
RNF20	1	1	0.368	58.0	0.031	44.0	candidate_kenya_pair_020	.	0	0	1	1	0	0	0	0	0	0	1	1	1	1	False	.	.	False	6	6
RNF31	1	1	0.037	148.0	0.025	47.0	candidate_kenya_pair_010	.	0	0	1	1	0	0	0	0	0	0	1	1	1	1	False	.	.	False	6	6
RNF40	3	3	0.057	94.0	0.02	66.0	candidate_kenya_pair_003,candidate_kenya_pair_011,candidate_kenya_pair_013	.	0	0	1	1	0	0	2	2	0	0	1	1	1	1	False	.	.	False	6	6
RNF44	3	3	0.092	53.0	0.05	28.0	candidate_kenya_pair_002,candidate_kenya_pair_015,candidate_kenya_pair_020	.	0	0	1	1	1	1	1	1	0	0	1	1	1	1	False	.	.	False	6	6
RNPC3	3	3	0.083	75.0	0.034	45.0	candidate_kenya_pair_012,candidate_kenya_pair_015,candidate_kenya_pair_019	.	0	0	1	1	0	0	2	2	0	0	1	1	1	1	False	.	.	False	6	6
RNPS1	1	1	0.127	264.0	0.042	32.0	candidate_kenya_pair_010	.	0	0	1	1	0	0	0	0	0	0	1	1	1	1	False	.	.	False	6	6
ROBO4	1	1	0.068	59.0	0.045	25.0	candidate_kenya_pair_003	.	0	0	1	1	0	0	0	0	0	0	1	1	1	1	False	.	.	False	6	6
RORB	2	3	0.07	62.0	0.014	97.0	candidate_kenya_pair_008,candidate_kenya_pair_014	.	0	0	1	1	0	0	1	2	0	0	1	1	1	1	False	.	.	False	6	6
ROS1	2	2	0.517	115.5	0.0235	69.0	candidate_kenya_pair_006,candidate_kenya_pair_015	.	0	0	1	1	1	1	0	0	0	0	1	1	1	1	False	.	.	False	6	6
RP1L1	2	3	0.126	18.0	0.056	17.0	candidate_kenya_pair_001,candidate_kenya_pair_008	.	0	0	1	1	0	0	1	2	0	0	1	1	1	1	False	.	.	False	6	6
RPA1	3	3	0.158	66.0	0.022	72.0	candidate_kenya_pair_006,candidate_kenya_pair_008,candidate_kenya_pair_010	.	0	0	1	1	0	0	2	2	0	0	1	1	1	1	False	.	.	False	6	6
RPL12	1	1	0.333	31.0	0.097	9.0	candidate_kenya_pair_020	.	0	0	1	1	0	0	0	0	0	0	1	1	1	1	False	.	.	False	6	6
RPL4	3	3	0.09	65.0	0.034	42.0	candidate_kenya_pair_008,candidate_kenya_pair_014,candidate_kenya_pair_019	.	0	0	1	1	1	1	1	1	0	0	1	1	1	1	False	.	.	False	6	6
RPRD2	1	1	0.055	165.0	0.009793	147.0	candidate_kenya_pair_013	.	0	0	1	1	0	0	0	0	0	0	1	1	1	1	False	.	.	False	6	6
RPS14	1	1	0.141	273.0	0.011	136.0	candidate_kenya_pair_018	.	0	0	1	1	0	0	0	0	0	0	1	1	1	1	False	.	.	False	6	6
RPS26	1	1	0.118	37.0	0.063	20.0	candidate_kenya_pair_017	.	0	0	1	1	0	0	0	0	0	0	1	1	1	1	False	.	.	False	6	6
RPS6KA3	2	2	0.2535	90.5	0.035500000000000004	46.5	candidate_kenya_pair_006,candidate_kenya_pair_010	.	0	0	1	1	1	1	0	0	0	0	1	1	1	1	False	.	.	False	6	6
RRP7A	1	2	0.055	156.5	0.008893	180.5	candidate_kenya_pair_011	.	0	0	1	1	1	1	0	0	0	0	1	1	1	1	False	.	.	False	6	6
RSPO3	2	2	0.3095	213.5	0.036012	154.0	candidate_kenya_pair_013,candidate_kenya_pair_015	.	0	0	1	1	0	0	1	1	0	0	1	1	1	1	False	.	.	False	6	6
RTEL1	3	3	0.058	115.0	0.029	47.0	candidate_kenya_pair_013,candidate_kenya_pair_018,candidate_kenya_pair_020	.	0	0	1	1	0	0	2	2	0	0	1	1	1	1	False	.	.	False	6	6
RTN3	1	1	0.077	76.0	0.045	32.0	candidate_kenya_pair_014	.	0	0	1	1	0	0	0	0	0	0	1	1	1	1	False	.	.	False	6	6
RTN4	3	3	0.071	104.0	0.027	55.0	candidate_kenya_pair_014,candidate_kenya_pair_017,candidate_kenya_pair_019	.	0	0	1	1	0	0	2	2	0	0	1	1	1	1	False	.	.	False	6	6
RUFY4	1	1	0.276	203.0	0.027	156.0	candidate_kenya_pair_013	.	0	0	1	1	0	0	0	0	0	0	1	1	1	1	False	.	.	False	6	6
SAGE1	2	2	0.0525	105.5	0.033	45.0	candidate_kenya_pair_004,candidate_kenya_pair_014	.	0	0	1	1	0	0	1	1	0	0	1	1	1	1	False	.	.	False	6	6
SAMD3	2	3	0.119	115.0	0.029	51.0	candidate_kenya_pair_009,candidate_kenya_pair_018	.	0	0	1	1	0	0	1	2	0	0	1	1	1	1	False	.	.	False	6	6
SAMD9	2	2	0.294	84.0	0.05	43.5	candidate_kenya_pair_006,candidate_kenya_pair_007	.	0	0	1	1	1	1	0	0	0	0	1	1	1	1	False	.	.	False	6	6
SCEL	1	1	0.094	141.0	0.007684	190.0	candidate_kenya_pair_013	.	0	0	1	1	0	0	0	0	0	0	1	1	1	1	False	.	.	False	6	6
SCG3	1	1	0.097	60.0	0.047	35.0	candidate_kenya_pair_003	.	0	0	1	1	0	0	0	0	0	0	1	1	1	1	False	.	.	False	6	6
SCGB2A1	1	1	0.084	63.0	0.048	27.0	candidate_kenya_pair_004	.	0	0	1	1	0	0	0	0	0	0	1	1	1	1	False	.	.	False	6	6
SCN3A	2	2	0.1005	95.0	0.0155	90.5	candidate_kenya_pair_008,candidate_kenya_pair_013	.	0	0	1	1	0	0	1	1	0	0	1	1	1	1	False	.	.	False	6	6
SCN5A	4	5	0.159	170.0	0.009822	149.0	candidate_kenya_pair_002,candidate_kenya_pair_006,candidate_kenya_pair_010,candidate_kenya_pair_013	.	0	0	1	1	0	0	3	4	0	0	1	1	1	1	False	.	.	False	6	6
SCN7A	2	3	0.266	154.0	0.017	88.0	candidate_kenya_pair_009,candidate_kenya_pair_013	.	0	0	1	1	1	1	1	1	0	0	1	1	1	1	False	.	.	False	6	6
SCNN1A	1	1	0.117	143.0	0.008956	147.0	candidate_kenya_pair_013	.	0	0	1	1	0	0	0	0	0	0	1	1	1	1	False	.	.	False	6	6
SCNN1D	3	3	0.099	116.0	0.022	54.0	candidate_kenya_pair_006,candidate_kenya_pair_014,candidate_kenya_pair_015	.	0	0	1	1	0	0	2	2	0	0	1	1	1	1	False	.	.	False	6	6
SEC24B	3	3	0.098	83.0	0.042	36.0	candidate_kenya_pair_005,candidate_kenya_pair_006,candidate_kenya_pair_020	.	0	0	1	1	0	0	2	2	0	0	1	1	1	1	False	.	.	False	6	6
SEMA3E	1	1	0.083	48.0	0.054	25.0	candidate_kenya_pair_003	.	0	0	1	1	0	0	0	0	0	0	1	1	1	1	False	.	.	False	6	6
SEMA4D	2	2	0.1115	41.0	0.034	39.0	candidate_kenya_pair_013,candidate_kenya_pair_021	.	0	0	1	1	0	0	1	1	0	0	1	1	1	1	False	.	.	False	6	6
SEMA4G	1	1	0.048	158.0	0.012	118.0	candidate_kenya_pair_013	.	0	0	1	1	0	0	0	0	0	0	1	1	1	1	False	.	.	False	6	6
SEMA6A	3	3	0.065	126.0	0.013	107.0	candidate_kenya_pair_007,candidate_kenya_pair_013,candidate_kenya_pair_020	.	0	0	1	1	0	0	2	2	0	0	1	1	1	1	False	.	.	False	6	6
SEMA6B	2	2	0.078	93.0	0.03	46.5	candidate_kenya_pair_009,candidate_kenya_pair_010	.	0	0	1	1	1	1	0	0	0	0	1	1	1	1	False	.	.	False	6	6
SEPSECS	2	2	0.15	83.0	0.0335	45.0	candidate_kenya_pair_001,candidate_kenya_pair_019	.	0	0	1	1	0	0	1	1	0	0	1	1	1	1	False	.	.	False	6	6
SEPTIN14	1	1	0.088	58.0	0.041	36.0	candidate_kenya_pair_007	.	0	0	1	1	0	0	0	0	0	0	1	1	1	1	False	.	.	False	6	6
SEPTIN9	5	6	0.251	160.5	0.0185	101.0	candidate_kenya_pair_001,candidate_kenya_pair_006,candidate_kenya_pair_013,candidate_kenya_pair_017,candidate_kenya_pair_021	.	0	0	1	1	0	0	4	5	0	0	1	1	1	1	False	.	.	False	6	6
SERPINA5	1	1	0.267	97.0	0.025	58.0	candidate_kenya_pair_020	.	0	0	1	1	0	0	0	0	0	0	1	1	1	1	False	.	.	False	6	6
SERPINC1	1	1	0.044	104.0	0.049	27.0	candidate_kenya_pair_021	.	0	0	1	1	0	0	0	0	0	0	1	1	1	1	False	.	.	False	6	6
SETD1B	2	2	0.055	151.0	0.024	83.0	candidate_kenya_pair_001,candidate_kenya_pair_021	.	0	0	1	1	0	0	1	1	0	0	1	1	1	1	False	.	.	False	6	6
SETD2	1	1	0.16	38.0	0.033	47.0	candidate_kenya_pair_013	.	0	0	1	1	0	0	0	0	0	0	1	1	1	1	False	.	.	False	6	6
SETD3	2	3	0.158	240.0	0.007529	207.0	candidate_kenya_pair_005,candidate_kenya_pair_013	.	0	0	1	1	1	1	1	1	0	0	1	1	1	1	False	.	.	False	6	6
SETD5	2	2	0.189	61.0	0.0295	49.5	candidate_kenya_pair_004,candidate_kenya_pair_013	.	0	0	1	1	0	0	1	1	0	0	1	1	1	1	False	.	.	False	6	6
SETDB1	2	2	0.057	124.0	0.0205	57.0	candidate_kenya_pair_019,candidate_kenya_pair_020	.	0	0	1	1	0	0	1	1	0	0	1	1	1	1	False	.	.	False	6	6
SETX	3	3	0.167	64.0	0.059	18.0	candidate_kenya_pair_001,candidate_kenya_pair_011,candidate_kenya_pair_013	.	0	0	1	1	1	1	1	1	0	0	1	1	1	1	False	.	.	False	6	6
SEZ6L	1	1	0.063	61.0	0.035	33.0	candidate_kenya_pair_019	.	0	0	1	1	0	0	0	0	0	0	1	1	1	1	False	.	.	False	6	6
SF1	1	1	0.048	114.0	0.024	57.0	candidate_kenya_pair_014	.	0	0	1	1	0	0	0	0	0	0	1	1	1	1	False	.	.	False	6	6
SF3A1	1	1	0.096	36.0	0.034	28.0	candidate_kenya_pair_013	.	0	0	1	1	0	0	0	0	0	0	1	1	1	1	False	.	.	False	6	6
SF3B1	1	1	0.055	116.0	0.017	86.0	candidate_kenya_pair_011	.	0	0	1	1	0	0	0	0	0	0	1	1	1	1	False	.	.	False	6	6
SFMBT2	2	2	0.0965	92.5	0.041	59.0	candidate_kenya_pair_004,candidate_kenya_pair_013	.	0	0	1	1	0	0	1	1	0	0	1	1	1	1	False	.	.	False	6	6
SH2D2A	1	1	0.072	62.0	0.049	23.0	candidate_kenya_pair_020	.	0	0	1	1	0	0	0	0	0	0	1	1	1	1	False	.	.	False	6	6
SH2D3A	2	2	0.0475	185.0	0.025	89.0	candidate_kenya_pair_001,candidate_kenya_pair_014	.	0	0	1	1	0	0	1	1	0	0	1	1	1	1	False	.	.	False	6	6
SH3D21	1	1	0.115	36.0	0.034	38.0	candidate_kenya_pair_011	.	0	0	1	1	0	0	0	0	0	0	1	1	1	1	False	.	.	False	6	6
SHANK2	4	5	0.135	37.0	0.029	44.0	candidate_kenya_pair_001,candidate_kenya_pair_003,candidate_kenya_pair_006,candidate_kenya_pair_008	.	0	0	1	1	1	1	3	3	0	0	1	1	1	1	False	.	.	False	6	6
SHC1	1	1	0.083	117.0	0.031	47.0	candidate_kenya_pair_001	.	0	0	1	1	0	0	0	0	0	0	1	1	1	1	False	.	.	False	6	6
SHC2	2	2	0.21400000000000002	257.5	0.008322	240.5	candidate_kenya_pair_006,candidate_kenya_pair_013	.	0	0	1	1	0	0	1	1	0	0	1	1	1	1	False	.	.	False	6	6
SHE	1	1	0.146	142.0	0.026	61.0	candidate_kenya_pair_012	.	0	0	1	1	0	0	0	0	0	0	1	1	1	1	False	.	.	False	6	6
SHH	1	1	0.093	37.0	0.034	32.0	candidate_kenya_pair_012	.	0	0	1	1	0	0	0	0	0	0	1	1	1	1	False	.	.	False	6	6
SHOC1	1	1	0.278	55.0	0.083	15.0	candidate_kenya_pair_005	.	0	0	1	1	0	0	0	0	0	0	1	1	1	1	False	.	.	False	6	6
SHPK	1	1	0.251	106.0	0.043	70.0	candidate_kenya_pair_004	.	0	0	1	1	0	0	0	0	0	0	1	1	1	1	False	.	.	False	6	6
SHROOM2	5	8	0.106	141.5	0.0115	129.5	candidate_kenya_pair_003,candidate_kenya_pair_006,candidate_kenya_pair_013,candidate_kenya_pair_020,candidate_kenya_pair_021	.	0	0	1	1	1	1	4	6	0	0	1	1	1	1	False	.	.	False	6	6
SI	2	2	0.068	64.5	0.062	26.0	candidate_kenya_pair_014,candidate_kenya_pair_021	.	0	0	1	1	0	0	1	1	0	0	1	1	1	1	False	.	.	False	6	6
SIAH3	1	1	0.052	203.0	0.02	61.0	candidate_kenya_pair_010	.	0	0	1	1	0	0	0	0	0	0	1	1	1	1	False	.	.	False	6	6
SIGLEC11	1	1	0.095	56.0	0.05	28.0	candidate_kenya_pair_010	.	0	0	1	1	0	0	0	0	0	0	1	1	1	1	False	.	.	False	6	6
SIGLEC9	1	1	0.976	127.0	0.022	59.0	candidate_kenya_pair_006	.	0	0	1	1	0	0	0	0	0	0	1	1	1	1	False	.	.	False	6	6
SIN3B	1	1	0.106	84.0	0.03	46.0	candidate_kenya_pair_020	.	0	0	1	1	0	0	0	0	0	0	1	1	1	1	False	.	.	False	6	6
SIPA1	1	1	0.142	97.0	0.097	11.0	candidate_kenya_pair_003	.	0	0	1	1	0	0	0	0	0	0	1	1	1	1	False	.	.	False	6	6
SIPA1L1	1	1	0.219	97.0	0.02	86.0	candidate_kenya_pair_019	.	0	0	1	1	0	0	0	0	0	0	1	1	1	1	False	.	.	False	6	6
SIPA1L3	3	4	0.20500000000000002	29.0	0.0365	34.5	candidate_kenya_pair_010,candidate_kenya_pair_012,candidate_kenya_pair_013	.	0	0	1	1	0	0	2	3	0	0	1	1	1	1	False	.	.	False	6	6
SIT1	1	1	0.071	140.0	0.008922	159.0	candidate_kenya_pair_013	.	0	0	1	1	0	0	0	0	0	0	1	1	1	1	False	.	.	False	6	6
SIX3	3	3	0.053	90.0	0.038	41.0	candidate_kenya_pair_006,candidate_kenya_pair_017,candidate_kenya_pair_020	.	0	0	1	1	0	0	2	2	0	0	1	1	1	1	False	.	.	False	6	6
SIX5	1	2	0.0475	152.0	0.0215	94.5	candidate_kenya_pair_014	.	0	0	1	1	0	0	1	1	0	0	1	1	1	1	False	.	.	False	6	6
SKOR2	1	1	0.081	51.0	0.059	24.0	candidate_kenya_pair_001	.	0	0	1	1	0	0	0	0	0	0	1	1	1	1	False	.	.	False	6	6
SLC12A1	4	4	0.1325	51.5	0.039	33.0	candidate_kenya_pair_002,candidate_kenya_pair_008,candidate_kenya_pair_013,candidate_kenya_pair_019	.	0	0	1	1	1	1	2	2	0	0	1	1	1	1	False	.	.	False	6	6
SLC15A1	2	2	0.1045	71.0	0.0465	40.0	candidate_kenya_pair_001,candidate_kenya_pair_009	.	0	0	1	1	0	0	1	1	0	0	1	1	1	1	False	.	.	False	6	6
SLC15A5	1	1	0.156	57.0	0.036	41.0	candidate_kenya_pair_014	.	0	0	1	1	0	0	0	0	0	0	1	1	1	1	False	.	.	False	6	6
SLC16A6	1	1	0.97	46.0	0.056	22.0	candidate_kenya_pair_006	.	0	0	1	1	0	0	0	0	0	0	1	1	1	1	False	.	.	False	6	6
SLC16A7	1	1	0.056	143.0	0.029	49.0	candidate_kenya_pair_010	.	0	0	1	1	0	0	0	0	0	0	1	1	1	1	False	.	.	False	6	6
SLC17A3	1	1	0.053	183.0	0.016	94.0	candidate_kenya_pair_009	.	0	0	1	1	0	0	0	0	0	0	1	1	1	1	False	.	.	False	6	6
SLC17A7	2	2	0.0655	69.5	0.027499999999999997	69.5	candidate_kenya_pair_013,candidate_kenya_pair_014	.	0	0	1	1	0	0	1	1	0	0	1	1	1	1	False	.	.	False	6	6
SLC1A5	1	1	0.092	76.0	0.031	45.0	candidate_kenya_pair_009	.	0	0	1	1	0	0	0	0	0	0	1	1	1	1	False	.	.	False	6	6
SLC22A16	2	2	0.232	53.0	0.038	34.0	candidate_kenya_pair_002,candidate_kenya_pair_019	.	0	0	1	1	0	0	1	1	0	0	1	1	1	1	False	.	.	False	6	6
SLC22A18AS	1	1	0.103	180.0	0.013	125.0	candidate_kenya_pair_002	.	0	0	1	1	0	0	0	0	0	0	1	1	1	1	False	.	.	False	6	6
SLC22A6	1	1	0.051	182.0	0.021	74.0	candidate_kenya_pair_005	.	0	0	1	1	0	0	0	0	0	0	1	1	1	1	False	.	.	False	6	6
SLC23A1	1	1	0.055	136.0	0.019	86.0	candidate_kenya_pair_018	.	0	0	1	1	0	0	0	0	0	0	1	1	1	1	False	.	.	False	6	6
SLC23A2	2	2	0.2665	127.5	0.027999999999999997	72.0	candidate_kenya_pair_015,candidate_kenya_pair_020	.	0	0	1	1	1	1	0	0	0	0	1	1	1	1	False	.	.	False	6	6
SLC25A2	1	1	0.188	15.0	0.053	23.0	candidate_kenya_pair_006	.	0	0	1	1	0	0	0	0	0	0	1	1	1	1	False	.	.	False	6	6
SLC25A41	2	2	0.17250000000000001	91.0	0.025	64.5	candidate_kenya_pair_006,candidate_kenya_pair_021	.	0	0	1	1	0	0	1	1	0	0	1	1	1	1	False	.	.	False	6	6
SLC26A2	2	2	0.11249999999999999	80.5	0.0385	46.5	candidate_kenya_pair_004,candidate_kenya_pair_018	.	0	0	1	1	0	0	1	1	0	0	1	1	1	1	False	.	.	False	6	6
SLC26A8	2	2	0.5285	85.0	0.0345	41.5	candidate_kenya_pair_003,candidate_kenya_pair_006	.	0	0	1	1	0	0	1	1	0	0	1	1	1	1	False	.	.	False	6	6
SLC2A12	1	1	0.051	81.0	0.027	54.0	candidate_kenya_pair_014	.	0	0	1	1	0	0	0	0	0	0	1	1	1	1	False	.	.	False	6	6
SLC2A2	2	2	0.065	105.0	0.0206965	107.5	candidate_kenya_pair_013,candidate_kenya_pair_015	.	0	0	1	1	1	1	0	0	0	0	1	1	1	1	False	.	.	False	6	6
SLC2A7	2	2	0.5315	140.0	0.022	82.0	candidate_kenya_pair_006,candidate_kenya_pair_008	.	0	0	1	1	0	0	1	1	0	0	1	1	1	1	False	.	.	False	6	6
SLC30A10	1	1	0.242	167.0	0.03	50.0	candidate_kenya_pair_010	.	0	0	1	1	0	0	0	0	0	0	1	1	1	1	False	.	.	False	6	6
SLC35G1	2	2	0.07200000000000001	212.5	0.0335	159.5	candidate_kenya_pair_013,candidate_kenya_pair_014	.	0	0	1	1	0	0	1	1	0	0	1	1	1	1	False	.	.	False	6	6
SLC35G4	1	1	0.068	64.0	0.027	46.0	candidate_kenya_pair_008	.	0	0	1	1	0	0	0	0	0	0	1	1	1	1	False	.	.	False	6	6
SLC38A5	4	4	0.10300000000000001	88.0	0.04	48.0	candidate_kenya_pair_002,candidate_kenya_pair_004,candidate_kenya_pair_015,candidate_kenya_pair_017	.	0	0	1	1	1	1	2	2	0	0	1	1	1	1	False	.	.	False	6	6
SLC39A4	2	3	0.111	80.0	0.065	18.0	candidate_kenya_pair_002,candidate_kenya_pair_015	.	0	0	1	1	0	0	2	2	0	0	1	1	1	1	False	.	.	False	6	6
SLC43A1	3	3	0.056	153.0	0.022	58.0	candidate_kenya_pair_005,candidate_kenya_pair_015,candidate_kenya_pair_019	.	0	0	1	1	0	0	2	2	0	0	1	1	1	1	False	.	.	False	6	6
SLC43A3	1	1	0.098	129.0	0.012	137.0	candidate_kenya_pair_013	.	0	0	1	1	0	0	0	0	0	0	1	1	1	1	False	.	.	False	6	6
SLC44A2	2	2	0.0615	209.5	0.0203445	111.5	candidate_kenya_pair_013,candidate_kenya_pair_015	.	0	0	1	1	0	0	1	1	0	0	1	1	1	1	False	.	.	False	6	6
SLC4A4	1	2	0.07100000000000001	143.0	0.0165	104.5	candidate_kenya_pair_013	.	0	0	1	1	0	0	1	1	0	0	1	1	1	1	False	.	.	False	6	6
SLC5A1	1	1	0.072	110.0	0.011	134.0	candidate_kenya_pair_008	.	0	0	1	1	0	0	0	0	0	0	1	1	1	1	False	.	.	False	6	6
SLC5A2	2	2	0.0385	331.0	0.02	81.5	candidate_kenya_pair_006,candidate_kenya_pair_007	.	0	0	1	1	0	0	1	1	0	0	1	1	1	1	False	.	.	False	6	6
SLC6A1	3	4	0.0925	163.5	0.0155	94.0	candidate_kenya_pair_007,candidate_kenya_pair_013,candidate_kenya_pair_017	.	0	0	1	1	1	1	1	2	0	0	1	1	1	1	False	.	.	False	6	6
SLC6A16	1	1	0.052	117.0	0.025	60.0	candidate_kenya_pair_014	.	0	0	1	1	0	0	0	0	0	0	1	1	1	1	False	.	.	False	6	6
SLC6A18	4	4	0.061	168.5	0.0155	111.0	candidate_kenya_pair_001,candidate_kenya_pair_008,candidate_kenya_pair_009,candidate_kenya_pair_013	.	0	0	1	1	1	1	2	2	0	0	1	1	1	1	False	.	.	False	6	6
SLC6A6	2	2	0.0775	120.0	0.031	57.0	candidate_kenya_pair_003,candidate_kenya_pair_009	.	0	0	1	1	0	0	1	1	0	0	1	1	1	1	False	.	.	False	6	6
SLC6A9	1	1	0.062	92.0	0.026	55.0	candidate_kenya_pair_004	.	0	0	1	1	0	0	0	0	0	0	1	1	1	1	False	.	.	False	6	6
SLC7A10	1	1	0.101	98.0	0.028	55.0	candidate_kenya_pair_019	.	0	0	1	1	0	0	0	0	0	0	1	1	1	1	False	.	.	False	6	6
SLC7A3	2	2	0.197	50.5	0.059	23.5	candidate_kenya_pair_007,candidate_kenya_pair_009	.	0	0	1	1	0	0	1	1	0	0	1	1	1	1	False	.	.	False	6	6
SLC7A5	3	3	0.136	109.0	0.023	57.0	candidate_kenya_pair_007,candidate_kenya_pair_013,candidate_kenya_pair_015	.	0	0	1	1	0	0	2	2	0	0	1	1	1	1	False	.	.	False	6	6
SLC8A2	2	3	0.291	33.0	0.056	20.0	candidate_kenya_pair_005,candidate_kenya_pair_009	.	0	0	1	1	0	0	2	2	0	0	1	1	1	1	False	.	.	False	6	6
SLF2	2	4	0.099	84.5	0.0205	73.0	candidate_kenya_pair_012,candidate_kenya_pair_013	.	0	0	1	1	0	0	2	3	0	0	1	1	1	1	False	.	.	False	6	6
SLFN11	1	2	0.052000000000000005	124.5	0.0335	65.5	candidate_kenya_pair_021	.	0	0	1	1	0	0	1	1	0	0	1	1	1	1	False	.	.	False	6	6
SLIT2	2	2	0.2565	73.5	0.045	71.5	candidate_kenya_pair_007,candidate_kenya_pair_018	.	0	0	1	1	0	0	1	1	0	0	1	1	1	1	False	.	.	False	6	6
SLK	2	3	0.069	111.0	0.028	52.0	candidate_kenya_pair_004,candidate_kenya_pair_008	.	0	0	1	1	1	1	1	1	0	0	1	1	1	1	False	.	.	False	6	6
SLTM	1	1	0.078	76.0	0.036	41.0	candidate_kenya_pair_021	.	0	0	1	1	0	0	0	0	0	0	1	1	1	1	False	.	.	False	6	6
SLX4	1	1	0.044	151.0	0.025	47.0	candidate_kenya_pair_010	.	0	0	1	1	0	0	0	0	0	0	1	1	1	1	False	.	.	False	6	6
SMAD2	2	3	0.091	57.0	0.034	36.0	candidate_kenya_pair_007,candidate_kenya_pair_014	.	0	0	1	1	0	0	2	2	0	0	1	1	1	1	False	.	.	False	6	6
SMAD4	2	2	0.1375	84.0	0.0499085	97.5	candidate_kenya_pair_019,candidate_kenya_pair_020	.	0	0	1	1	0	0	1	1	0	0	1	1	1	1	False	.	.	False	6	6
SMARCA4	1	1	0.097	84.0	0.042	34.0	candidate_kenya_pair_012	.	0	0	1	1	0	0	0	0	0	0	1	1	1	1	False	.	.	False	6	6
SMC3	1	1	0.136	35.0	0.091	12.0	candidate_kenya_pair_015	.	0	0	1	1	0	0	0	0	0	0	1	1	1	1	False	.	.	False	6	6
SMCHD1	2	2	0.109	149.5	0.0545	51.0	candidate_kenya_pair_015,candidate_kenya_pair_018	.	0	0	1	1	0	0	1	1	0	0	1	1	1	1	False	.	.	False	6	6
SMG1	1	1	0.181	32.0	0.1	10.0	candidate_kenya_pair_009	.	0	0	1	1	0	0	0	0	0	0	1	1	1	1	False	.	.	False	6	6
SMIM10L2B	1	1	0.15	67.0	0.05	34.0	candidate_kenya_pair_014	.	0	0	1	1	0	0	0	0	0	0	1	1	1	1	False	.	.	False	6	6
SMPD4	2	3	0.125	57.0	0.065	21.0	candidate_kenya_pair_007,candidate_kenya_pair_008	.	0	0	1	1	0	0	1	2	0	0	1	1	1	1	False	.	.	False	6	6
SMPDL3B	2	2	0.064	94.5	0.0335	45.0	candidate_kenya_pair_006,candidate_kenya_pair_017	.	0	0	1	1	0	0	1	1	0	0	1	1	1	1	False	.	.	False	6	6
SMYD5	1	1	0.184	169.0	0.02	145.0	candidate_kenya_pair_013	.	0	0	1	1	0	0	0	0	0	0	1	1	1	1	False	.	.	False	6	6
SNX15	1	1	0.11	47.0	0.067	16.0	candidate_kenya_pair_005	.	0	0	1	1	0	0	0	0	0	0	1	1	1	1	False	.	.	False	6	6
SNX25	1	1	0.174	153.0	0.028	52.0	candidate_kenya_pair_018	.	0	0	1	1	0	0	0	0	0	0	1	1	1	1	False	.	.	False	6	6
SNX29	2	2	0.0975	75.0	0.056499999999999995	42.0	candidate_kenya_pair_005,candidate_kenya_pair_013	.	0	0	1	1	0	0	1	1	0	0	1	1	1	1	False	.	.	False	6	6
SNX31	1	1	0.087	88.0	0.016	91.0	candidate_kenya_pair_013	.	0	0	1	1	0	0	0	0	0	0	1	1	1	1	False	.	.	False	6	6
SNX4	1	1	0.089	85.0	0.029	49.0	candidate_kenya_pair_008	.	0	0	1	1	0	0	0	0	0	0	1	1	1	1	False	.	.	False	6	6
SNX6	1	1	0.087	49.0	0.034	45.0	candidate_kenya_pair_001	.	0	0	1	1	0	0	0	0	0	0	1	1	1	1	False	.	.	False	6	6
SOGA3	1	1	0.107	33.0	0.033	37.0	candidate_kenya_pair_019	.	0	0	1	1	0	0	0	0	0	0	1	1	1	1	False	.	.	False	6	6
SORBS3	1	2	0.045	172.5	0.0115	130.0	candidate_kenya_pair_013	.	0	0	1	1	1	1	0	0	0	0	1	1	1	1	False	.	.	False	6	6
SORCS2	3	3	0.08	66.0	0.042	36.0	candidate_kenya_pair_019,candidate_kenya_pair_020,candidate_kenya_pair_021	.	0	0	1	1	0	0	2	2	0	0	1	1	1	1	False	.	.	False	6	6
SORT1	3	3	0.15	87.0	0.03	48.0	candidate_kenya_pair_012,candidate_kenya_pair_018,candidate_kenya_pair_019	.	0	0	1	1	0	0	2	2	0	0	1	1	1	1	False	.	.	False	6	6
SOX8	2	2	0.08399999999999999	123.0	0.035500000000000004	50.0	candidate_kenya_pair_018,candidate_kenya_pair_020	.	0	0	1	1	1	1	0	0	0	0	1	1	1	1	False	.	.	False	6	6
SPAG16	3	3	0.1	262.0	0.014	112.0	candidate_kenya_pair_006,candidate_kenya_pair_013,candidate_kenya_pair_019	.	0	0	1	1	0	0	2	2	0	0	1	1	1	1	False	.	.	False	6	6
SPAG17	2	3	0.156	167.0	0.019	78.0	candidate_kenya_pair_013,candidate_kenya_pair_015	.	0	0	1	1	0	0	2	2	0	0	1	1	1	1	False	.	.	False	6	6
SPAG8	1	1	0.153	66.0	0.035	36.0	candidate_kenya_pair_007	.	0	0	1	1	0	0	0	0	0	0	1	1	1	1	False	.	.	False	6	6
SPAG9	1	1	0.066	128.0	0.013	105.0	candidate_kenya_pair_013	.	0	0	1	1	0	0	0	0	0	0	1	1	1	1	False	.	.	False	6	6
SPART	1	1	0.12	40.0	0.036	38.0	candidate_kenya_pair_019	.	0	0	1	1	0	0	0	0	0	0	1	1	1	1	False	.	.	False	6	6
SPAST	1	1	0.08	81.0	0.041	41.0	candidate_kenya_pair_010	.	0	0	1	1	0	0	0	0	0	0	1	1	1	1	False	.	.	False	6	6
SPATA13	2	2	0.1185	64.0	0.052	41.5	candidate_kenya_pair_002,candidate_kenya_pair_008	.	0	0	1	1	0	0	1	1	0	0	1	1	1	1	False	.	.	False	6	6
SPATA31A1	1	1	0.075	66.0	0.054	29.0	candidate_kenya_pair_010	.	0	0	1	1	0	0	0	0	0	0	1	1	1	1	False	.	.	False	6	6
SPATA31D1	1	1	0.165	174.0	0.013	117.0	candidate_kenya_pair_007	.	0	0	1	1	0	0	0	0	0	0	1	1	1	1	False	.	.	False	6	6
SPATS1	1	1	0.059	79.0	0.034	48.0	candidate_kenya_pair_014	.	0	0	1	1	0	0	0	0	0	0	1	1	1	1	False	.	.	False	6	6
SPDYE17	2	2	0.08049999999999999	104.5	0.0315	48.0	candidate_kenya_pair_003,candidate_kenya_pair_007	.	0	0	1	1	0	0	1	1	0	0	1	1	1	1	False	.	.	False	6	6
SPEF2	4	4	0.14350000000000002	61.5	0.041499999999999995	31.0	candidate_kenya_pair_006,candidate_kenya_pair_008,candidate_kenya_pair_014,candidate_kenya_pair_015	.	0	0	1	1	0	0	3	3	0	0	1	1	1	1	False	.	.	False	6	6
SPG11	3	3	0.103	46.0	0.042	38.0	candidate_kenya_pair_006,candidate_kenya_pair_015,candidate_kenya_pair_017	.	0	0	1	1	0	0	2	2	0	0	1	1	1	1	False	.	.	False	6	6
SPOCD1	1	1	0.045	161.0	0.023	65.0	candidate_kenya_pair_010	.	0	0	1	1	0	0	0	0	0	0	1	1	1	1	False	.	.	False	6	6
SPON1	1	1	0.145	194.0	0.018	88.0	candidate_kenya_pair_002	.	0	0	1	1	0	0	0	0	0	0	1	1	1	1	False	.	.	False	6	6
SPRED2	2	2	0.23	214.0	0.0303345	115.0	candidate_kenya_pair_017,candidate_kenya_pair_020	.	0	0	1	1	0	0	1	1	0	0	1	1	1	1	False	.	.	False	6	6
SPRN	1	1	0.107	51.0	0.044	35.0	candidate_kenya_pair_007	.	0	0	1	1	0	0	0	0	0	0	1	1	1	1	False	.	.	False	6	6
SPRR1B	1	1	0.07	126.0	0.012	106.0	candidate_kenya_pair_013	.	0	0	1	1	0	0	0	0	0	0	1	1	1	1	False	.	.	False	6	6
SPRTN	1	1	0.05	76.0	0.027	46.0	candidate_kenya_pair_020	.	0	0	1	1	0	0	0	0	0	0	1	1	1	1	False	.	.	False	6	6
SPTA1	4	4	0.088	86.0	0.0345	51.0	candidate_kenya_pair_004,candidate_kenya_pair_008,candidate_kenya_pair_015,candidate_kenya_pair_017	.	0	0	1	1	0	0	3	3	0	0	1	1	1	1	False	.	.	False	6	6
SPTB	1	1	0.032	317.0	0.00988	160.0	candidate_kenya_pair_014	.	0	0	1	1	0	0	0	0	0	0	1	1	1	1	False	.	.	False	6	6
SPTBN5	3	3	0.071	215.0	0.013	111.0	candidate_kenya_pair_001,candidate_kenya_pair_013,candidate_kenya_pair_017	.	0	0	1	1	0	0	2	2	0	0	1	1	1	1	False	.	.	False	6	6
SRD5A3	3	3	0.083	129.0	0.023	62.0	candidate_kenya_pair_001,candidate_kenya_pair_004,candidate_kenya_pair_017	.	0	0	1	1	0	0	2	2	0	0	1	1	1	1	False	.	.	False	6	6
SRRM5	1	1	0.354	286.0	0.008187	187.0	candidate_kenya_pair_006	.	0	0	1	1	0	0	0	0	0	0	1	1	1	1	False	.	.	False	6	6
SSC5D	2	2	0.061	111.0	0.0195	79.5	candidate_kenya_pair_007,candidate_kenya_pair_011	.	0	0	1	1	0	0	1	1	0	0	1	1	1	1	False	.	.	False	6	6
ST18	2	2	0.0605	78.0	0.047	46.5	candidate_kenya_pair_009,candidate_kenya_pair_019	.	0	0	1	1	0	0	1	1	0	0	1	1	1	1	False	.	.	False	6	6
ST8SIA3	1	1	0.034	229.0	0.011	130.0	candidate_kenya_pair_001	.	0	0	1	1	0	0	0	0	0	0	1	1	1	1	False	.	.	False	6	6
STAT2	2	2	0.535	108.5	0.028	66.5	candidate_kenya_pair_006,candidate_kenya_pair_020	.	0	0	1	1	0	0	1	1	0	0	1	1	1	1	False	.	.	False	6	6
STAT5A	2	2	0.193	21.5	0.0655	22.0	candidate_kenya_pair_014,candidate_kenya_pair_017	.	0	0	1	1	0	0	1	1	0	0	1	1	1	1	False	.	.	False	6	6
STAT5B	2	4	0.08349999999999999	58.0	0.044	30.0	candidate_kenya_pair_003,candidate_kenya_pair_009	.	0	0	1	1	1	1	1	2	0	0	1	1	1	1	False	.	.	False	6	6
STIL	1	1	0.064	102.0	0.011	124.0	candidate_kenya_pair_013	.	0	0	1	1	0	0	0	0	0	0	1	1	1	1	False	.	.	False	6	6
STIM2	3	3	0.067	92.0	0.032	42.0	candidate_kenya_pair_001,candidate_kenya_pair_013,candidate_kenya_pair_021	.	0	0	1	1	0	0	2	2	0	0	1	1	1	1	False	.	.	False	6	6
STK17B	2	3	0.062	104.0	0.016	99.0	candidate_kenya_pair_013,candidate_kenya_pair_019	.	0	0	1	1	1	1	1	1	0	0	1	1	1	1	False	.	.	False	6	6
STK36	1	1	0.173	61.0	0.043	32.0	candidate_kenya_pair_002	.	0	0	1	1	0	0	0	0	0	0	1	1	1	1	False	.	.	False	6	6
STRADA	1	1	0.068	95.0	0.028	43.0	candidate_kenya_pair_021	.	0	0	1	1	0	0	0	0	0	0	1	1	1	1	False	.	.	False	6	6
STRN3	1	1	0.075	59.0	0.043	32.0	candidate_kenya_pair_004	.	0	0	1	1	0	0	0	0	0	0	1	1	1	1	False	.	.	False	6	6
STT3A	1	1	0.078	78.0	0.029	47.0	candidate_kenya_pair_015	.	0	0	1	1	0	0	0	0	0	0	1	1	1	1	False	.	.	False	6	6
SUN1	3	3	0.188	20.0	0.1	11.0	candidate_kenya_pair_001,candidate_kenya_pair_012,candidate_kenya_pair_018	.	0	0	1	1	0	0	2	2	0	0	1	1	1	1	False	.	.	False	6	6
SUSD2	1	1	0.019	1029.0	0.035	42.0	candidate_kenya_pair_005	.	0	0	1	1	0	0	0	0	0	0	1	1	1	1	False	.	.	False	6	6
SUZ12	3	3	0.117	54.0	0.049	25.0	candidate_kenya_pair_008,candidate_kenya_pair_015,candidate_kenya_pair_021	.	0	0	1	1	0	0	2	2	0	0	1	1	1	1	False	.	.	False	6	6
SVIL	2	5	0.117	229.0	0.014	114.0	candidate_kenya_pair_006,candidate_kenya_pair_013	.	0	0	1	1	0	0	2	4	0	0	1	1	1	1	False	.	.	False	6	6
SVOPL	1	1	0.07	84.0	0.036	49.0	candidate_kenya_pair_001	.	0	0	1	1	0	0	0	0	0	0	1	1	1	1	False	.	.	False	6	6
SYCE2	2	2	0.061	102.5	0.0325	48.5	candidate_kenya_pair_001,candidate_kenya_pair_017	.	0	0	1	1	0	0	1	1	0	0	1	1	1	1	False	.	.	False	6	6
SYDE1	1	1	0.103	40.0	0.081	12.0	candidate_kenya_pair_007	.	0	0	1	1	0	0	0	0	0	0	1	1	1	1	False	.	.	False	6	6
SYNE1	4	5	0.093	83.0	0.014	115.0	candidate_kenya_pair_008,candidate_kenya_pair_013,candidate_kenya_pair_019,candidate_kenya_pair_020	.	0	0	1	1	2	2	2	2	0	0	1	1	1	1	False	.	.	False	6	6
SYNGR1	3	3	0.082	115.0	0.033	44.0	candidate_kenya_pair_015,candidate_kenya_pair_020,candidate_kenya_pair_021	.	0	0	1	1	0	0	2	2	0	0	1	1	1	1	False	.	.	False	6	6
SYNJ1	2	2	0.1525	113.5	0.024	67.5	candidate_kenya_pair_007,candidate_kenya_pair_014	.	0	0	1	1	0	0	1	1	0	0	1	1	1	1	False	.	.	False	6	6
SYNPO	1	2	0.0655	75.5	0.0345	37.0	candidate_kenya_pair_019	.	0	0	1	1	0	0	1	1	0	0	1	1	1	1	False	.	.	False	6	6
TAF2	2	2	0.067	115.5	0.0545	48.5	candidate_kenya_pair_003,candidate_kenya_pair_004	.	0	0	1	1	0	0	1	1	0	0	1	1	1	1	False	.	.	False	6	6
TAF5	1	1	0.083	60.0	0.039	36.0	candidate_kenya_pair_014	.	0	0	1	1	0	0	0	0	0	0	1	1	1	1	False	.	.	False	6	6
TAF7L	3	3	0.104	87.0	0.031	47.0	candidate_kenya_pair_006,candidate_kenya_pair_013,candidate_kenya_pair_021	.	0	0	1	1	0	0	2	2	0	0	1	1	1	1	False	.	.	False	6	6
TANC2	3	3	0.176	63.0	0.042	33.0	candidate_kenya_pair_004,candidate_kenya_pair_013,candidate_kenya_pair_018	.	0	0	1	1	0	0	2	2	0	0	1	1	1	1	False	.	.	False	6	6
TAS1R1	1	1	0.06	91.0	0.017	82.0	candidate_kenya_pair_008	.	0	0	1	1	0	0	0	0	0	0	1	1	1	1	False	.	.	False	6	6
TAS2R60	1	1	0.051	147.0	0.019	72.0	candidate_kenya_pair_001	.	0	0	1	1	0	0	0	0	0	0	1	1	1	1	False	.	.	False	6	6
TBC1D31	1	1	0.07	85.0	0.035	40.0	candidate_kenya_pair_004	.	0	0	1	1	0	0	0	0	0	0	1	1	1	1	False	.	.	False	6	6
TBC1D9	1	1	0.117	46.0	0.04	33.0	candidate_kenya_pair_019	.	0	0	1	1	0	0	0	0	0	0	1	1	1	1	False	.	.	False	6	6
TCEA1	2	2	0.089	51.5	0.062	22.5	candidate_kenya_pair_003,candidate_kenya_pair_019	.	0	0	1	1	0	0	1	1	0	0	1	1	1	1	False	.	.	False	6	6
TCEAL2	1	1	0.338	97.0	0.03	38.0	candidate_kenya_pair_009	.	0	0	1	1	0	0	0	0	0	0	1	1	1	1	False	.	.	False	6	6
TCEAL5	1	1	0.143	261.0	0.012	216.0	candidate_kenya_pair_013	.	0	0	1	1	0	0	0	0	0	0	1	1	1	1	False	.	.	False	6	6
TCEANC	1	1	0.07	86.0	0.03	49.0	candidate_kenya_pair_003	.	0	0	1	1	0	0	0	0	0	0	1	1	1	1	False	.	.	False	6	6
TCF12	3	3	0.074	98.0	0.03	46.0	candidate_kenya_pair_003,candidate_kenya_pair_013,candidate_kenya_pair_019	.	0	0	1	1	0	0	2	2	0	0	1	1	1	1	False	.	.	False	6	6
TCOF1	2	2	0.0665	80.5	0.025	52.5	candidate_kenya_pair_019,candidate_kenya_pair_021	.	0	0	1	1	0	0	1	1	0	0	1	1	1	1	False	.	.	False	6	6
TDRD10	1	1	0.06	125.0	0.029	51.0	candidate_kenya_pair_003	.	0	0	1	1	0	0	0	0	0	0	1	1	1	1	False	.	.	False	6	6
TDRD6	1	2	0.046	217.5	0.0094085	155.5	candidate_kenya_pair_013	.	0	0	1	1	0	0	1	1	0	0	1	1	1	1	False	.	.	False	6	6
TDRD7	2	2	0.10250000000000001	88.5	0.0225	69.5	candidate_kenya_pair_008,candidate_kenya_pair_014	.	0	0	1	1	1	1	0	0	0	0	1	1	1	1	False	.	.	False	6	6
TDRD9	1	1	0.115	43.0	0.063	24.0	candidate_kenya_pair_006	.	0	0	1	1	0	0	0	0	0	0	1	1	1	1	False	.	.	False	6	6
TEK	2	2	0.131	207.5	0.0481485	144.5	candidate_kenya_pair_013,candidate_kenya_pair_014	.	0	0	1	1	0	0	1	1	0	0	1	1	1	1	False	.	.	False	6	6
TEKT1	1	1	0.033	235.0	0.009823	166.0	candidate_kenya_pair_003	.	0	0	1	1	0	0	0	0	0	0	1	1	1	1	False	.	.	False	6	6
TENT4B	1	1	0.057	171.0	0.016	248.0	candidate_kenya_pair_013	.	0	0	1	1	0	0	0	0	0	0	1	1	1	1	False	.	.	False	6	6
TENT5B	1	1	0.31	205.0	0.021	195.0	candidate_kenya_pair_013	.	0	0	1	1	0	0	0	0	0	0	1	1	1	1	False	.	.	False	6	6
TET1	3	3	0.142	68.0	0.059	27.0	candidate_kenya_pair_001,candidate_kenya_pair_003,candidate_kenya_pair_015	.	0	0	1	1	0	0	2	2	0	0	1	1	1	1	False	.	.	False	6	6
TEX12	1	1	0.097	42.0	0.045	32.0	candidate_kenya_pair_001	.	0	0	1	1	0	0	0	0	0	0	1	1	1	1	False	.	.	False	6	6
TEX48	1	1	0.091	68.0	0.036	42.0	candidate_kenya_pair_014	.	0	0	1	1	0	0	0	0	0	0	1	1	1	1	False	.	.	False	6	6
TFEB	2	2	0.062	87.0	0.026000000000000002	57.5	candidate_kenya_pair_003,candidate_kenya_pair_019	.	0	0	1	1	0	0	1	1	0	0	1	1	1	1	False	.	.	False	6	6
TFRC	1	1	0.076	228.0	0.015	95.0	candidate_kenya_pair_018	.	0	0	1	1	0	0	0	0	0	0	1	1	1	1	False	.	.	False	6	6
TGIF2LX	1	1	0.204	344.0	0.007084	223.0	candidate_kenya_pair_007	.	0	0	1	1	0	0	0	0	0	0	1	1	1	1	False	.	.	False	6	6
TGOLN2	2	2	0.052000000000000005	374.5	0.026700500000000002	185.0	candidate_kenya_pair_003,candidate_kenya_pair_021	.	0	0	1	1	0	0	1	1	0	0	1	1	1	1	False	.	.	False	6	6
THBS1	1	2	0.21900000000000003	299.0	0.018000000000000002	116.0	candidate_kenya_pair_010	.	0	0	1	1	0	0	1	1	0	0	1	1	1	1	False	.	.	False	6	6
THBS2	2	2	0.099	218.5	0.04186	132.0	candidate_kenya_pair_007,candidate_kenya_pair_015	.	0	0	1	1	0	0	1	1	0	0	1	1	1	1	False	.	.	False	6	6
THOC2	1	1	0.102	58.0	0.033	43.0	candidate_kenya_pair_008	.	0	0	1	1	0	0	0	0	0	0	1	1	1	1	False	.	.	False	6	6
TIAF1	1	1	0.229	127.0	0.021	66.0	candidate_kenya_pair_005	.	0	0	1	1	0	0	0	0	0	0	1	1	1	1	False	.	.	False	6	6
TINAG	1	1	0.294	108.0	0.008266	196.0	candidate_kenya_pair_008	.	0	0	1	1	0	0	0	0	0	0	1	1	1	1	False	.	.	False	6	6
TK2	4	4	0.0595	80.0	0.0305	60.0	candidate_kenya_pair_003,candidate_kenya_pair_004,candidate_kenya_pair_013,candidate_kenya_pair_019	.	0	0	1	1	0	0	3	3	0	0	1	1	1	1	False	.	.	False	6	6
TLE5	2	2	0.202	79.5	0.0435	78.5	candidate_kenya_pair_010,candidate_kenya_pair_013	.	0	0	1	1	0	0	1	1	0	0	1	1	1	1	False	.	.	False	6	6
TLL1	1	1	0.054	275.0	0.01	150.0	candidate_kenya_pair_013	.	0	0	1	1	0	0	0	0	0	0	1	1	1	1	False	.	.	False	6	6
TLN1	1	1	0.054	113.0	0.026	55.0	candidate_kenya_pair_017	.	0	0	1	1	0	0	0	0	0	0	1	1	1	1	False	.	.	False	6	6
TLN2	2	2	0.2905	72.5	0.0575	61.0	candidate_kenya_pair_008,candidate_kenya_pair_013	.	0	0	1	1	0	0	1	1	0	0	1	1	1	1	False	.	.	False	6	6
TMBIM1	1	1	0.094	63.0	0.043	29.0	candidate_kenya_pair_009	.	0	0	1	1	0	0	0	0	0	0	1	1	1	1	False	.	.	False	6	6
TMEM101	1	1	0.116	57.0	0.032	40.0	candidate_kenya_pair_010	.	0	0	1	1	0	0	0	0	0	0	1	1	1	1	False	.	.	False	6	6
TMEM102	1	1	0.07	97.0	0.041	28.0	candidate_kenya_pair_001	.	0	0	1	1	0	0	0	0	0	0	1	1	1	1	False	.	.	False	6	6
TMEM104	1	1	0.293	334.0	0.003791	333.0	candidate_kenya_pair_013	.	0	0	1	1	0	0	0	0	0	0	1	1	1	1	False	.	.	False	6	6
TMEM117	1	1	0.239	145.0	0.031	48.0	candidate_kenya_pair_018	.	0	0	1	1	0	0	0	0	0	0	1	1	1	1	False	.	.	False	6	6
TMEM120B	1	1	0.058	125.0	0.048	26.0	candidate_kenya_pair_018	.	0	0	1	1	0	0	0	0	0	0	1	1	1	1	False	.	.	False	6	6
TMEM131	2	2	0.07050000000000001	163.0	0.01311	152.5	candidate_kenya_pair_003,candidate_kenya_pair_013	.	0	0	1	1	0	0	1	1	0	0	1	1	1	1	False	.	.	False	6	6
TMEM151A	1	1	0.062	297.0	0.005731	261.0	candidate_kenya_pair_013	.	0	0	1	1	0	0	0	0	0	0	1	1	1	1	False	.	.	False	6	6
TMEM160	1	2	0.0655	74.5	0.041999999999999996	34.0	candidate_kenya_pair_009	.	0	0	1	1	0	0	1	1	0	0	1	1	1	1	False	.	.	False	6	6
TMEM170A	1	1	0.076	59.0	0.037	34.0	candidate_kenya_pair_004	.	0	0	1	1	0	0	0	0	0	0	1	1	1	1	False	.	.	False	6	6
TMEM200B	1	1	0.114	63.0	0.071	20.0	candidate_kenya_pair_020	.	0	0	1	1	0	0	0	0	0	0	1	1	1	1	False	.	.	False	6	6
TMEM247	1	1	0.978	148.0	0.012	130.0	candidate_kenya_pair_006	.	0	0	1	1	0	0	0	0	0	0	1	1	1	1	False	.	.	False	6	6
TMEM248	1	1	0.047	159.0	0.007948	191.0	candidate_kenya_pair_013	.	0	0	1	1	0	0	0	0	0	0	1	1	1	1	False	.	.	False	6	6
TMIE	1	1	0.067	90.0	0.015	107.0	candidate_kenya_pair_011	.	0	0	1	1	0	0	0	0	0	0	1	1	1	1	False	.	.	False	6	6
TNFRSF12A	1	1	0.027	299.0	0.014	121.0	candidate_kenya_pair_001	.	0	0	1	1	0	0	0	0	0	0	1	1	1	1	False	.	.	False	6	6
TNFRSF6B	2	2	0.215	156.5	0.0275	64.0	candidate_kenya_pair_003,candidate_kenya_pair_019	.	0	0	1	1	0	0	1	1	0	0	1	1	1	1	False	.	.	False	6	6
TNIK	2	2	0.27	62.5	0.064	42.0	candidate_kenya_pair_020,candidate_kenya_pair_021	.	0	0	1	1	0	0	1	1	0	0	1	1	1	1	False	.	.	False	6	6
TNK2	2	2	0.1785	218.0	0.023	62.5	candidate_kenya_pair_009,candidate_kenya_pair_018	.	0	0	1	1	0	0	1	1	0	0	1	1	1	1	False	.	.	False	6	6
TNNI3K	2	3	0.065	199.0	0.011	145.0	candidate_kenya_pair_013,candidate_kenya_pair_021	.	0	0	1	1	0	0	2	2	0	0	1	1	1	1	False	.	.	False	6	6
TNR	2	2	0.0815	231.5	0.014076499999999999	164.0	candidate_kenya_pair_001,candidate_kenya_pair_009	.	0	0	1	1	0	0	1	1	0	0	1	1	1	1	False	.	.	False	6	6
TNRC18	3	4	0.0985	99.5	0.023	61.5	candidate_kenya_pair_004,candidate_kenya_pair_013,candidate_kenya_pair_021	.	0	0	1	1	0	0	2	3	0	0	1	1	1	1	False	.	.	False	6	6
TOM1L2	1	2	0.193	23.0	0.0555	23.5	candidate_kenya_pair_006	.	0	0	1	1	0	0	1	1	0	0	1	1	1	1	False	.	.	False	6	6
TOP1MT	2	2	0.042499999999999996	173.5	0.018000000000000002	79.5	candidate_kenya_pair_005,candidate_kenya_pair_020	.	0	0	1	1	0	0	1	1	0	0	1	1	1	1	False	.	.	False	6	6
TOPAZ1	3	3	0.19	30.0	0.036	27.0	candidate_kenya_pair_013,candidate_kenya_pair_020,candidate_kenya_pair_021	.	0	0	1	1	0	0	2	2	0	0	1	1	1	1	False	.	.	False	6	6
TOX4	3	3	0.107	53.0	0.045	31.0	candidate_kenya_pair_005,candidate_kenya_pair_006,candidate_kenya_pair_013	.	0	0	1	1	0	0	2	2	0	0	1	1	1	1	False	.	.	False	6	6
TPH1	1	1	0.071	57.0	0.063	19.0	candidate_kenya_pair_003	.	0	0	1	1	0	0	0	0	0	0	1	1	1	1	False	.	.	False	6	6
TPM2	2	2	0.036000000000000004	235.5	0.013999999999999999	124.5	candidate_kenya_pair_015,candidate_kenya_pair_020	.	0	0	1	1	0	0	1	1	0	0	1	1	1	1	False	.	.	False	6	6
TPTE2	4	5	0.135	56.0	0.026	54.0	candidate_kenya_pair_006,candidate_kenya_pair_009,candidate_kenya_pair_011,candidate_kenya_pair_017	.	0	0	1	1	1	1	2	3	0	0	1	1	1	1	False	.	.	False	6	6
TRAF5	2	2	0.16199999999999998	50.0	0.0745	15.5	candidate_kenya_pair_007,candidate_kenya_pair_020	.	0	0	1	1	0	0	1	1	0	0	1	1	1	1	False	.	.	False	6	6
TRAK1	2	2	0.1595	219.0	0.013	109.0	candidate_kenya_pair_012,candidate_kenya_pair_018	.	0	0	1	1	0	0	1	1	0	0	1	1	1	1	False	.	.	False	6	6
TRAK2	1	1	0.104	137.0	0.026	134.0	candidate_kenya_pair_013	.	0	0	1	1	0	0	0	0	0	0	1	1	1	1	False	.	.	False	6	6
TRAPPC10	2	2	0.14500000000000002	256.0	0.016	142.0	candidate_kenya_pair_019,candidate_kenya_pair_020	.	0	0	1	1	1	1	0	0	0	0	1	1	1	1	False	.	.	False	6	6
TRAPPC13	2	3	0.054	89.0	0.04	38.0	candidate_kenya_pair_007,candidate_kenya_pair_013	.	0	0	1	1	0	0	1	2	0	0	1	1	1	1	False	.	.	False	6	6
TRAPPC2B	1	1	0.078	169.0	0.011	118.0	candidate_kenya_pair_013	.	0	0	1	1	0	0	0	0	0	0	1	1	1	1	False	.	.	False	6	6
TRAPPC6A	1	1	0.107	50.0	0.056	17.0	candidate_kenya_pair_021	.	0	0	1	1	0	0	0	0	0	0	1	1	1	1	False	.	.	False	6	6
TRERF1	2	2	0.071	64.5	0.0475	28.0	candidate_kenya_pair_009,candidate_kenya_pair_015	.	0	0	1	1	0	0	1	1	0	0	1	1	1	1	False	.	.	False	6	6
TRGC2	1	1	0.039	220.0	0.01	128.0	candidate_kenya_pair_018	.	0	0	1	1	0	0	0	0	0	0	1	1	1	1	False	.	.	False	6	6
TRIM37	2	2	0.06999999999999999	89.0	0.027	52.0	candidate_kenya_pair_013,candidate_kenya_pair_014	.	0	0	1	1	0	0	1	1	0	0	1	1	1	1	False	.	.	False	6	6
TRIM49	2	2	0.22599999999999998	142.0	0.03	144.0	candidate_kenya_pair_012,candidate_kenya_pair_013	.	0	0	1	1	0	0	1	1	0	0	1	1	1	1	False	.	.	False	6	6
TRIM52	2	4	0.107	260.5	0.0073445	202.5	candidate_kenya_pair_003,candidate_kenya_pair_013	.	0	0	1	1	1	1	1	2	0	0	1	1	1	1	False	.	.	False	6	6
TRIM55	1	1	0.071	78.0	0.036	39.0	candidate_kenya_pair_003	.	0	0	1	1	0	0	0	0	0	0	1	1	1	1	False	.	.	False	6	6
TRIM64B	2	2	0.522	66.0	0.036500000000000005	56.0	candidate_kenya_pair_006,candidate_kenya_pair_018	.	0	0	1	1	0	0	1	1	0	0	1	1	1	1	False	.	.	False	6	6
TRMT11	1	1	0.148	28.0	0.032	41.0	candidate_kenya_pair_019	.	0	0	1	1	0	0	0	0	0	0	1	1	1	1	False	.	.	False	6	6
TRPC4	2	2	0.0555	111.0	0.02	77.5	candidate_kenya_pair_015,candidate_kenya_pair_019	.	0	0	1	1	0	0	1	1	0	0	1	1	1	1	False	.	.	False	6	6
TRPC7	2	2	0.211	167.0	0.048729999999999996	121.5	candidate_kenya_pair_013,candidate_kenya_pair_017	.	0	0	1	1	0	0	1	1	0	0	1	1	1	1	False	.	.	False	6	6
TRPM3	2	2	0.5175	71.5	0.0375	43.5	candidate_kenya_pair_001,candidate_kenya_pair_006	.	0	0	1	1	0	0	1	1	0	0	1	1	1	1	False	.	.	False	6	6
TRPM4	2	2	0.0745	44.0	0.0505	21.5	candidate_kenya_pair_001,candidate_kenya_pair_015	.	0	0	1	1	0	0	1	1	0	0	1	1	1	1	False	.	.	False	6	6
TRPM7	2	2	0.0915	71.0	0.026000000000000002	77.0	candidate_kenya_pair_013,candidate_kenya_pair_015	.	0	0	1	1	0	0	1	1	0	0	1	1	1	1	False	.	.	False	6	6
TRPV1	1	1	0.04	167.0	0.016	189.0	candidate_kenya_pair_013	.	0	0	1	1	0	0	0	0	0	0	1	1	1	1	False	.	.	False	6	6
TSC22D1	1	1	0.062	136.0	0.007195	196.0	candidate_kenya_pair_013	.	0	0	1	1	0	0	0	0	0	0	1	1	1	1	False	.	.	False	6	6
TSEN54	2	2	0.07650000000000001	112.5	0.029	43.5	candidate_kenya_pair_005,candidate_kenya_pair_007	.	0	0	1	1	0	0	1	1	0	0	1	1	1	1	False	.	.	False	6	6
TSPAN18	2	2	0.1225	171.0	0.0185	85.5	candidate_kenya_pair_007,candidate_kenya_pair_019	.	0	0	1	1	0	0	1	1	0	0	1	1	1	1	False	.	.	False	6	6
TSR1	1	1	0.088	47.0	0.045	34.0	candidate_kenya_pair_019	.	0	0	1	1	0	0	0	0	0	0	1	1	1	1	False	.	.	False	6	6
TSSK2	1	1	0.025	443.0	0.006617	235.0	candidate_kenya_pair_016	.	0	0	1	1	0	0	0	0	0	0	1	1	1	1	False	.	.	False	6	6
TTC16	2	2	0.07400000000000001	135.0	0.027000000000000003	57.0	candidate_kenya_pair_001,candidate_kenya_pair_003	.	0	0	1	1	0	0	1	1	0	0	1	1	1	1	False	.	.	False	6	6
TTC28	1	1	0.061	364.0	0.005673	246.0	candidate_kenya_pair_013	.	0	0	1	1	0	0	0	0	0	0	1	1	1	1	False	.	.	False	6	6
TTC30B	1	1	0.019	582.0	0.009002	329.0	candidate_kenya_pair_015	.	0	0	1	1	0	0	0	0	0	0	1	1	1	1	False	.	.	False	6	6
TTC37	2	2	0.137	33.0	0.067	22.5	candidate_kenya_pair_003,candidate_kenya_pair_020	.	0	0	1	1	0	0	1	1	0	0	1	1	1	1	False	.	.	False	6	6
TTC6	3	3	0.136	73.0	0.028	56.0	candidate_kenya_pair_013,candidate_kenya_pair_014,candidate_kenya_pair_015	.	0	0	1	1	0	0	2	2	0	0	1	1	1	1	False	.	.	False	6	6
TTF1	1	1	0.072	193.0	0.008414	153.0	candidate_kenya_pair_013	.	0	0	1	1	0	0	0	0	0	0	1	1	1	1	False	.	.	False	6	6
TTI1	2	3	0.066	90.0	0.05	30.0	candidate_kenya_pair_010,candidate_kenya_pair_015	.	0	0	1	1	0	0	1	2	0	0	1	1	1	1	False	.	.	False	6	6
TUB	1	1	0.068	65.0	0.032	41.0	candidate_kenya_pair_007	.	0	0	1	1	0	0	0	0	0	0	1	1	1	1	False	.	.	False	6	6
TUBB8	7	10	0.167	29.5	0.069	17.5	candidate_kenya_pair_001,candidate_kenya_pair_003,candidate_kenya_pair_004,candidate_kenya_pair_006,candidate_kenya_pair_010,candidate_kenya_pair_014,candidate_kenya_pair_017	.	0	0	1	1	1	1	6	8	0	0	1	1	1	1	False	.	.	False	6	6
TUT7	1	1	0.066	64.0	0.047	28.0	candidate_kenya_pair_010	.	0	0	1	1	0	0	0	0	0	0	1	1	1	1	False	.	.	False	6	6
TVP23B	1	1	0.118	48.0	0.045	33.0	candidate_kenya_pair_015	.	0	0	1	1	0	0	0	0	0	0	1	1	1	1	False	.	.	False	6	6
TYK2	2	2	0.1115	68.0	0.056	42.0	candidate_kenya_pair_002,candidate_kenya_pair_004	.	0	0	1	1	0	0	1	1	0	0	1	1	1	1	False	.	.	False	6	6
TYR	1	1	0.291	295.0	0.014	117.0	candidate_kenya_pair_009	.	0	0	1	1	0	0	0	0	0	0	1	1	1	1	False	.	.	False	6	6
TYRO3	1	1	0.043	149.0	0.016	97.0	candidate_kenya_pair_004	.	0	0	1	1	0	0	0	0	0	0	1	1	1	1	False	.	.	False	6	6
TYW1	2	2	0.057499999999999996	350.0	0.0124365	146.5	candidate_kenya_pair_007,candidate_kenya_pair_009	.	0	0	1	1	1	1	0	0	0	0	1	1	1	1	False	.	.	False	6	6
UBAC1	1	1	0.124	31.0	0.032	36.0	candidate_kenya_pair_019	.	0	0	1	1	0	0	0	0	0	0	1	1	1	1	False	.	.	False	6	6
UBALD1	1	1	0.041	173.0	0.016	89.0	candidate_kenya_pair_021	.	0	0	1	1	0	0	0	0	0	0	1	1	1	1	False	.	.	False	6	6
UBASH3B	3	4	0.2015	86.0	0.0275	72.0	candidate_kenya_pair_006,candidate_kenya_pair_013,candidate_kenya_pair_014	.	0	0	1	1	0	0	3	3	0	0	1	1	1	1	False	.	.	False	6	6
UBE2O	2	2	0.08399999999999999	109.0	0.038	57.5	candidate_kenya_pair_007,candidate_kenya_pair_021	.	0	0	1	1	0	0	1	1	0	0	1	1	1	1	False	.	.	False	6	6
UBE2Q2	1	1	0.077	135.0	0.01	149.0	candidate_kenya_pair_013	.	0	0	1	1	0	0	0	0	0	0	1	1	1	1	False	.	.	False	6	6
UBE4A	1	1	0.081	49.0	0.036	35.0	candidate_kenya_pair_008	.	0	0	1	1	0	0	0	0	0	0	1	1	1	1	False	.	.	False	6	6
UBFD1	1	2	0.0615	119.0	0.0205	80.0	candidate_kenya_pair_019	.	0	0	1	1	0	0	1	1	0	0	1	1	1	1	False	.	.	False	6	6
UBR1	1	1	0.094	50.0	0.032	40.0	candidate_kenya_pair_008	.	0	0	1	1	0	0	0	0	0	0	1	1	1	1	False	.	.	False	6	6
UCK1	1	1	0.039	202.0	0.015	109.0	candidate_kenya_pair_001	.	0	0	1	1	0	0	0	0	0	0	1	1	1	1	False	.	.	False	6	6
UGGT2	1	1	0.094	46.0	0.065	20.0	candidate_kenya_pair_003	.	0	0	1	1	0	0	0	0	0	0	1	1	1	1	False	.	.	False	6	6
UGT2A2	1	1	0.077	64.0	0.033	41.0	candidate_kenya_pair_019	.	0	0	1	1	0	0	0	0	0	0	1	1	1	1	False	.	.	False	6	6
UGT2B4	1	2	0.1405	181.0	0.0082505	188.5	candidate_kenya_pair_013	.	0	0	1	1	0	0	1	1	0	0	1	1	1	1	False	.	.	False	6	6
ULK1	5	5	0.061	85.0	0.029	49.0	candidate_kenya_pair_001,candidate_kenya_pair_003,candidate_kenya_pair_009,candidate_kenya_pair_015,candidate_kenya_pair_019	.	0	0	1	1	0	0	4	4	0	0	1	1	1	1	False	.	.	False	6	6
UNC119B	1	1	0.144	128.0	0.008277	163.0	candidate_kenya_pair_013	.	0	0	1	1	0	0	0	0	0	0	1	1	1	1	False	.	.	False	6	6
UNC13D	1	1	0.067	143.0	0.023	73.0	candidate_kenya_pair_021	.	0	0	1	1	0	0	0	0	0	0	1	1	1	1	False	.	.	False	6	6
UNC45A	2	2	0.0645	79.0	0.038500000000000006	34.0	candidate_kenya_pair_010,candidate_kenya_pair_017	.	0	0	1	1	0	0	1	1	0	0	1	1	1	1	False	.	.	False	6	6
UNC45B	1	1	0.059	126.0	0.02	63.0	candidate_kenya_pair_009	.	0	0	1	1	0	0	0	0	0	0	1	1	1	1	False	.	.	False	6	6
UNC93A	3	3	0.236	79.0	0.04	32.0	candidate_kenya_pair_006,candidate_kenya_pair_007,candidate_kenya_pair_015	.	0	0	1	1	0	0	2	2	0	0	1	1	1	1	False	.	.	False	6	6
UPF3A	1	1	0.048	131.0	0.029	54.0	candidate_kenya_pair_003	.	0	0	1	1	0	0	0	0	0	0	1	1	1	1	False	.	.	False	6	6
UROD	1	1	0.429	68.0	0.041	32.0	candidate_kenya_pair_020	.	0	0	1	1	0	0	0	0	0	0	1	1	1	1	False	.	.	False	6	6
USH1G	1	1	0.026	365.0	0.011	129.0	candidate_kenya_pair_007	.	0	0	1	1	0	0	0	0	0	0	1	1	1	1	False	.	.	False	6	6
USP17L7	1	3	0.258	159.0	0.013	111.0	candidate_kenya_pair_006	.	0	0	1	1	0	0	1	2	0	0	1	1	1	1	False	.	.	False	6	6
USP6NL	1	1	0.192	171.0	0.033	44.0	candidate_kenya_pair_005	.	0	0	1	1	0	0	0	0	0	0	1	1	1	1	False	.	.	False	6	6
USPL1	2	2	0.0625	134.0	0.026000000000000002	52.0	candidate_kenya_pair_002,candidate_kenya_pair_007	.	0	0	1	1	0	0	1	1	0	0	1	1	1	1	False	.	.	False	6	6
UST	1	1	0.05	184.0	0.029	50.0	candidate_kenya_pair_015	.	0	0	1	1	0	0	0	0	0	0	1	1	1	1	False	.	.	False	6	6
UTRN	3	3	0.094	49.0	0.091	16.0	candidate_kenya_pair_011,candidate_kenya_pair_014,candidate_kenya_pair_021	.	0	0	1	1	0	0	2	2	0	0	1	1	1	1	False	.	.	False	6	6
VAV2	1	1	0.136	147.0	0.039	35.0	candidate_kenya_pair_007	.	0	0	1	1	0	0	0	0	0	0	1	1	1	1	False	.	.	False	6	6
VCL	3	3	0.133	122.0	0.029	52.0	candidate_kenya_pair_004,candidate_kenya_pair_013,candidate_kenya_pair_018	.	0	0	1	1	0	0	2	2	0	0	1	1	1	1	False	.	.	False	6	6
VCX3A	1	1	0.057	166.0	0.021	62.0	candidate_kenya_pair_014	.	0	0	1	1	0	0	0	0	0	0	1	1	1	1	False	.	.	False	6	6
VDR	3	3	0.141	70.0	0.022	67.0	candidate_kenya_pair_008,candidate_kenya_pair_013,candidate_kenya_pair_020	.	0	0	1	1	0	0	2	2	0	0	1	1	1	1	False	.	.	False	6	6
VPREB3	1	2	0.22499999999999998	277.0	0.01407	122.5	candidate_kenya_pair_018	.	0	0	1	1	0	0	1	1	0	0	1	1	1	1	False	.	.	False	6	6
VPS13D	2	2	0.071	69.5	0.027499999999999997	60.0	candidate_kenya_pair_006,candidate_kenya_pair_019	.	0	0	1	1	0	0	1	1	0	0	1	1	1	1	False	.	.	False	6	6
VPS35	2	2	0.0575	95.5	0.021	62.0	candidate_kenya_pair_014,candidate_kenya_pair_019	.	0	0	1	1	0	0	1	1	0	0	1	1	1	1	False	.	.	False	6	6
VPS37B	1	1	0.111	28.0	0.052	21.0	candidate_kenya_pair_019	.	0	0	1	1	0	0	0	0	0	0	1	1	1	1	False	.	.	False	6	6
VPS37C	1	1	0.076	46.0	0.063	18.0	candidate_kenya_pair_014	.	0	0	1	1	0	0	0	0	0	0	1	1	1	1	False	.	.	False	6	6
VPS45	2	2	0.529	71.5	0.0315	44.0	candidate_kenya_pair_006,candidate_kenya_pair_012	.	0	0	1	1	0	0	1	1	0	0	1	1	1	1	False	.	.	False	6	6
VPS4A	1	1	0.041	155.0	0.027	59.0	candidate_kenya_pair_005	.	0	0	1	1	0	0	0	0	0	0	1	1	1	1	False	.	.	False	6	6
VPS51	2	2	0.17200000000000001	31.0	0.05600000000000001	21.5	candidate_kenya_pair_006,candidate_kenya_pair_020	.	0	0	1	1	0	0	1	1	0	0	1	1	1	1	False	.	.	False	6	6
VPS9D1	1	2	0.108	63.5	0.067	17.0	candidate_kenya_pair_003	.	0	0	1	1	0	0	1	1	0	0	1	1	1	1	False	.	.	False	6	6
VSNL1	2	2	0.069	85.5	0.038500000000000006	33.5	candidate_kenya_pair_004,candidate_kenya_pair_017	.	0	0	1	1	0	0	1	1	0	0	1	1	1	1	False	.	.	False	6	6
VSTM4	2	2	0.094	93.0	0.027	73.5	candidate_kenya_pair_006,candidate_kenya_pair_008	.	0	0	1	1	0	0	1	1	0	0	1	1	1	1	False	.	.	False	6	6
VTN	1	1	0.062	99.0	0.036	40.0	candidate_kenya_pair_003	.	0	0	1	1	0	0	0	0	0	0	1	1	1	1	False	.	.	False	6	6
WASHC2A	1	2	0.1505	97.0	0.0505	28.5	candidate_kenya_pair_017	.	0	0	1	1	1	1	0	0	0	0	1	1	1	1	False	.	.	False	6	6
WDHD1	3	3	0.124	27.0	0.067	17.0	candidate_kenya_pair_003,candidate_kenya_pair_009,candidate_kenya_pair_019	.	0	0	1	1	0	0	2	2	0	0	1	1	1	1	False	.	.	False	6	6
WDR17	2	2	0.072	223.5	0.0176895	159.5	candidate_kenya_pair_013,candidate_kenya_pair_017	.	0	0	1	1	0	0	1	1	0	0	1	1	1	1	False	.	.	False	6	6
WDR37	4	4	0.1275	58.0	0.05	25.0	candidate_kenya_pair_002,candidate_kenya_pair_015,candidate_kenya_pair_018,candidate_kenya_pair_019	.	0	0	1	1	0	0	3	3	0	0	1	1	1	1	False	.	.	False	6	6
WDR64	1	1	0.102	114.0	0.022	74.0	candidate_kenya_pair_003	.	0	0	1	1	0	0	0	0	0	0	1	1	1	1	False	.	.	False	6	6
WDR66	2	2	0.091	79.0	0.040999999999999995	40.5	candidate_kenya_pair_001,candidate_kenya_pair_019	.	0	0	1	1	0	0	1	1	0	0	1	1	1	1	False	.	.	False	6	6
WDR72	2	2	0.192	48.0	0.058499999999999996	29.0	candidate_kenya_pair_013,candidate_kenya_pair_014	.	0	0	1	1	0	0	1	1	0	0	1	1	1	1	False	.	.	False	6	6
WDR74	1	1	0.031	247.0	0.007417	209.0	candidate_kenya_pair_013	.	0	0	1	1	0	0	0	0	0	0	1	1	1	1	False	.	.	False	6	6
WDR87	1	1	0.043	205.0	0.007434	210.0	candidate_kenya_pair_013	.	0	0	1	1	0	0	0	0	0	0	1	1	1	1	False	.	.	False	6	6
WDR90	2	2	0.037500000000000006	309.5	0.007818499999999999	204.5	candidate_kenya_pair_013,candidate_kenya_pair_018	.	0	0	1	1	0	0	1	1	0	0	1	1	1	1	False	.	.	False	6	6
WFIKKN1	1	1	0.036	249.0	0.022	77.0	candidate_kenya_pair_018	.	0	0	1	1	0	0	0	0	0	0	1	1	1	1	False	.	.	False	6	6
WIZ	2	2	0.1125	59.0	0.0595	21.5	candidate_kenya_pair_001,candidate_kenya_pair_018	.	0	0	1	1	0	0	1	1	0	0	1	1	1	1	False	.	.	False	6	6
WNK4	2	2	0.1455	93.5	0.022318	90.5	candidate_kenya_pair_013,candidate_kenya_pair_020	.	0	0	1	1	0	0	1	1	0	0	1	1	1	1	False	.	.	False	6	6
WNT6	1	1	0.383	217.0	0.017	89.0	candidate_kenya_pair_020	.	0	0	1	1	0	0	0	0	0	0	1	1	1	1	False	.	.	False	6	6
WNT8B	1	1	0.036	310.0	0.008819	181.0	candidate_kenya_pair_020	.	0	0	1	1	0	0	0	0	0	0	1	1	1	1	False	.	.	False	6	6
WRN	1	1	0.051	121.0	0.027	55.0	candidate_kenya_pair_003	.	0	0	1	1	0	0	0	0	0	0	1	1	1	1	False	.	.	False	6	6
XAB2	2	2	0.09	58.0	0.0395	56.0	candidate_kenya_pair_008,candidate_kenya_pair_021	.	0	0	1	1	0	0	1	1	0	0	1	1	1	1	False	.	.	False	6	6
XPO5	6	8	0.1105	53.0	0.040499999999999994	34.0	candidate_kenya_pair_002,candidate_kenya_pair_003,candidate_kenya_pair_004,candidate_kenya_pair_006,candidate_kenya_pair_013,candidate_kenya_pair_021	.	0	0	1	1	0	0	5	7	0	0	1	1	1	1	False	.	.	False	6	6
YBX1	1	1	0.04	151.0	0.017	83.0	candidate_kenya_pair_009	.	0	0	1	1	0	0	0	0	0	0	1	1	1	1	False	.	.	False	6	6
Z83844.3	2	2	0.08549999999999999	92.5	0.0385	35.0	candidate_kenya_pair_001,candidate_kenya_pair_004	.	0	0	1	1	0	0	1	1	0	0	1	1	1	1	False	.	.	False	6	6
ZBTB1	1	1	0.057	110.0	0.024	58.0	candidate_kenya_pair_019	.	0	0	1	1	0	0	0	0	0	0	1	1	1	1	False	.	.	False	6	6
ZBTB10	2	2	0.0935	82.0	0.055	26.0	candidate_kenya_pair_007,candidate_kenya_pair_019	.	0	0	1	1	1	1	0	0	0	0	1	1	1	1	False	.	.	False	6	6
ZBTB2	1	1	0.067	111.0	0.024	59.0	candidate_kenya_pair_017	.	0	0	1	1	0	0	0	0	0	0	1	1	1	1	False	.	.	False	6	6
ZBTB38	1	1	0.11	295.0	0.011	138.0	candidate_kenya_pair_007	.	0	0	1	1	0	0	0	0	0	0	1	1	1	1	False	.	.	False	6	6
ZBTB47	1	1	0.029	203.0	0.021	61.0	candidate_kenya_pair_021	.	0	0	1	1	0	0	0	0	0	0	1	1	1	1	False	.	.	False	6	6
ZBTB48	2	2	0.0685	126.0	0.028406	87.0	candidate_kenya_pair_006,candidate_kenya_pair_013	.	0	0	1	1	0	0	1	1	0	0	1	1	1	1	False	.	.	False	6	6
ZBTB7C	1	1	0.162	210.0	0.014	105.0	candidate_kenya_pair_018	.	0	0	1	1	0	0	0	0	0	0	1	1	1	1	False	.	.	False	6	6
ZC3H12B	2	2	0.519	133.5	0.0235	65.5	candidate_kenya_pair_006,candidate_kenya_pair_014	.	0	0	1	1	0	0	1	1	0	0	1	1	1	1	False	.	.	False	6	6
ZC3H14	2	2	0.23349999999999999	149.0	0.020999999999999998	92.0	candidate_kenya_pair_009,candidate_kenya_pair_012	.	0	0	1	1	0	0	1	1	0	0	1	1	1	1	False	.	.	False	6	6
ZCRB1	1	1	0.088	69.0	0.048	35.0	candidate_kenya_pair_007	.	0	0	1	1	0	0	0	0	0	0	1	1	1	1	False	.	.	False	6	6
ZDHHC11	2	8	0.2025	167.0	0.014499999999999999	108.0	candidate_kenya_pair_006,candidate_kenya_pair_015	.	0	0	1	1	0	0	2	7	0	0	1	1	1	1	False	.	.	False	6	6
ZDHHC11B	4	10	0.209	168.5	0.015	100.0	candidate_kenya_pair_001,candidate_kenya_pair_006,candidate_kenya_pair_009,candidate_kenya_pair_010	.	0	0	1	1	1	1	4	8	0	0	1	1	1	1	False	.	.	False	6	6
ZDHHC2	3	3	0.166	62.0	0.015	109.0	candidate_kenya_pair_006,candidate_kenya_pair_007,candidate_kenya_pair_019	.	0	0	1	1	0	0	2	2	0	0	1	1	1	1	False	.	.	False	6	6
ZDHHC8	3	3	0.058	120.0	0.023	54.0	candidate_kenya_pair_010,candidate_kenya_pair_017,candidate_kenya_pair_019	.	0	0	1	1	0	0	2	2	0	0	1	1	1	1	False	.	.	False	6	6
ZEB2	2	2	0.244	85.0	0.048	65.0	candidate_kenya_pair_012,candidate_kenya_pair_013	.	0	0	1	1	0	0	1	1	0	0	1	1	1	1	False	.	.	False	6	6
ZFAND1	1	2	0.075	67.5	0.041	39.0	candidate_kenya_pair_019	.	0	0	1	1	0	0	1	1	0	0	1	1	1	1	False	.	.	False	6	6
ZFHX2	1	1	0.972	118.0	0.024	67.0	candidate_kenya_pair_006	.	0	0	1	1	0	0	0	0	0	0	1	1	1	1	False	.	.	False	6	6
ZFPM1	1	1	0.045	175.0	0.023	70.0	candidate_kenya_pair_021	.	0	0	1	1	0	0	0	0	0	0	1	1	1	1	False	.	.	False	6	6
ZFYVE16	2	2	0.07050000000000001	108.0	0.019	78.5	candidate_kenya_pair_013,candidate_kenya_pair_018	.	0	0	1	1	1	1	0	0	0	0	1	1	1	1	False	.	.	False	6	6
ZFYVE26	4	4	0.0655	76.5	0.020999999999999998	65.0	candidate_kenya_pair_001,candidate_kenya_pair_010,candidate_kenya_pair_013,candidate_kenya_pair_019	.	0	0	1	1	0	0	3	3	0	0	1	1	1	1	False	.	.	False	6	6
ZGRF1	1	1	0.074	98.0	0.026	63.0	candidate_kenya_pair_021	.	0	0	1	1	0	0	0	0	0	0	1	1	1	1	False	.	.	False	6	6
ZKSCAN3	1	1	0.058	220.0	0.01	135.0	candidate_kenya_pair_013	.	0	0	1	1	0	0	0	0	0	0	1	1	1	1	False	.	.	False	6	6
ZKSCAN4	1	1	0.062	232.0	0.006841	212.0	candidate_kenya_pair_013	.	0	0	1	1	0	0	0	0	0	0	1	1	1	1	False	.	.	False	6	6
ZMAT3	2	2	0.062	127.5	0.0188955	104.0	candidate_kenya_pair_013,candidate_kenya_pair_015	.	0	0	1	1	0	0	1	1	0	0	1	1	1	1	False	.	.	False	6	6
ZMAT5	2	2	0.22549999999999998	89.5	0.0385	48.0	candidate_kenya_pair_019,candidate_kenya_pair_021	.	0	0	1	1	0	0	1	1	0	0	1	1	1	1	False	.	.	False	6	6
ZMYM5	2	2	0.065	101.0	0.0179515	107.0	candidate_kenya_pair_013,candidate_kenya_pair_021	.	0	0	1	1	0	0	1	1	0	0	1	1	1	1	False	.	.	False	6	6
ZMYND8	3	3	0.25	61.0	0.032	48.0	candidate_kenya_pair_008,candidate_kenya_pair_012,candidate_kenya_pair_019	.	0	0	1	1	0	0	2	2	0	0	1	1	1	1	False	.	.	False	6	6
ZNF138	2	2	0.07050000000000001	75.5	0.0605	34.0	candidate_kenya_pair_003,candidate_kenya_pair_019	.	0	0	1	1	0	0	1	1	0	0	1	1	1	1	False	.	.	False	6	6
ZNF160	1	2	0.1915	209.0	0.013	118.0	candidate_kenya_pair_020	.	0	0	1	1	0	0	1	1	0	0	1	1	1	1	False	.	.	False	6	6
ZNF175	2	2	0.5105	105.0	0.026000000000000002	55.5	candidate_kenya_pair_006,candidate_kenya_pair_019	.	0	0	1	1	0	0	1	1	0	0	1	1	1	1	False	.	.	False	6	6
ZNF208	3	4	0.515	172.0	0.0175	107.5	candidate_kenya_pair_006,candidate_kenya_pair_008,candidate_kenya_pair_010	.	0	0	1	1	1	1	2	2	0	0	1	1	1	1	False	.	.	False	6	6
ZNF223	1	1	0.083	84.0	0.026	50.0	candidate_kenya_pair_019	.	0	0	1	1	0	0	0	0	0	0	1	1	1	1	False	.	.	False	6	6
ZNF229	2	4	0.40149999999999997	47.5	0.0595	21.0	candidate_kenya_pair_003,candidate_kenya_pair_006	.	0	0	1	1	0	0	2	3	0	0	1	1	1	1	False	.	.	False	6	6
ZNF230	1	1	0.095	285.0	0.00857	174.0	candidate_kenya_pair_007	.	0	0	1	1	0	0	0	0	0	0	1	1	1	1	False	.	.	False	6	6
ZNF232	1	1	0.075	53.0	0.027	42.0	candidate_kenya_pair_008	.	0	0	1	1	0	0	0	0	0	0	1	1	1	1	False	.	.	False	6	6
ZNF281	1	1	0.085	55.0	0.052	22.0	candidate_kenya_pair_006	.	0	0	1	1	0	0	0	0	0	0	1	1	1	1	False	.	.	False	6	6
ZNF285	1	1	0.08	121.0	0.021	75.0	candidate_kenya_pair_006	.	0	0	1	1	0	0	0	0	0	0	1	1	1	1	False	.	.	False	6	6
ZNF292	1	1	0.077	57.0	0.048	32.0	candidate_kenya_pair_001	.	0	0	1	1	0	0	0	0	0	0	1	1	1	1	False	.	.	False	6	6
ZNF302	1	1	0.06	123.0	0.013	96.0	candidate_kenya_pair_011	.	0	0	1	1	0	0	0	0	0	0	1	1	1	1	False	.	.	False	6	6
ZNF362	1	1	0.055	111.0	0.023	59.0	candidate_kenya_pair_008	.	0	0	1	1	0	0	0	0	0	0	1	1	1	1	False	.	.	False	6	6
ZNF408	1	1	0.104	288.0	0.011	137.0	candidate_kenya_pair_001	.	0	0	1	1	0	0	0	0	0	0	1	1	1	1	False	.	.	False	6	6
ZNF414	3	3	0.125	84.0	0.044	32.0	candidate_kenya_pair_006,candidate_kenya_pair_013,candidate_kenya_pair_015	.	0	0	1	1	0	0	2	2	0	0	1	1	1	1	False	.	.	False	6	6
ZNF415	1	1	0.052	142.0	0.024	58.0	candidate_kenya_pair_020	.	0	0	1	1	0	0	0	0	0	0	1	1	1	1	False	.	.	False	6	6
ZNF418	2	3	0.081	56.0	0.042	36.0	candidate_kenya_pair_004,candidate_kenya_pair_019	.	0	0	1	1	0	0	1	2	0	0	1	1	1	1	False	.	.	False	6	6
ZNF438	1	1	0.329	243.0	0.015	90.0	candidate_kenya_pair_005	.	0	0	1	1	0	0	0	0	0	0	1	1	1	1	False	.	.	False	6	6
ZNF443	2	3	0.137	71.0	0.036	40.0	candidate_kenya_pair_001,candidate_kenya_pair_013	.	0	0	1	1	0	0	1	2	0	0	1	1	1	1	False	.	.	False	6	6
ZNF444	1	1	0.113	225.0	0.015	109.0	candidate_kenya_pair_018	.	0	0	1	1	0	0	0	0	0	0	1	1	1	1	False	.	.	False	6	6
ZNF469	1	1	0.053	60.0	0.041	35.0	candidate_kenya_pair_008	.	0	0	1	1	0	0	0	0	0	0	1	1	1	1	False	.	.	False	6	6
ZNF471	1	1	0.06	76.0	0.033	46.0	candidate_kenya_pair_001	.	0	0	1	1	0	0	0	0	0	0	1	1	1	1	False	.	.	False	6	6
ZNF490	2	2	0.1865	69.5	0.036000000000000004	41.5	candidate_kenya_pair_001,candidate_kenya_pair_018	.	0	0	1	1	1	1	0	0	0	0	1	1	1	1	False	.	.	False	6	6
ZNF541	1	1	0.085	138.0	0.012	118.0	candidate_kenya_pair_013	.	0	0	1	1	0	0	0	0	0	0	1	1	1	1	False	.	.	False	6	6
ZNF552	3	3	0.13	33.0	0.059	21.0	candidate_kenya_pair_013,candidate_kenya_pair_015,candidate_kenya_pair_019	.	0	0	1	1	0	0	2	2	0	0	1	1	1	1	False	.	.	False	6	6
ZNF566	3	3	0.031	120.0	0.025	59.0	candidate_kenya_pair_001,candidate_kenya_pair_007,candidate_kenya_pair_020	.	0	0	1	1	0	0	2	2	0	0	1	1	1	1	False	.	.	False	6	6
ZNF573	1	1	0.213	17.0	0.077	15.0	candidate_kenya_pair_017	.	0	0	1	1	0	0	0	0	0	0	1	1	1	1	False	.	.	False	6	6
ZNF580	1	1	0.104	48.0	0.041	28.0	candidate_kenya_pair_012	.	0	0	1	1	0	0	0	0	0	0	1	1	1	1	False	.	.	False	6	6
ZNF582	1	1	0.116	91.0	0.023	63.0	candidate_kenya_pair_003	.	0	0	1	1	0	0	0	0	0	0	1	1	1	1	False	.	.	False	6	6
ZNF598	1	1	0.14	945.0	0.009421	169.0	candidate_kenya_pair_007	.	0	0	1	1	0	0	0	0	0	0	1	1	1	1	False	.	.	False	6	6
ZNF599	2	2	0.162	70.0	0.036500000000000005	44.5	candidate_kenya_pair_002,candidate_kenya_pair_013	.	0	0	1	1	0	0	1	1	0	0	1	1	1	1	False	.	.	False	6	6
ZNF610	2	2	0.087	62.5	0.036500000000000005	41.0	candidate_kenya_pair_015,candidate_kenya_pair_019	.	0	0	1	1	0	0	1	1	0	0	1	1	1	1	False	.	.	False	6	6
ZNF616	2	2	0.1375	193.0	0.009993499999999999	158.0	candidate_kenya_pair_007,candidate_kenya_pair_013	.	0	0	1	1	0	0	1	1	0	0	1	1	1	1	False	.	.	False	6	6
ZNF624	3	3	0.075	68.0	0.061	21.0	candidate_kenya_pair_009,candidate_kenya_pair_010,candidate_kenya_pair_021	.	0	0	1	1	0	0	2	2	0	0	1	1	1	1	False	.	.	False	6	6
ZNF630	2	2	0.506	46.0	0.043	28.0	candidate_kenya_pair_006,candidate_kenya_pair_015	.	0	0	1	1	1	1	0	0	0	0	1	1	1	1	False	.	.	False	6	6
ZNF654	2	2	0.10550000000000001	49.0	0.0345	39.0	candidate_kenya_pair_008,candidate_kenya_pair_019	.	0	0	1	1	0	0	1	1	0	0	1	1	1	1	False	.	.	False	6	6
ZNF679	1	1	0.073	59.0	0.029	49.0	candidate_kenya_pair_020	.	0	0	1	1	0	0	0	0	0	0	1	1	1	1	False	.	.	False	6	6
ZNF695	3	3	0.12	169.0	0.022	75.0	candidate_kenya_pair_002,candidate_kenya_pair_003,candidate_kenya_pair_006	.	0	0	1	1	0	0	2	2	0	0	1	1	1	1	False	.	.	False	6	6
ZNF700	1	1	0.968	40.0	0.053	23.0	candidate_kenya_pair_006	.	0	0	1	1	0	0	0	0	0	0	1	1	1	1	False	.	.	False	6	6
ZNF717	2	2	0.185	111.0	0.0475	48.5	candidate_kenya_pair_001,candidate_kenya_pair_007	.	0	0	1	1	0	0	1	1	0	0	1	1	1	1	False	.	.	False	6	6
ZNF735	1	1	0.406	91.0	0.029	53.0	candidate_kenya_pair_020	.	0	0	1	1	0	0	0	0	0	0	1	1	1	1	False	.	.	False	6	6
ZNF747	2	2	0.0325	300.5	0.0165	80.0	candidate_kenya_pair_007,candidate_kenya_pair_019	.	0	0	1	1	1	1	0	0	0	0	1	1	1	1	False	.	.	False	6	6
ZNF770	2	4	0.0485	130.5	0.0102315	136.5	candidate_kenya_pair_013,candidate_kenya_pair_019	.	0	0	1	1	1	2	1	1	0	0	1	1	1	1	False	.	.	False	6	6
ZNF772	1	1	0.069	66.0	0.027	54.0	candidate_kenya_pair_020	.	0	0	1	1	0	0	0	0	0	0	1	1	1	1	False	.	.	False	6	6
ZNF775	1	1	0.048	234.0	0.017	81.0	candidate_kenya_pair_003	.	0	0	1	1	0	0	0	0	0	0	1	1	1	1	False	.	.	False	6	6
ZNF777	1	1	0.1	45.0	0.048	22.0	candidate_kenya_pair_012	.	0	0	1	1	0	0	0	0	0	0	1	1	1	1	False	.	.	False	6	6
ZNF783	1	1	0.111	216.0	0.015	94.0	candidate_kenya_pair_007	.	0	0	1	1	0	0	0	0	0	0	1	1	1	1	False	.	.	False	6	6
ZNF823	1	1	0.057	108.0	0.026	60.0	candidate_kenya_pair_007	.	0	0	1	1	0	0	0	0	0	0	1	1	1	1	False	.	.	False	6	6
ZNF827	3	3	0.087	68.0	0.031	36.0	candidate_kenya_pair_003,candidate_kenya_pair_004,candidate_kenya_pair_021	.	0	0	1	1	1	1	1	1	0	0	1	1	1	1	False	.	.	False	6	6
ZNF830	3	4	0.0285	448.5	0.0083045	200.5	candidate_kenya_pair_010,candidate_kenya_pair_015,candidate_kenya_pair_017	.	0	0	1	1	3	3	0	0	0	0	1	1	1	1	False	.	.	False	6	6
ZNF831	2	2	0.1985	116.5	0.025	53.5	candidate_kenya_pair_007,candidate_kenya_pair_013	.	0	0	1	1	1	1	0	0	0	0	1	1	1	1	False	.	.	False	6	6
ZNF835	2	2	0.5185	199.5	0.0180945	135.0	candidate_kenya_pair_006,candidate_kenya_pair_017	.	0	0	1	1	1	1	0	0	0	0	1	1	1	1	False	.	.	False	6	6
ZNF836	1	1	0.101	67.0	0.024	57.0	candidate_kenya_pair_017	.	0	0	1	1	0	0	0	0	0	0	1	1	1	1	False	.	.	False	6	6
ZNF841	1	1	0.04	109.0	0.021	70.0	candidate_kenya_pair_014	.	0	0	1	1	0	0	0	0	0	0	1	1	1	1	False	.	.	False	6	6
ZNF888	1	1	0.986	211.0	0.016	89.0	candidate_kenya_pair_006	.	0	0	1	1	0	0	0	0	0	0	1	1	1	1	False	.	.	False	6	6
ZNFX1	1	1	0.32	383.0	0.0046	344.0	candidate_kenya_pair_008	.	0	0	1	1	0	0	0	0	0	0	1	1	1	1	False	.	.	False	6	6
ZNRF2	2	2	0.1455	44.5	0.07200000000000001	15.0	candidate_kenya_pair_006,candidate_kenya_pair_012	.	0	0	1	1	0	0	1	1	0	0	1	1	1	1	False	.	.	False	6	6
ZRANB2	1	1	0.078	81.0	0.039	40.0	candidate_kenya_pair_001	.	0	0	1	1	0	0	0	0	0	0	1	1	1	1	False	.	.	False	6	6
ZSCAN16	1	1	0.057	106.0	0.021	75.0	candidate_kenya_pair_014	.	0	0	1	1	0	0	0	0	0	0	1	1	1	1	False	.	.	False	6	6
ZSCAN5B	1	1	0.038	216.0	0.014	115.0	candidate_kenya_pair_018	.	0	0	1	1	0	0	0	0	0	0	1	1	1	1	False	.	.	False	6	6
ZSWIM2	1	1	0.139	43.0	0.071	22.0	candidate_kenya_pair_002	.	0	0	1	1	0	0	0	0	0	0	1	1	1	1	False	.	.	False	6	6
ZSWIM9	1	1	0.132	39.0	0.054	25.0	candidate_kenya_pair_014	.	0	0	1	1	0	0	0	0	0	0	1	1	1	1	False	.	.	False	6	6
ZYG11B	2	3	0.093	51.0	0.034	41.0	candidate_kenya_pair_010,candidate_kenya_pair_012	.	0	0	1	1	0	0	1	2	0	0	1	1	1	1	False	.	.	False	6	6
ZYX	1	1	0.022	207.0	0.012	133.0	candidate_kenya_pair_004	.	0	0	1	1	0	0	0	0	0	0	1	1	1	1	False	.	.	False	6	6
ZZEF1	2	2	0.593	128.5	0.028	60.5	candidate_kenya_pair_006,candidate_kenya_pair_012	.	0	0	1	1	0	0	1	1	0	0	1	1	1	1	False	.	.	False	6	6
FRG1CP	8	14	0.16649999999999998	54.0	0.042499999999999996	36.0	candidate_kenya_pair_001,candidate_kenya_pair_002,candidate_kenya_pair_006,candidate_kenya_pair_007,candidate_kenya_pair_012,candidate_kenya_pair_014,candidate_kenya_pair_018,candidate_kenya_pair_019	possible_pseudogene_symbol	0	0	0	0	3	3	5	11	3	3	0	0	3	3	True	.	possible_pseudogene_symbol	True	9	4
ARHGAP33	4	4	0.0665	110.5	0.025500000000000002	56.0	candidate_kenya_pair_008,candidate_kenya_pair_013,candidate_kenya_pair_015,candidate_kenya_pair_019	possible_pseudogene_symbol	0	0	1	1	2	2	1	1	1	1	1	1	2	2	True	.	possible_pseudogene_symbol	True	9	4
PFKP	4	4	0.1165	92.5	0.032	55.0	candidate_kenya_pair_004,candidate_kenya_pair_006,candidate_kenya_pair_013,candidate_kenya_pair_020	possible_pseudogene_symbol	0	0	1	1	1	1	2	2	1	1	1	1	2	2	True	.	possible_pseudogene_symbol	True	9	4
SH3BP2	2	2	0.40850000000000003	153.5	0.015	101.5	candidate_kenya_pair_006,candidate_kenya_pair_008	possible_pseudogene_symbol	0	0	1	1	1	1	0	0	1	1	1	1	2	2	True	.	possible_pseudogene_symbol	True	9	4
AC005944.1	1	1	0.079	55.0	0.094	13.0	candidate_kenya_pair_007	noncoding_or_immunoglobulin_like_prefix	1	1	0	0	0	0	0	0	0	0	1	1	1	1	True	.	noncoding_or_immunoglobulin_like_prefix	True	9	4
AC084871.2&ACSL1	1	1	0.259	163.0	0.018	88.0	candidate_kenya_pair_015	noncoding_or_immunoglobulin_like_prefix	1	1	0	0	0	0	0	0	0	0	1	1	1	1	True	.	noncoding_or_immunoglobulin_like_prefix	True	9	4
AC090559.1&MIR4487	1	1	0.186	52.0	0.033	38.0	candidate_kenya_pair_014	noncoding_or_immunoglobulin_like_prefix	1	1	0	0	0	0	0	0	0	0	1	1	1	1	True	.	noncoding_or_immunoglobulin_like_prefix	True	9	4
AC129510.1&CCDC57	1	1	0.095	23.0	0.083	13.0	candidate_kenya_pair_013	noncoding_or_immunoglobulin_like_prefix	1	1	0	0	0	0	0	0	0	0	1	1	1	1	True	.	noncoding_or_immunoglobulin_like_prefix	True	9	4
ACSS3	1	1	0.078	54.0	0.028	52.0	candidate_kenya_pair_008	noncoding_or_immunoglobulin_like_prefix	1	1	0	0	0	0	0	0	0	0	1	1	1	1	True	.	noncoding_or_immunoglobulin_like_prefix	True	9	4
ADAP1	2	2	0.125	216.0	0.017863	218.5	candidate_kenya_pair_009,candidate_kenya_pair_013	possible_pseudogene_symbol	1	1	0	0	0	0	1	1	0	0	1	1	1	1	True	.	possible_pseudogene_symbol	True	9	4
AGAP4	2	3	0.125	36.0	0.045	30.0	candidate_kenya_pair_002,candidate_kenya_pair_006	possible_pseudogene_symbol	1	1	0	0	2	2	0	0	0	0	1	1	1	1	True	.	possible_pseudogene_symbol	True	9	4
AGAP9	1	1	0.894	40.0	0.028	50.0	candidate_kenya_pair_006	possible_pseudogene_symbol	1	1	0	0	0	0	0	0	0	0	1	1	1	1	True	.	possible_pseudogene_symbol	True	9	4
AQP10	2	2	0.0905	233.0	0.028499999999999998	72.5	candidate_kenya_pair_009,candidate_kenya_pair_015	possible_pseudogene_symbol	1	1	0	0	0	0	1	1	0	0	1	1	1	1	True	.	possible_pseudogene_symbol	True	9	4
ARHGAP4	2	2	0.0635	125.5	0.0172255	100.0	candidate_kenya_pair_013,candidate_kenya_pair_020	possible_pseudogene_symbol	1	1	0	0	0	0	1	1	0	0	1	1	1	1	True	.	possible_pseudogene_symbol	True	9	4
CASP12	1	1	0.396	169.0	0.024	67.0	candidate_kenya_pair_006	possible_pseudogene_symbol	1	1	0	0	0	0	0	0	0	0	1	1	1	1	True	.	possible_pseudogene_symbol	True	9	4
CEP70	1	1	0.091	45.0	0.061	24.0	candidate_kenya_pair_004	possible_pseudogene_symbol	1	1	0	0	0	0	0	0	0	0	1	1	1	1	True	.	possible_pseudogene_symbol	True	9	4
CFAP126	1	1	0.034	153.0	0.019	84.0	candidate_kenya_pair_006	possible_pseudogene_symbol	1	1	0	0	0	0	0	0	0	0	1	1	1	1	True	.	possible_pseudogene_symbol	True	9	4
CRISP2	1	1	0.053	271.0	0.01	158.0	candidate_kenya_pair_001	possible_pseudogene_symbol	1	1	0	0	0	0	0	0	0	0	1	1	1	1	True	.	possible_pseudogene_symbol	True	9	4
ELP2	2	3	0.4	76.0	0.032	45.0	candidate_kenya_pair_014,candidate_kenya_pair_020	possible_pseudogene_symbol	1	1	0	0	0	0	2	2	0	0	1	1	1	1	True	.	possible_pseudogene_symbol	True	9	4
ENPP3	2	2	0.17149999999999999	66.0	0.0335	49.5	candidate_kenya_pair_010,candidate_kenya_pair_019	possible_pseudogene_symbol	1	1	0	0	0	0	1	1	0	0	1	1	1	1	True	.	possible_pseudogene_symbol	True	9	4
ERMP1	1	1	0.071	63.0	0.034	38.0	candidate_kenya_pair_012	possible_pseudogene_symbol	1	1	0	0	0	0	0	0	0	0	1	1	1	1	True	.	possible_pseudogene_symbol	True	9	4
FIBP	2	2	0.229	153.5	0.036000000000000004	65.5	candidate_kenya_pair_001,candidate_kenya_pair_010	possible_pseudogene_symbol	1	1	0	0	0	0	1	1	0	0	1	1	1	1	True	.	possible_pseudogene_symbol	True	9	4
FOXP2	2	2	0.063	123.5	0.0215	71.0	candidate_kenya_pair_010,candidate_kenya_pair_017	possible_pseudogene_symbol	1	1	0	0	0	0	1	1	0	0	1	1	1	1	True	.	possible_pseudogene_symbol	True	9	4
GRIP1	1	1	0.064	77.0	0.038	40.0	candidate_kenya_pair_019	possible_pseudogene_symbol	1	1	0	0	0	0	0	0	0	0	1	1	1	1	True	.	possible_pseudogene_symbol	True	9	4
IGHV3OR16-8	1	2	0.2695	393.5	0.0123325	134.5	candidate_kenya_pair_006	multi_gene_or_interval_annotation;noncoding_or_immunoglobulin_like_prefix	1	1	0	0	1	1	0	0	0	0	1	1	1	1	True	.	multi_gene_or_interval_annotation;noncoding_or_immunoglobulin_like_prefix	True	9	4
IGKV3-11	1	1	0.054	76.0	0.038	36.0	candidate_kenya_pair_003	multi_gene_or_interval_annotation;noncoding_or_immunoglobulin_like_prefix	1	1	0	0	0	0	0	0	0	0	1	1	1	1	True	.	multi_gene_or_interval_annotation;noncoding_or_immunoglobulin_like_prefix	True	9	4
MMP27	2	2	0.21100000000000002	32.5	0.065	20.0	candidate_kenya_pair_007,candidate_kenya_pair_018	possible_pseudogene_symbol	1	1	0	0	0	0	1	1	0	0	1	1	1	1	True	.	possible_pseudogene_symbol	True	9	4
NKX2-2	2	2	0.088	67.5	0.039	33.0	candidate_kenya_pair_001,candidate_kenya_pair_008	multi_gene_or_interval_annotation	1	1	0	0	0	0	1	1	0	0	1	1	1	1	True	.	multi_gene_or_interval_annotation	True	9	4
PARP9	2	2	0.065	93.5	0.018	92.0	candidate_kenya_pair_012,candidate_kenya_pair_014	possible_pseudogene_symbol	1	1	0	0	0	0	1	1	0	0	1	1	1	1	True	.	possible_pseudogene_symbol	True	9	4
PHLPP1	1	2	0.0715	320.0	0.010948	145.0	candidate_kenya_pair_003	possible_pseudogene_symbol	1	1	0	0	1	1	0	0	0	0	1	1	1	1	True	.	possible_pseudogene_symbol	True	9	4
PMFBP1	1	1	0.198	30.0	0.065	20.0	candidate_kenya_pair_010	possible_pseudogene_symbol	1	1	0	0	0	0	0	0	0	0	1	1	1	1	True	.	possible_pseudogene_symbol	True	9	4
POP4	1	1	0.054	83.0	0.043	31.0	candidate_kenya_pair_019	possible_pseudogene_symbol	1	1	0	0	0	0	0	0	0	0	1	1	1	1	True	.	possible_pseudogene_symbol	True	9	4
PPAN-P2RY11	1	1	0.025	438.0	0.00761	208.0	candidate_kenya_pair_021	multi_gene_or_interval_annotation	1	1	0	0	0	0	0	0	0	0	1	1	1	1	True	.	multi_gene_or_interval_annotation	True	9	4
RASGRP3	2	2	0.0795	75.0	0.03	50.5	candidate_kenya_pair_004,candidate_kenya_pair_006	possible_pseudogene_symbol	1	1	0	0	1	1	0	0	0	0	1	1	1	1	True	.	possible_pseudogene_symbol	True	9	4
RPP14	1	1	0.167	31.0	0.03	43.0	candidate_kenya_pair_013	possible_pseudogene_symbol	1	1	0	0	0	0	0	0	0	0	1	1	1	1	True	.	possible_pseudogene_symbol	True	9	4
RRBP1	1	1	0.046	200.0	0.02	126.0	candidate_kenya_pair_021	possible_pseudogene_symbol	1	1	0	0	0	0	0	0	0	0	1	1	1	1	True	.	possible_pseudogene_symbol	True	9	4
SCAMP4	1	1	0.081	251.0	0.005838	260.0	candidate_kenya_pair_013	possible_pseudogene_symbol	1	1	0	0	0	0	0	0	0	0	1	1	1	1	True	.	possible_pseudogene_symbol	True	9	4
SETSIP	1	1	0.125	32.0	0.1	12.0	candidate_kenya_pair_005	possible_pseudogene_symbol	1	1	0	0	0	0	0	0	0	0	1	1	1	1	True	.	possible_pseudogene_symbol	True	9	4
SRGAP3	4	4	0.08249999999999999	55.5	0.055999999999999994	25.0	candidate_kenya_pair_009,candidate_kenya_pair_018,candidate_kenya_pair_019,candidate_kenya_pair_020	possible_pseudogene_symbol	1	1	0	0	0	0	3	3	0	0	1	1	1	1	True	.	possible_pseudogene_symbol	True	9	4
TCP10	2	2	0.3565	221.5	0.0518775	178.0	candidate_kenya_pair_010,candidate_kenya_pair_013	possible_pseudogene_symbol	1	1	0	0	0	0	1	1	0	0	1	1	1	1	True	.	possible_pseudogene_symbol	True	9	4
TRAF3IP3	3	3	0.12	133.0	0.024	68.0	candidate_kenya_pair_006,candidate_kenya_pair_017,candidate_kenya_pair_018	possible_pseudogene_symbol	1	1	0	0	1	1	1	1	0	0	1	1	1	1	True	.	possible_pseudogene_symbol	True	9	4
TRAV13-1	1	1	0.064	65.0	0.029	49.0	candidate_kenya_pair_001	multi_gene_or_interval_annotation	1	1	0	0	0	0	0	0	0	0	1	1	1	1	True	.	multi_gene_or_interval_annotation	True	9	4
TRIM75P	1	1	0.124	135.0	0.019	82.0	candidate_kenya_pair_003	possible_pseudogene_symbol	1	1	0	0	0	0	0	0	0	0	1	1	1	1	True	.	possible_pseudogene_symbol	True	9	4
USP14	1	1	0.1	48.0	0.03	54.0	candidate_kenya_pair_019	possible_pseudogene_symbol	1	1	0	0	0	0	0	0	0	0	1	1	1	1	True	.	possible_pseudogene_symbol	True	9	4
USP25	3	4	0.2005	32.5	0.0615	21.5	candidate_kenya_pair_007,candidate_kenya_pair_017,candidate_kenya_pair_020	possible_pseudogene_symbol	1	1	0	0	0	0	3	3	0	0	1	1	1	1	True	.	possible_pseudogene_symbol	True	9	4
USP28	2	2	0.14700000000000002	89.0	0.055	78.5	candidate_kenya_pair_013,candidate_kenya_pair_014	possible_pseudogene_symbol	1	1	0	0	0	0	1	1	0	0	1	1	1	1	True	.	possible_pseudogene_symbol	True	9	4
USP30	1	1	0.093	79.0	0.019	80.0	candidate_kenya_pair_013	possible_pseudogene_symbol	1	1	0	0	0	0	0	0	0	0	1	1	1	1	True	.	possible_pseudogene_symbol	True	9	4
USP40	2	2	0.0595	106.0	0.0255	73.0	candidate_kenya_pair_009,candidate_kenya_pair_013	possible_pseudogene_symbol	1	1	0	0	0	0	1	1	0	0	1	1	1	1	True	.	possible_pseudogene_symbol	True	9	4
USP43	1	1	0.043	179.0	0.016	97.0	candidate_kenya_pair_020	possible_pseudogene_symbol	1	1	0	0	0	0	0	0	0	0	1	1	1	1	True	.	possible_pseudogene_symbol	True	9	4
A1BG	1	2	0.0395	114.5	0.0275	53.5	candidate_kenya_pair_018	.	0	0	0	0	1	2	0	0	1	2	0	0	1	2	False	.	.	False	3	3
A2ML1	1	1	0.055	136.0	0.034	47.0	candidate_kenya_pair_015	.	0	0	0	0	1	1	0	0	1	1	0	0	1	1	False	.	.	False	3	3
ADCY2	2	2	0.1695	41.0	0.037000000000000005	36.5	candidate_kenya_pair_013,candidate_kenya_pair_020	.	0	0	0	0	1	1	1	1	1	1	0	0	1	1	False	.	.	False	3	3
ADD3	1	1	0.28	129.0	0.014	113.0	candidate_kenya_pair_013	.	0	0	0	0	1	1	0	0	1	1	0	0	1	1	False	.	.	False	3	3
ADH1B	1	1	0.158	96.0	0.022	69.0	candidate_kenya_pair_007	.	0	0	0	0	1	1	0	0	1	1	0	0	1	1	False	.	.	False	3	3
ANKRD13A	4	4	0.1395	29.0	0.0635	21.5	candidate_kenya_pair_001,candidate_kenya_pair_002,candidate_kenya_pair_008,candidate_kenya_pair_014	.	0	0	0	0	1	1	3	3	1	1	0	0	1	1	False	.	.	False	3	3
ANKRD33B	2	2	0.14	71.5	0.042	37.0	candidate_kenya_pair_015,candidate_kenya_pair_018	.	0	0	0	0	1	1	1	1	1	1	0	0	1	1	False	.	.	False	3	3
ANOS1	1	1	0.058	79.0	0.03	51.0	candidate_kenya_pair_007	.	0	0	0	0	1	1	0	0	1	1	0	0	1	1	False	.	.	False	3	3
ANXA5	1	1	0.115	42.0	0.042	39.0	candidate_kenya_pair_015	.	0	0	0	0	1	1	0	0	1	1	0	0	1	1	False	.	.	False	3	3
ARMCX2	1	1	0.119	39.0	0.067	20.0	candidate_kenya_pair_012	.	0	0	0	0	1	1	0	0	1	1	0	0	1	1	False	.	.	False	3	3
ATG4C	2	2	0.101	49.5	0.06	25.5	candidate_kenya_pair_003,candidate_kenya_pair_011	.	0	0	0	0	1	1	1	1	1	1	0	0	1	1	False	.	.	False	3	3
ATP2B2	3	3	0.098	186.0	0.012	134.0	candidate_kenya_pair_003,candidate_kenya_pair_012,candidate_kenya_pair_019	.	0	0	0	0	1	1	2	2	1	1	0	0	1	1	False	.	.	False	3	3
ATP6V1D	1	1	0.935	41.0	0.034	41.0	candidate_kenya_pair_006	.	0	0	0	0	1	1	0	0	1	1	0	0	1	1	False	.	.	False	3	3
BCL6B	1	1	0.09	64.0	0.033	30.0	candidate_kenya_pair_001	.	0	0	0	0	1	1	0	0	1	1	0	0	1	1	False	.	.	False	3	3
BIRC3	2	2	0.078	126.0	0.026000000000000002	87.0	candidate_kenya_pair_008,candidate_kenya_pair_015	.	0	0	0	0	2	2	0	0	1	1	0	0	1	1	False	.	.	False	3	3
BLM	1	1	0.653	29.0	0.1	9.0	candidate_kenya_pair_015	.	0	0	0	0	1	1	0	0	1	1	0	0	1	1	False	.	.	False	3	3
BORA	1	1	0.123	106.0	0.017	94.0	candidate_kenya_pair_007	.	0	0	0	0	1	1	0	0	1	1	0	0	1	1	False	.	.	False	3	3
C12orf73	1	1	0.965	39.0	0.041	33.0	candidate_kenya_pair_006	.	0	0	0	0	1	1	0	0	1	1	0	0	1	1	False	.	.	False	3	3
CACNA1E	5	5	0.119	105.0	0.036	80.0	candidate_kenya_pair_001,candidate_kenya_pair_002,candidate_kenya_pair_007,candidate_kenya_pair_010,candidate_kenya_pair_019	.	0	0	0	0	1	1	4	4	1	1	0	0	1	1	False	.	.	False	3	3
CALHM4	1	1	0.997	467.0	0.006752	207.0	candidate_kenya_pair_006	.	0	0	0	0	1	1	0	0	1	1	0	0	1	1	False	.	.	False	3	3
CALU	3	3	0.12	51.0	0.059	24.0	candidate_kenya_pair_014,candidate_kenya_pair_015,candidate_kenya_pair_021	.	0	0	0	0	1	1	2	2	1	1	0	0	1	1	False	.	.	False	3	3
CBFA2T3	2	2	0.0805	134.5	0.0415	59.5	candidate_kenya_pair_003,candidate_kenya_pair_012	.	0	0	0	0	2	2	0	0	1	1	0	0	1	1	False	.	.	False	3	3
CBLL1	2	2	0.11850000000000001	102.5	0.049	57.5	candidate_kenya_pair_007,candidate_kenya_pair_013	.	0	0	0	0	1	1	1	1	1	1	0	0	1	1	False	.	.	False	3	3
CCDC127	1	1	0.124	28.0	0.05	27.0	candidate_kenya_pair_017	.	0	0	0	0	1	1	0	0	1	1	0	0	1	1	False	.	.	False	3	3
CCDC18	2	2	0.21549999999999997	23.0	0.06	21.5	candidate_kenya_pair_013,candidate_kenya_pair_019	.	0	0	0	0	1	1	1	1	1	1	0	0	1	1	False	.	.	False	3	3
CCDC74B	2	3	0.292	170.0	0.023	67.0	candidate_kenya_pair_004,candidate_kenya_pair_006	.	0	0	0	0	1	1	2	2	1	1	0	0	1	1	False	.	.	False	3	3
CDK15	2	2	0.1405	88.5	0.045965000000000006	95.5	candidate_kenya_pair_013,candidate_kenya_pair_019	.	0	0	0	0	1	1	1	1	1	1	0	0	1	1	False	.	.	False	3	3
CHI3L2	1	1	0.188	19.0	0.053	20.0	candidate_kenya_pair_011	.	0	0	0	0	1	1	0	0	1	1	0	0	1	1	False	.	.	False	3	3
CLCNKA	4	5	0.088	102.0	0.023	52.0	candidate_kenya_pair_005,candidate_kenya_pair_006,candidate_kenya_pair_014,candidate_kenya_pair_018	.	0	0	0	0	1	1	4	4	1	1	0	0	1	1	False	.	.	False	3	3
CLEC6A	1	1	0.049	91.0	0.026	60.0	candidate_kenya_pair_001	.	0	0	0	0	1	1	0	0	1	1	0	0	1	1	False	.	.	False	3	3
CLSTN1	4	4	0.093	56.5	0.0505	27.0	candidate_kenya_pair_004,candidate_kenya_pair_006,candidate_kenya_pair_008,candidate_kenya_pair_021	.	0	0	0	0	1	1	3	3	1	1	0	0	1	1	False	.	.	False	3	3
COG1	1	1	0.09	66.0	0.033	44.0	candidate_kenya_pair_020	.	0	0	0	0	1	1	0	0	1	1	0	0	1	1	False	.	.	False	3	3
COG4	1	1	0.09	42.0	0.026	55.0	candidate_kenya_pair_019	.	0	0	0	0	1	1	0	0	1	1	0	0	1	1	False	.	.	False	3	3
COL5A1	3	5	0.132	39.0	0.038	27.0	candidate_kenya_pair_013,candidate_kenya_pair_016,candidate_kenya_pair_021	.	0	0	0	0	1	2	3	3	1	1	0	0	1	1	False	.	.	False	3	3
CPA5	1	1	0.072	154.0	0.009553	154.0	candidate_kenya_pair_013	.	0	0	0	0	1	1	0	0	1	1	0	0	1	1	False	.	.	False	3	3
CRACR2B	1	1	0.032	183.0	0.018	91.0	candidate_kenya_pair_014	.	0	0	0	0	1	1	0	0	1	1	0	0	1	1	False	.	.	False	3	3
CSMD2	9	10	0.14550000000000002	39.5	0.052000000000000005	19.0	candidate_kenya_pair_002,candidate_kenya_pair_003,candidate_kenya_pair_005,candidate_kenya_pair_006,candidate_kenya_pair_013,candidate_kenya_pair_014,candidate_kenya_pair_017,candidate_kenya_pair_018,candidate_kenya_pair_019	.	0	0	0	0	1	1	8	9	1	1	0	0	1	1	False	.	.	False	3	3
CYP4F3	2	2	0.2425	57.0	0.0385	32.5	candidate_kenya_pair_006,candidate_kenya_pair_018	.	0	0	0	0	1	1	1	1	1	1	0	0	1	1	False	.	.	False	3	3
DAW1	3	4	0.1085	123.0	0.015	99.5	candidate_kenya_pair_003,candidate_kenya_pair_006,candidate_kenya_pair_013	.	0	0	0	0	1	1	2	3	1	1	0	0	1	1	False	.	.	False	3	3
DBH	1	1	0.075	221.0	0.013	116.0	candidate_kenya_pair_014	.	0	0	0	0	1	1	0	0	1	1	0	0	1	1	False	.	.	False	3	3
DCST1	1	1	0.121	47.0	0.042	32.0	candidate_kenya_pair_002	.	0	0	0	0	1	1	0	0	1	1	0	0	1	1	False	.	.	False	3	3
DDX17	2	2	0.154	30.5	0.08149999999999999	14.0	candidate_kenya_pair_001,candidate_kenya_pair_021	.	0	0	0	0	1	1	1	1	1	1	0	0	1	1	False	.	.	False	3	3
DDX21	3	3	0.173	29.0	0.053	26.0	candidate_kenya_pair_015,candidate_kenya_pair_019,candidate_kenya_pair_021	.	0	0	0	0	1	1	2	2	1	1	0	0	1	1	False	.	.	False	3	3
DEF6	1	1	0.115	30.0	0.073	17.0	candidate_kenya_pair_021	.	0	0	0	0	1	1	0	0	1	1	0	0	1	1	False	.	.	False	3	3
DMAC2L	2	2	0.06949999999999999	114.0	0.023	92.0	candidate_kenya_pair_013,candidate_kenya_pair_014	.	0	0	0	0	1	1	1	1	1	1	0	0	1	1	False	.	.	False	3	3
DNAH3	3	4	0.11549999999999999	32.0	0.04	38.5	candidate_kenya_pair_005,candidate_kenya_pair_013,candidate_kenya_pair_021	.	0	0	0	0	1	1	2	3	1	1	0	0	1	1	False	.	.	False	3	3
DNAH9	4	5	0.13	79.0	0.026	52.0	candidate_kenya_pair_004,candidate_kenya_pair_006,candidate_kenya_pair_014,candidate_kenya_pair_021	.	0	0	0	0	2	2	2	3	1	1	0	0	1	1	False	.	.	False	3	3
DNM3	2	2	0.14250000000000002	52.5	0.0675	18.0	candidate_kenya_pair_015,candidate_kenya_pair_020	.	0	0	0	0	1	1	1	1	1	1	0	0	1	1	False	.	.	False	3	3
DNMT3B	2	2	0.526	149.0	0.0305	74.5	candidate_kenya_pair_006,candidate_kenya_pair_010	.	0	0	0	0	1	1	1	1	1	1	0	0	1	1	False	.	.	False	3	3
DRAM1	1	1	0.229	221.0	0.033	141.0	candidate_kenya_pair_016	.	0	0	0	0	1	1	0	0	1	1	0	0	1	1	False	.	.	False	3	3
DYDC1	1	1	0.079	216.0	0.018	84.0	candidate_kenya_pair_012	.	0	0	0	0	1	1	0	0	1	1	0	0	1	1	False	.	.	False	3	3
EBF4	1	1	0.088	52.0	0.083	17.0	candidate_kenya_pair_020	.	0	0	0	0	1	1	0	0	1	1	0	0	1	1	False	.	.	False	3	3
EDNRA	1	1	0.215	76.0	0.027	51.0	candidate_kenya_pair_007	.	0	0	0	0	1	1	0	0	1	1	0	0	1	1	False	.	.	False	3	3
ELOC	1	1	0.143	27.0	0.075	13.0	candidate_kenya_pair_006	.	0	0	0	0	1	1	0	0	1	1	0	0	1	1	False	.	.	False	3	3
EMB	1	1	0.108	38.0	0.059	19.0	candidate_kenya_pair_001	.	0	0	0	0	1	1	0	0	1	1	0	0	1	1	False	.	.	False	3	3
EMSY	1	2	0.1495	110.0	0.02	74.5	candidate_kenya_pair_013	.	0	0	0	0	1	1	1	1	1	1	0	0	1	1	False	.	.	False	3	3
ENO3	1	1	0.986	222.0	0.012	128.0	candidate_kenya_pair_006	.	0	0	0	0	1	1	0	0	1	1	0	0	1	1	False	.	.	False	3	3
ERLEC1	1	1	0.081	54.0	0.049	27.0	candidate_kenya_pair_005	.	0	0	0	0	1	1	0	0	1	1	0	0	1	1	False	.	.	False	3	3
ESRRG	3	3	0.062	89.0	0.02	73.0	candidate_kenya_pair_006,candidate_kenya_pair_013,candidate_kenya_pair_014	.	0	0	0	0	1	1	2	2	1	1	0	0	1	1	False	.	.	False	3	3
FAM13A	2	2	0.1755	98.0	0.022	79.0	candidate_kenya_pair_003,candidate_kenya_pair_013	.	0	0	0	0	1	1	1	1	1	1	0	0	1	1	False	.	.	False	3	3
FANCE	1	1	0.311	170.0	0.017	185.0	candidate_kenya_pair_013	.	0	0	0	0	1	1	0	0	1	1	0	0	1	1	False	.	.	False	3	3
FAT3	1	1	0.103	129.0	0.021	66.0	candidate_kenya_pair_018	.	0	0	0	0	1	1	0	0	1	1	0	0	1	1	False	.	.	False	3	3
FBXO10	1	1	0.043	133.0	0.01	144.0	candidate_kenya_pair_012	.	0	0	0	0	1	1	0	0	1	1	0	0	1	1	False	.	.	False	3	3
FBXO11	1	1	0.167	73.0	0.041	36.0	candidate_kenya_pair_002	.	0	0	0	0	1	1	0	0	1	1	0	0	1	1	False	.	.	False	3	3
FKTN	1	1	0.032	120.0	0.036	38.0	candidate_kenya_pair_003	.	0	0	0	0	1	1	0	0	1	1	0	0	1	1	False	.	.	False	3	3
FMO2	2	3	0.065	150.0	0.01	137.0	candidate_kenya_pair_007,candidate_kenya_pair_013	.	0	0	0	0	2	2	1	1	1	1	0	0	1	1	False	.	.	False	3	3
FRMD3	4	4	0.157	54.0	0.0505	31.0	candidate_kenya_pair_006,candidate_kenya_pair_008,candidate_kenya_pair_010,candidate_kenya_pair_013	.	0	0	0	0	1	1	3	3	1	1	0	0	1	1	False	.	.	False	3	3
FUCA2	1	1	0.101	71.0	0.031	42.0	candidate_kenya_pair_007	.	0	0	0	0	1	1	0	0	1	1	0	0	1	1	False	.	.	False	3	3
FXYD2	1	1	0.079	145.0	0.015	89.0	candidate_kenya_pair_013	.	0	0	0	0	1	1	0	0	1	1	0	0	1	1	False	.	.	False	3	3
GATA4	4	5	0.265	24.0	0.056	24.0	candidate_kenya_pair_006,candidate_kenya_pair_007,candidate_kenya_pair_015,candidate_kenya_pair_020	.	0	0	0	0	1	1	3	4	1	1	0	0	1	1	False	.	.	False	3	3
GGTLC2	1	2	0.0975	27.5	0.07500000000000001	18.5	candidate_kenya_pair_018	.	0	0	0	0	1	1	1	1	1	1	0	0	1	1	False	.	.	False	3	3
GPR107	3	3	0.159	81.0	0.038	37.0	candidate_kenya_pair_006,candidate_kenya_pair_009,candidate_kenya_pair_014	.	0	0	0	0	1	1	2	2	1	1	0	0	1	1	False	.	.	False	3	3
GSDMA	2	2	0.14750000000000002	315.5	0.0355	43.0	candidate_kenya_pair_005,candidate_kenya_pair_018	.	0	0	0	0	1	1	1	1	1	1	0	0	1	1	False	.	.	False	3	3
GSE1	1	1	0.119	31.0	0.062	16.0	candidate_kenya_pair_020	.	0	0	0	0	1	1	0	0	1	1	0	0	1	1	False	.	.	False	3	3
HAT1	1	1	0.07	65.0	0.047	25.0	candidate_kenya_pair_006	.	0	0	0	0	1	1	0	0	1	1	0	0	1	1	False	.	.	False	3	3
HEATR5A	2	2	0.1635	35.5	0.053	32.0	candidate_kenya_pair_012,candidate_kenya_pair_013	.	0	0	0	0	1	1	1	1	1	1	0	0	1	1	False	.	.	False	3	3
HECA	1	1	0.091	70.0	0.05	26.0	candidate_kenya_pair_003	.	0	0	0	0	1	1	0	0	1	1	0	0	1	1	False	.	.	False	3	3
HMGXB4	1	1	0.054	115.0	0.015	101.0	candidate_kenya_pair_013	.	0	0	0	0	1	1	0	0	1	1	0	0	1	1	False	.	.	False	3	3
HSD17B14	2	2	0.102	85.0	0.049999999999999996	36.0	candidate_kenya_pair_003,candidate_kenya_pair_009	.	0	0	0	0	1	1	1	1	1	1	0	0	1	1	False	.	.	False	3	3
IQSEC1	1	2	0.127	103.5	0.0229555	116.0	candidate_kenya_pair_013	.	0	0	0	0	1	1	1	1	1	1	0	0	1	1	False	.	.	False	3	3
IZUMO4	1	1	0.399	239.0	0.009332	138.0	candidate_kenya_pair_006	.	0	0	0	0	1	1	0	0	1	1	0	0	1	1	False	.	.	False	3	3
KCNT1	4	5	0.821	59.0	0.043	31.0	candidate_kenya_pair_003,candidate_kenya_pair_006,candidate_kenya_pair_012,candidate_kenya_pair_015	.	0	0	0	0	1	1	4	4	1	1	0	0	1	1	False	.	.	False	3	3
KCTD15	3	3	0.159	74.0	0.058	21.0	candidate_kenya_pair_005,candidate_kenya_pair_009,candidate_kenya_pair_015	.	0	0	0	0	1	1	2	2	1	1	0	0	1	1	False	.	.	False	3	3
KDM2B	5	6	0.088	75.0	0.037000000000000005	33.0	candidate_kenya_pair_008,candidate_kenya_pair_013,candidate_kenya_pair_014,candidate_kenya_pair_015,candidate_kenya_pair_018	.	0	0	0	0	2	2	4	4	1	1	0	0	1	1	False	.	.	False	3	3
KDM5B	3	3	0.105	53.0	0.048	26.0	candidate_kenya_pair_004,candidate_kenya_pair_010,candidate_kenya_pair_015	.	0	0	0	0	1	1	2	2	1	1	0	0	1	1	False	.	.	False	3	3
KIF6	7	8	0.13899999999999998	51.5	0.0655	19.5	candidate_kenya_pair_003,candidate_kenya_pair_004,candidate_kenya_pair_006,candidate_kenya_pair_009,candidate_kenya_pair_014,candidate_kenya_pair_015,candidate_kenya_pair_017	.	0	0	0	0	1	1	6	7	1	1	0	0	1	1	False	.	.	False	3	3
KLHL30	1	2	0.07350000000000001	38.5	0.06	18.5	candidate_kenya_pair_006	.	0	0	0	0	1	1	1	1	1	1	0	0	1	1	False	.	.	False	3	3
L34079.3	1	1	0.044	178.0	0.022	78.0	candidate_kenya_pair_007	.	0	0	0	0	1	1	0	0	1	1	0	0	1	1	False	.	.	False	3	3
LRRC39	1	1	0.103	67.0	0.027	54.0	candidate_kenya_pair_009	.	0	0	0	0	1	1	0	0	1	1	0	0	1	1	False	.	.	False	3	3
LRRC4B	1	2	0.109	47.0	0.1	14.0	candidate_kenya_pair_020	.	0	0	0	0	1	1	1	1	1	1	0	0	1	1	False	.	.	False	3	3
MAMDC4	1	1	0.021	590.0	0.00464	337.0	candidate_kenya_pair_004	.	0	0	0	0	1	1	0	0	1	1	0	0	1	1	False	.	.	False	3	3
MAP2K7	4	5	0.117	50.0	0.061	17.0	candidate_kenya_pair_003,candidate_kenya_pair_005,candidate_kenya_pair_013,candidate_kenya_pair_017	.	0	0	0	0	1	1	3	4	1	1	0	0	1	1	False	.	.	False	3	3
MAP3K12	1	1	0.114	53.0	0.038	45.0	candidate_kenya_pair_003	.	0	0	0	0	1	1	0	0	1	1	0	0	1	1	False	.	.	False	3	3
MAPK14	3	3	0.12	71.0	0.026	55.0	candidate_kenya_pair_005,candidate_kenya_pair_008,candidate_kenya_pair_014	.	0	0	0	0	1	1	2	2	1	1	0	0	1	1	False	.	.	False	3	3
MED12	5	7	0.153	72.0	0.042	31.0	candidate_kenya_pair_005,candidate_kenya_pair_007,candidate_kenya_pair_008,candidate_kenya_pair_020,candidate_kenya_pair_021	.	0	0	0	0	1	1	5	6	1	1	0	0	1	1	False	.	.	False	3	3
MEIS2	2	2	0.0835	116.0	0.028999999999999998	65.5	candidate_kenya_pair_003,candidate_kenya_pair_015	.	0	0	0	0	1	1	1	1	1	1	0	0	1	1	False	.	.	False	3	3
METTL25	2	2	0.0735	61.0	0.034	39.5	candidate_kenya_pair_014,candidate_kenya_pair_021	.	0	0	0	0	2	2	0	0	1	1	0	0	1	1	False	.	.	False	3	3
MFSD3	1	1	0.024	340.0	0.007746	173.0	candidate_kenya_pair_018	.	0	0	0	0	1	1	0	0	1	1	0	0	1	1	False	.	.	False	3	3
MGLL	2	2	0.2475	197.0	0.013225500000000001	128.5	candidate_kenya_pair_006,candidate_kenya_pair_019	.	0	0	0	0	1	1	1	1	1	1	0	0	1	1	False	.	.	False	3	3
MINDY3	1	1	0.091	46.0	0.039	37.0	candidate_kenya_pair_001	.	0	0	0	0	1	1	0	0	1	1	0	0	1	1	False	.	.	False	3	3
MRPL30	1	1	0.117	48.0	0.052	28.0	candidate_kenya_pair_007	.	0	0	0	0	1	1	0	0	1	1	0	0	1	1	False	.	.	False	3	3
MRPL33	1	1	0.099	41.0	0.056	25.0	candidate_kenya_pair_003	.	0	0	0	0	1	1	0	0	1	1	0	0	1	1	False	.	.	False	3	3
MST1L	2	2	0.27	544.5	0.020949	287.0	candidate_kenya_pair_006,candidate_kenya_pair_008	.	0	0	0	0	1	1	1	1	1	1	0	0	1	1	False	.	.	False	3	3
MST1R	2	2	0.066	97.5	0.0295	49.0	candidate_kenya_pair_008,candidate_kenya_pair_020	.	0	0	0	0	1	1	1	1	1	1	0	0	1	1	False	.	.	False	3	3
MTCL1	3	3	0.147	41.0	0.053	28.0	candidate_kenya_pair_001,candidate_kenya_pair_013,candidate_kenya_pair_019	.	0	0	0	0	2	2	1	1	1	1	0	0	1	1	False	.	.	False	3	3
MTOR	4	5	0.111	50.0	0.042	30.0	candidate_kenya_pair_004,candidate_kenya_pair_006,candidate_kenya_pair_014,candidate_kenya_pair_021	.	0	0	0	0	1	1	3	4	1	1	0	0	1	1	False	.	.	False	3	3
MYO3B	1	1	0.073	56.0	0.046	31.0	candidate_kenya_pair_014	.	0	0	0	0	1	1	0	0	1	1	0	0	1	1	False	.	.	False	3	3
NCAPH2	1	1	0.061	119.0	0.022	62.0	candidate_kenya_pair_001	.	0	0	0	0	1	1	0	0	1	1	0	0	1	1	False	.	.	False	3	3
NEB	5	6	0.114	150.5	0.033	70.5	candidate_kenya_pair_005,candidate_kenya_pair_006,candidate_kenya_pair_013,candidate_kenya_pair_015,candidate_kenya_pair_020	.	0	0	0	0	2	3	3	3	1	1	0	0	1	1	False	.	.	False	3	3
NID2	2	2	0.063	237.0	0.014564	162.5	candidate_kenya_pair_013,candidate_kenya_pair_017	.	0	0	0	0	2	2	0	0	1	1	0	0	1	1	False	.	.	False	3	3
NLRC5	5	5	0.072	102.0	0.037	39.0	candidate_kenya_pair_005,candidate_kenya_pair_007,candidate_kenya_pair_008,candidate_kenya_pair_009,candidate_kenya_pair_013	.	0	0	0	0	1	1	4	4	1	1	0	0	1	1	False	.	.	False	3	3
NPFFR1	2	2	0.099	130.5	0.014773499999999998	132.0	candidate_kenya_pair_003,candidate_kenya_pair_013	.	0	0	0	0	1	1	1	1	1	1	0	0	1	1	False	.	.	False	3	3
NT5C3B	1	2	0.178	52.5	0.0195	84.0	candidate_kenya_pair_013	.	0	0	0	0	1	1	1	1	1	1	0	0	1	1	False	.	.	False	3	3
OS9	2	2	0.122	43.0	0.07150000000000001	19.0	candidate_kenya_pair_001,candidate_kenya_pair_003	.	0	0	0	0	1	1	1	1	1	1	0	0	1	1	False	.	.	False	3	3
PABPC1	1	1	0.121	51.0	0.043	32.0	candidate_kenya_pair_009	.	0	0	0	0	1	1	0	0	1	1	0	0	1	1	False	.	.	False	3	3
PDHA1	1	1	0.058	102.0	0.021	67.0	candidate_kenya_pair_019	.	0	0	0	0	1	1	0	0	1	1	0	0	1	1	False	.	.	False	3	3
PGM5	1	1	0.039	201.0	0.009261	163.0	candidate_kenya_pair_007	.	0	0	0	0	1	1	0	0	1	1	0	0	1	1	False	.	.	False	3	3
PHF20	3	3	0.121	42.0	0.074	26.0	candidate_kenya_pair_004,candidate_kenya_pair_008,candidate_kenya_pair_017	.	0	0	0	0	1	1	2	2	1	1	0	0	1	1	False	.	.	False	3	3
PHTF1	2	2	0.11199999999999999	44.0	0.0595	25.0	candidate_kenya_pair_006,candidate_kenya_pair_007	.	0	0	0	0	1	1	1	1	1	1	0	0	1	1	False	.	.	False	3	3
PIP5KL1	1	1	0.083	59.0	0.038	41.0	candidate_kenya_pair_010	.	0	0	0	0	1	1	0	0	1	1	0	0	1	1	False	.	.	False	3	3
PLD2	2	2	0.10949999999999999	139.5	0.042	98.0	candidate_kenya_pair_001,candidate_kenya_pair_016	.	0	0	0	0	1	1	1	1	1	1	0	0	1	1	False	.	.	False	3	3
PLRG1	1	1	0.053	87.0	0.043	32.0	candidate_kenya_pair_004	.	0	0	0	0	1	1	0	0	1	1	0	0	1	1	False	.	.	False	3	3
PLXNB2	4	4	0.0545	140.0	0.023	66.0	candidate_kenya_pair_003,candidate_kenya_pair_014,candidate_kenya_pair_020,candidate_kenya_pair_021	.	0	0	0	0	2	2	2	2	1	1	0	0	1	1	False	.	.	False	3	3
PLXNB3	2	2	0.045	224.5	0.0115	134.5	candidate_kenya_pair_001,candidate_kenya_pair_013	.	0	0	0	0	2	2	0	0	1	1	0	0	1	1	False	.	.	False	3	3
PPP1CB	1	1	0.055	122.0	0.019	70.0	candidate_kenya_pair_021	.	0	0	0	0	1	1	0	0	1	1	0	0	1	1	False	.	.	False	3	3
PRB1	1	1	0.303	469.0	0.003541	479.0	candidate_kenya_pair_008	.	0	0	0	0	1	1	0	0	1	1	0	0	1	1	False	.	.	False	3	3
PRDM6	2	2	0.091	54.5	0.039	35.5	candidate_kenya_pair_004,candidate_kenya_pair_019	.	0	0	0	0	1	1	1	1	1	1	0	0	1	1	False	.	.	False	3	3
PRKCD	1	1	0.279	256.0	0.03	215.0	candidate_kenya_pair_013	.	0	0	0	0	1	1	0	0	1	1	0	0	1	1	False	.	.	False	3	3
PRPF19	2	2	0.198	108.0	0.0455	36.5	candidate_kenya_pair_007,candidate_kenya_pair_018	.	0	0	0	0	2	2	0	0	1	1	0	0	1	1	False	.	.	False	3	3
PSMC2	1	1	0.418	66.0	0.033	48.0	candidate_kenya_pair_010	.	0	0	0	0	1	1	0	0	1	1	0	0	1	1	False	.	.	False	3	3
PTPN5	2	3	0.076	98.0	0.036	35.0	candidate_kenya_pair_003,candidate_kenya_pair_017	.	0	0	0	0	1	1	2	2	1	1	0	0	1	1	False	.	.	False	3	3
PTPRN	1	1	0.044	137.0	0.018	76.0	candidate_kenya_pair_010	.	0	0	0	0	1	1	0	0	1	1	0	0	1	1	False	.	.	False	3	3
PYY	1	1	0.089	304.0	0.004379	325.0	candidate_kenya_pair_013	.	0	0	0	0	1	1	0	0	1	1	0	0	1	1	False	.	.	False	3	3
RASAL3	1	1	0.363	226.0	0.029	106.0	candidate_kenya_pair_010	.	0	0	0	0	1	1	0	0	1	1	0	0	1	1	False	.	.	False	3	3
RCHY1	2	2	0.0865	104.0	0.041499999999999995	48.0	candidate_kenya_pair_001,candidate_kenya_pair_004	.	0	0	0	0	1	1	1	1	1	1	0	0	1	1	False	.	.	False	3	3
RHAG	1	1	0.061	80.0	0.04	38.0	candidate_kenya_pair_018	.	0	0	0	0	1	1	0	0	1	1	0	0	1	1	False	.	.	False	3	3
SCAF4	1	1	0.034	346.0	0.014	123.0	candidate_kenya_pair_007	.	0	0	0	0	1	1	0	0	1	1	0	0	1	1	False	.	.	False	3	3
SDHA	2	6	0.982	237.5	0.0074335	211.0	candidate_kenya_pair_006,candidate_kenya_pair_013	.	0	0	0	0	1	2	2	4	1	1	0	0	1	1	False	.	.	False	3	3
SDK2	3	3	0.107	53.0	0.061	19.0	candidate_kenya_pair_009,candidate_kenya_pair_019,candidate_kenya_pair_021	.	0	0	0	0	2	2	1	1	1	1	0	0	1	1	False	.	.	False	3	3
SEPTIN1	2	2	0.11549999999999999	266.0	0.0202955	111.0	candidate_kenya_pair_002,candidate_kenya_pair_019	.	0	0	0	0	1	1	1	1	1	1	0	0	1	1	False	.	.	False	3	3
SERPINI1	1	1	0.076	92.0	0.029	53.0	candidate_kenya_pair_005	.	0	0	0	0	1	1	0	0	1	1	0	0	1	1	False	.	.	False	3	3
SHPRH	4	4	0.111	73.5	0.0305	45.0	candidate_kenya_pair_002,candidate_kenya_pair_003,candidate_kenya_pair_013,candidate_kenya_pair_019	.	0	0	0	0	1	1	3	3	1	1	0	0	1	1	False	.	.	False	3	3
SHTN1	2	2	0.0815	71.0	0.041499999999999995	32.5	candidate_kenya_pair_004,candidate_kenya_pair_015	.	0	0	0	0	2	2	0	0	1	1	0	0	1	1	False	.	.	False	3	3
SIGLEC15	1	1	0.079	98.0	0.017	89.0	candidate_kenya_pair_013	.	0	0	0	0	1	1	0	0	1	1	0	0	1	1	False	.	.	False	3	3
SLC27A1	1	1	0.987	247.0	0.018	83.0	candidate_kenya_pair_006	.	0	0	0	0	1	1	0	0	1	1	0	0	1	1	False	.	.	False	3	3
SLC38A7	2	2	0.1595	82.5	0.0365	49.5	candidate_kenya_pair_007,candidate_kenya_pair_012	.	0	0	0	0	1	1	1	1	1	1	0	0	1	1	False	.	.	False	3	3
SLC4A2	1	1	0.036	223.0	0.021	60.0	candidate_kenya_pair_015	.	0	0	0	0	1	1	0	0	1	1	0	0	1	1	False	.	.	False	3	3
SLC4A9	2	2	0.08499999999999999	49.0	0.065	16.5	candidate_kenya_pair_005,candidate_kenya_pair_018	.	0	0	0	0	1	1	1	1	1	1	0	0	1	1	False	.	.	False	3	3
SNURF	1	1	0.2	20.0	0.071	18.0	candidate_kenya_pair_009	.	0	0	0	0	1	1	0	0	1	1	0	0	1	1	False	.	.	False	3	3
SNX9	2	2	0.087	50.0	0.047	26.0	candidate_kenya_pair_011,candidate_kenya_pair_021	.	0	0	0	0	1	1	1	1	1	1	0	0	1	1	False	.	.	False	3	3
SPG7	2	3	0.129	34.0	0.059	21.0	candidate_kenya_pair_001,candidate_kenya_pair_002	.	0	0	0	0	1	1	1	2	1	1	0	0	1	1	False	.	.	False	3	3
SPRY4	1	1	0.081	52.0	0.059	25.0	candidate_kenya_pair_001	.	0	0	0	0	1	1	0	0	1	1	0	0	1	1	False	.	.	False	3	3
SSPO	6	8	0.101	101.0	0.034	43.0	candidate_kenya_pair_003,candidate_kenya_pair_006,candidate_kenya_pair_007,candidate_kenya_pair_010,candidate_kenya_pair_013,candidate_kenya_pair_017	.	0	0	0	0	1	1	5	7	1	1	0	0	1	1	False	.	.	False	3	3
STRC	1	1	0.99	334.0	0.009601	175.0	candidate_kenya_pair_006	.	0	0	0	0	1	1	0	0	1	1	0	0	1	1	False	.	.	False	3	3
TCF3	3	3	0.074	66.0	0.075	21.0	candidate_kenya_pair_007,candidate_kenya_pair_015,candidate_kenya_pair_021	.	0	0	0	0	1	1	2	2	1	1	0	0	1	1	False	.	.	False	3	3
TET3	3	4	0.1225	59.5	0.038	42.5	candidate_kenya_pair_012,candidate_kenya_pair_013,candidate_kenya_pair_017	.	0	0	0	0	1	1	2	3	1	1	0	0	1	1	False	.	.	False	3	3
TGM3	1	1	0.032	384.0	0.004975	324.0	candidate_kenya_pair_013	.	0	0	0	0	1	1	0	0	1	1	0	0	1	1	False	.	.	False	3	3
THSD4	2	2	0.11049999999999999	114.5	0.0445	55.0	candidate_kenya_pair_001,candidate_kenya_pair_006	.	0	0	0	0	1	1	1	1	1	1	0	0	1	1	False	.	.	False	3	3
TIAM1	3	3	0.13	117.0	0.014	95.0	candidate_kenya_pair_006,candidate_kenya_pair_013,candidate_kenya_pair_019	.	0	0	0	0	1	1	2	2	1	1	0	0	1	1	False	.	.	False	3	3
TLE6	1	1	0.965	90.0	0.022	70.0	candidate_kenya_pair_006	.	0	0	0	0	1	1	0	0	1	1	0	0	1	1	False	.	.	False	3	3
TMC3	3	4	0.5800000000000001	60.0	0.04	35.5	candidate_kenya_pair_006,candidate_kenya_pair_009,candidate_kenya_pair_013	.	0	0	0	0	1	1	3	3	1	1	0	0	1	1	False	.	.	False	3	3
TMEM255A	2	3	0.099	52.0	0.049	25.0	candidate_kenya_pair_004,candidate_kenya_pair_020	.	0	0	0	0	1	1	1	2	1	1	0	0	1	1	False	.	.	False	3	3
TMEM268	1	1	0.323	211.0	0.012	137.0	candidate_kenya_pair_006	.	0	0	0	0	1	1	0	0	1	1	0	0	1	1	False	.	.	False	3	3
TNS2	3	3	0.054	59.0	0.05	24.0	candidate_kenya_pair_005,candidate_kenya_pair_010,candidate_kenya_pair_018	.	0	0	0	0	1	1	2	2	1	1	0	0	1	1	False	.	.	False	3	3
TNS3	3	4	0.1845	39.5	0.066	30.5	candidate_kenya_pair_003,candidate_kenya_pair_007,candidate_kenya_pair_019	.	0	0	0	0	1	1	2	3	1	1	0	0	1	1	False	.	.	False	3	3
TOX2	1	1	0.1	501.0	0.01	325.0	candidate_kenya_pair_013	.	0	0	0	0	1	1	0	0	1	1	0	0	1	1	False	.	.	False	3	3
TRAPPC8	1	1	0.091	63.0	0.045	32.0	candidate_kenya_pair_017	.	0	0	0	0	1	1	0	0	1	1	0	0	1	1	False	.	.	False	3	3
TSTD1	1	1	0.055	151.0	0.017	90.0	candidate_kenya_pair_021	.	0	0	0	0	1	1	0	0	1	1	0	0	1	1	False	.	.	False	3	3
TTLL11	1	1	0.102	42.0	0.041	33.0	candidate_kenya_pair_021	.	0	0	0	0	1	1	0	0	1	1	0	0	1	1	False	.	.	False	3	3
TUSC3	2	2	0.07	104.0	0.0405	42.5	candidate_kenya_pair_015,candidate_kenya_pair_021	.	0	0	0	0	1	1	1	1	1	1	0	0	1	1	False	.	.	False	3	3
TYW1B	1	2	0.384	280.5	0.010360000000000001	142.0	candidate_kenya_pair_007	.	0	0	0	0	1	2	0	0	1	1	0	0	1	1	False	.	.	False	3	3
UGT3A2	1	2	0.183	65.5	0.025500000000000002	55.5	candidate_kenya_pair_013	.	0	0	0	0	1	1	1	1	1	1	0	0	1	1	False	.	.	False	3	3
UXS1	2	2	0.092	87.0	0.0625	34.0	candidate_kenya_pair_003,candidate_kenya_pair_015	.	0	0	0	0	1	1	1	1	1	1	0	0	1	1	False	.	.	False	3	3
VPS28	2	2	0.2445	84.0	0.048999999999999995	34.0	candidate_kenya_pair_018,candidate_kenya_pair_020	.	0	0	0	0	1	1	1	1	1	1	0	0	1	1	False	.	.	False	3	3
VSIG8	3	3	0.048	182.0	0.015	76.0	candidate_kenya_pair_008,candidate_kenya_pair_019,candidate_kenya_pair_020	.	0	0	0	0	1	1	2	2	1	1	0	0	1	1	False	.	.	False	3	3
WDR4	1	1	0.316	52.0	0.039	37.0	candidate_kenya_pair_018	.	0	0	0	0	1	1	0	0	1	1	0	0	1	1	False	.	.	False	3	3
WWC3	4	4	0.2605	71.5	0.03	82.5	candidate_kenya_pair_003,candidate_kenya_pair_006,candidate_kenya_pair_008,candidate_kenya_pair_019	.	0	0	0	0	1	1	3	3	1	1	0	0	1	1	False	.	.	False	3	3
ZNF200	1	1	0.282	61.0	0.025	49.0	candidate_kenya_pair_013	.	0	0	0	0	1	1	0	0	1	1	0	0	1	1	False	.	.	False	3	3
ZNF729	1	1	0.288	87.0	0.012	129.0	candidate_kenya_pair_013	.	0	0	0	0	1	1	0	0	1	1	0	0	1	1	False	.	.	False	3	3
ZNF805	1	1	0.041	162.0	0.019	82.0	candidate_kenya_pair_019	.	0	0	0	0	1	1	0	0	1	1	0	0	1	1	False	.	.	False	3	3
CEP63	1	2	0.10400000000000001	41.0	0.0695	19.5	candidate_kenya_pair_014	possible_pseudogene_symbol	0	0	1	2	0	0	0	0	0	0	1	2	1	2	True	.	possible_pseudogene_symbol	True	7	2
EHBP1	1	2	0.095	75.0	0.0205	70.5	candidate_kenya_pair_013	possible_pseudogene_symbol	0	0	1	2	0	0	0	0	0	0	1	2	1	2	True	.	possible_pseudogene_symbol	True	7	2
IGLV6-57	1	2	0.671	111.5	0.016	90.5	candidate_kenya_pair_006	multi_gene_or_interval_annotation;noncoding_or_immunoglobulin_like_prefix	0	0	1	2	0	0	0	0	0	0	1	2	1	2	True	.	multi_gene_or_interval_annotation;noncoding_or_immunoglobulin_like_prefix	True	7	2
KRTAP12-2	1	2	0.993	218.0	0.013999999999999999	98.0	candidate_kenya_pair_006	multi_gene_or_interval_annotation	0	0	1	2	0	0	0	0	0	0	1	2	1	2	True	.	multi_gene_or_interval_annotation	True	7	2
RANBP10	1	2	0.039	73.0	0.017	84.5	candidate_kenya_pair_019	possible_pseudogene_symbol	0	0	1	2	0	0	0	0	0	0	1	2	1	2	True	.	possible_pseudogene_symbol	True	7	2
SPHKAP	1	2	0.206	281.5	0.011	128.5	candidate_kenya_pair_010	possible_pseudogene_symbol	0	0	1	2	0	0	0	0	0	0	1	2	1	2	True	.	possible_pseudogene_symbol	True	7	2
SVEP1	4	5	0.092	66.0	0.061	23.0	candidate_kenya_pair_008,candidate_kenya_pair_015,candidate_kenya_pair_016,candidate_kenya_pair_020	possible_pseudogene_symbol	0	0	1	2	0	0	3	3	0	0	1	2	1	2	True	.	possible_pseudogene_symbol	True	7	2
AC009533.1	6	9	0.095	181.0	0.017	114.0	candidate_kenya_pair_003,candidate_kenya_pair_006,candidate_kenya_pair_008,candidate_kenya_pair_013,candidate_kenya_pair_014,candidate_kenya_pair_021	noncoding_or_immunoglobulin_like_prefix	0	0	0	0	2	3	5	6	2	3	0	0	2	3	True	.	noncoding_or_immunoglobulin_like_prefix	True	6	1
AC118549.1	2	2	0.066	156.5	0.0296765	143.5	candidate_kenya_pair_012,candidate_kenya_pair_013	noncoding_or_immunoglobulin_like_prefix	0	0	0	0	2	2	0	0	2	2	0	0	2	2	True	.	noncoding_or_immunoglobulin_like_prefix	True	6	1
CEACAMP8	2	2	0.146	55.5	0.046	32.0	candidate_kenya_pair_001,candidate_kenya_pair_003	possible_pseudogene_symbol	0	0	0	0	2	2	0	0	2	2	0	0	2	2	True	.	possible_pseudogene_symbol	True	6	1
FRG1BP	9	14	0.125	52.0	0.0455	28.0	candidate_kenya_pair_001,candidate_kenya_pair_003,candidate_kenya_pair_004,candidate_kenya_pair_006,candidate_kenya_pair_009,candidate_kenya_pair_010,candidate_kenya_pair_017,candidate_kenya_pair_019,candidate_kenya_pair_020	possible_pseudogene_symbol	0	0	0	0	2	2	8	12	2	2	0	0	2	2	True	.	possible_pseudogene_symbol	True	6	1
FRG1JP	3	4	0.1245	53.0	0.0435	34.5	candidate_kenya_pair_004,candidate_kenya_pair_006,candidate_kenya_pair_013	possible_pseudogene_symbol	0	0	0	0	2	2	1	2	2	2	0	0	2	2	True	.	possible_pseudogene_symbol	True	6	1
ALPP	1	2	0.036	244.5	0.0155	92.5	candidate_kenya_pair_003	noncoding_or_immunoglobulin_like_prefix;possible_pseudogene_symbol	0	0	1	1	1	1	0	0	1	1	1	1	1	2	True	.	noncoding_or_immunoglobulin_like_prefix;possible_pseudogene_symbol	True	6	1
ABI3BP	2	2	0.1305	53.0	0.0585	29.5	candidate_kenya_pair_005,candidate_kenya_pair_011	possible_pseudogene_symbol	0	0	1	1	0	0	1	1	0	0	1	1	1	1	True	.	possible_pseudogene_symbol	True	6	1
AC002316.1	3	4	0.056499999999999995	101.5	0.023	67.5	candidate_kenya_pair_013,candidate_kenya_pair_014,candidate_kenya_pair_020	noncoding_or_immunoglobulin_like_prefix	0	0	1	1	0	0	3	3	0	0	1	1	1	1	True	.	noncoding_or_immunoglobulin_like_prefix	True	6	1
AC010326.1	3	3	0.085	186.0	0.02	66.0	candidate_kenya_pair_003,candidate_kenya_pair_006,candidate_kenya_pair_021	noncoding_or_immunoglobulin_like_prefix	0	0	1	1	0	0	2	2	0	0	1	1	1	1	True	.	noncoding_or_immunoglobulin_like_prefix	True	6	1
AC018755.2	3	3	0.216	102.0	0.035	42.0	candidate_kenya_pair_006,candidate_kenya_pair_007,candidate_kenya_pair_015	noncoding_or_immunoglobulin_like_prefix	0	0	1	1	0	0	2	2	0	0	1	1	1	1	True	.	noncoding_or_immunoglobulin_like_prefix	True	6	1
AC040160.1	2	2	0.5469999999999999	49.0	0.051500000000000004	33.5	candidate_kenya_pair_006,candidate_kenya_pair_010	noncoding_or_immunoglobulin_like_prefix	0	0	1	1	0	0	1	1	0	0	1	1	1	1	True	.	noncoding_or_immunoglobulin_like_prefix	True	6	1
ACADL	2	2	0.1985	40.0	0.065	27.5	candidate_kenya_pair_009,candidate_kenya_pair_017	noncoding_or_immunoglobulin_like_prefix	0	0	1	1	0	0	1	1	0	0	1	1	1	1	True	.	noncoding_or_immunoglobulin_like_prefix	True	6	1
ACADS	2	3	0.061	208.0	0.014	119.0	candidate_kenya_pair_005,candidate_kenya_pair_006	noncoding_or_immunoglobulin_like_prefix	0	0	1	1	1	1	1	1	0	0	1	1	1	1	True	.	noncoding_or_immunoglobulin_like_prefix	True	6	1
ACADVL	1	1	0.117	140.0	0.027	49.0	candidate_kenya_pair_014	noncoding_or_immunoglobulin_like_prefix	0	0	1	1	0	0	0	0	0	0	1	1	1	1	True	.	noncoding_or_immunoglobulin_like_prefix	True	6	1
ACAN	1	1	0.143	33.0	0.051	30.0	candidate_kenya_pair_005	noncoding_or_immunoglobulin_like_prefix	0	0	1	1	0	0	0	0	0	0	1	1	1	1	True	.	noncoding_or_immunoglobulin_like_prefix	True	6	1
ACAP3	3	3	0.045	299.0	0.012	127.0	candidate_kenya_pair_001,candidate_kenya_pair_006,candidate_kenya_pair_017	noncoding_or_immunoglobulin_like_prefix;possible_pseudogene_symbol	0	0	1	1	0	0	2	2	0	0	1	1	1	1	True	.	noncoding_or_immunoglobulin_like_prefix;possible_pseudogene_symbol	True	6	1
ACIN1	2	2	0.2245	64.5	0.0455	44.5	candidate_kenya_pair_005,candidate_kenya_pair_013	noncoding_or_immunoglobulin_like_prefix	0	0	1	1	0	0	1	1	0	0	1	1	1	1	True	.	noncoding_or_immunoglobulin_like_prefix	True	6	1
ACKR1	1	1	0.136	473.0	0.003971	366.0	candidate_kenya_pair_013	noncoding_or_immunoglobulin_like_prefix	0	0	1	1	0	0	0	0	0	0	1	1	1	1	True	.	noncoding_or_immunoglobulin_like_prefix	True	6	1
ACLY	2	2	0.094	43.5	0.059	23.5	candidate_kenya_pair_006,candidate_kenya_pair_020	noncoding_or_immunoglobulin_like_prefix	0	0	1	1	0	0	1	1	0	0	1	1	1	1	True	.	noncoding_or_immunoglobulin_like_prefix	True	6	1
ACOT2	1	1	0.328	173.0	0.008054	167.0	candidate_kenya_pair_013	noncoding_or_immunoglobulin_like_prefix	0	0	1	1	0	0	0	0	0	0	1	1	1	1	True	.	noncoding_or_immunoglobulin_like_prefix	True	6	1
ACSM1	2	2	0.09999999999999999	209.0	0.015	104.5	candidate_kenya_pair_010,candidate_kenya_pair_019	noncoding_or_immunoglobulin_like_prefix	0	0	1	1	0	0	1	1	0	0	1	1	1	1	True	.	noncoding_or_immunoglobulin_like_prefix	True	6	1
ACSM2B	1	1	0.132	410.0	0.005644	287.0	candidate_kenya_pair_006	noncoding_or_immunoglobulin_like_prefix	0	0	1	1	0	0	0	0	0	0	1	1	1	1	True	.	noncoding_or_immunoglobulin_like_prefix	True	6	1
ACTN2	2	2	0.0465	151.5	0.0205	78.0	candidate_kenya_pair_004,candidate_kenya_pair_020	noncoding_or_immunoglobulin_like_prefix	0	0	1	1	0	0	1	1	0	0	1	1	1	1	True	.	noncoding_or_immunoglobulin_like_prefix	True	6	1
ADTRP	1	1	0.1	44.0	0.027	54.0	candidate_kenya_pair_013	possible_pseudogene_symbol	0	0	1	1	0	0	0	0	0	0	1	1	1	1	True	.	possible_pseudogene_symbol	True	6	1
AEBP2	1	1	0.083	59.0	0.061	25.0	candidate_kenya_pair_017	possible_pseudogene_symbol	0	0	1	1	0	0	0	0	0	0	1	1	1	1	True	.	possible_pseudogene_symbol	True	6	1
AFP	1	1	0.191	180.0	0.022	67.0	candidate_kenya_pair_010	possible_pseudogene_symbol	0	0	1	1	0	0	0	0	0	0	1	1	1	1	True	.	possible_pseudogene_symbol	True	6	1
AKAP1	2	3	0.105	130.0	0.019	67.0	candidate_kenya_pair_012,candidate_kenya_pair_013	possible_pseudogene_symbol	0	0	1	1	0	0	1	2	0	0	1	1	1	1	True	.	possible_pseudogene_symbol	True	6	1
AKAP8	1	1	0.07	412.0	0.004656	330.0	candidate_kenya_pair_013	possible_pseudogene_symbol	0	0	1	1	0	0	0	0	0	0	1	1	1	1	True	.	possible_pseudogene_symbol	True	6	1
AKAP9	2	2	0.2255	59.5	0.0485	32.5	candidate_kenya_pair_007,candidate_kenya_pair_019	possible_pseudogene_symbol	0	0	1	1	0	0	1	1	0	0	1	1	1	1	True	.	possible_pseudogene_symbol	True	6	1
AL445238.1	1	1	0.983	89.0	0.027	55.0	candidate_kenya_pair_006	noncoding_or_immunoglobulin_like_prefix	0	0	1	1	0	0	0	0	0	0	1	1	1	1	True	.	noncoding_or_immunoglobulin_like_prefix	True	6	1
AL713999.1	2	2	0.0845	123.0	0.0375	39.0	candidate_kenya_pair_010,candidate_kenya_pair_017	noncoding_or_immunoglobulin_like_prefix	0	0	1	1	0	0	1	1	0	0	1	1	1	1	True	.	noncoding_or_immunoglobulin_like_prefix	True	6	1
ALDH16A1	3	3	0.294	118.0	0.033	38.0	candidate_kenya_pair_002,candidate_kenya_pair_006,candidate_kenya_pair_007	noncoding_or_immunoglobulin_like_prefix	0	0	1	1	0	0	2	2	0	0	1	1	1	1	True	.	noncoding_or_immunoglobulin_like_prefix	True	6	1
ALDH1L1	2	2	0.0775	165.0	0.014499999999999999	111.5	candidate_kenya_pair_003,candidate_kenya_pair_013	noncoding_or_immunoglobulin_like_prefix	0	0	1	1	0	0	1	1	0	0	1	1	1	1	True	.	noncoding_or_immunoglobulin_like_prefix	True	6	1
ALDH2	1	1	0.054	143.0	0.012	129.0	candidate_kenya_pair_012	noncoding_or_immunoglobulin_like_prefix	0	0	1	1	0	0	0	0	0	0	1	1	1	1	True	.	noncoding_or_immunoglobulin_like_prefix	True	6	1
ALDH3B1	4	5	0.057	98.0	0.025	56.0	candidate_kenya_pair_004,candidate_kenya_pair_009,candidate_kenya_pair_010,candidate_kenya_pair_014	noncoding_or_immunoglobulin_like_prefix	0	0	1	1	1	2	2	2	0	0	1	1	1	1	True	.	noncoding_or_immunoglobulin_like_prefix	True	6	1
ALDH4A1	1	1	0.077	57.0	0.035	31.0	candidate_kenya_pair_008	noncoding_or_immunoglobulin_like_prefix	0	0	1	1	0	0	0	0	0	0	1	1	1	1	True	.	noncoding_or_immunoglobulin_like_prefix	True	6	1
ALK	1	1	0.056	133.0	0.02	71.0	candidate_kenya_pair_013	noncoding_or_immunoglobulin_like_prefix	0	0	1	1	0	0	0	0	0	0	1	1	1	1	True	.	noncoding_or_immunoglobulin_like_prefix	True	6	1
ALPK3	2	3	0.053	51.0	0.034	34.0	candidate_kenya_pair_010,candidate_kenya_pair_018	noncoding_or_immunoglobulin_like_prefix	0	0	1	1	0	0	1	2	0	0	1	1	1	1	True	.	noncoding_or_immunoglobulin_like_prefix	True	6	1
ALPL	1	1	0.054	125.0	0.036	41.0	candidate_kenya_pair_014	noncoding_or_immunoglobulin_like_prefix	0	0	1	1	0	0	0	0	0	0	1	1	1	1	True	.	noncoding_or_immunoglobulin_like_prefix	True	6	1
AP2A2	1	1	0.034	197.0	0.02	85.0	candidate_kenya_pair_021	noncoding_or_immunoglobulin_like_prefix	0	0	1	1	0	0	0	0	0	0	1	1	1	1	True	.	noncoding_or_immunoglobulin_like_prefix	True	6	1
AP3B2	3	3	0.158	60.0	0.029	50.0	candidate_kenya_pair_012,candidate_kenya_pair_013,candidate_kenya_pair_019	noncoding_or_immunoglobulin_like_prefix	0	0	1	1	0	0	2	2	0	0	1	1	1	1	True	.	noncoding_or_immunoglobulin_like_prefix	True	6	1
AP3D1	2	2	0.187	104.5	0.040999999999999995	46.5	candidate_kenya_pair_017,candidate_kenya_pair_020	noncoding_or_immunoglobulin_like_prefix	0	0	1	1	0	0	1	1	0	0	1	1	1	1	True	.	noncoding_or_immunoglobulin_like_prefix	True	6	1
AP5B1	1	1	0.08	221.0	0.028	53.0	candidate_kenya_pair_003	noncoding_or_immunoglobulin_like_prefix	0	0	1	1	0	0	0	0	0	0	1	1	1	1	True	.	noncoding_or_immunoglobulin_like_prefix	True	6	1
APBB2	1	1	0.073	105.0	0.048	31.0	candidate_kenya_pair_014	noncoding_or_immunoglobulin_like_prefix	0	0	1	1	0	0	0	0	0	0	1	1	1	1	True	.	noncoding_or_immunoglobulin_like_prefix	True	6	1
APCDD1	1	1	0.113	194.0	0.006045	228.0	candidate_kenya_pair_013	noncoding_or_immunoglobulin_like_prefix	0	0	1	1	0	0	0	0	0	0	1	1	1	1	True	.	noncoding_or_immunoglobulin_like_prefix	True	6	1
APOB	1	1	0.056	103.0	0.023	65.0	candidate_kenya_pair_013	noncoding_or_immunoglobulin_like_prefix	0	0	1	1	0	0	0	0	0	0	1	1	1	1	True	.	noncoding_or_immunoglobulin_like_prefix	True	6	1
APOBEC3B	1	2	0.8360000000000001	136.5	0.010069999999999999	160.0	candidate_kenya_pair_006	noncoding_or_immunoglobulin_like_prefix	0	0	1	1	1	1	0	0	0	0	1	1	1	1	True	.	noncoding_or_immunoglobulin_like_prefix	True	6	1
APOBEC3F	1	1	0.029	202.0	0.011	131.0	candidate_kenya_pair_014	noncoding_or_immunoglobulin_like_prefix	0	0	1	1	0	0	0	0	0	0	1	1	1	1	True	.	noncoding_or_immunoglobulin_like_prefix	True	6	1
APPL1	2	2	0.094	49.0	0.056999999999999995	36.0	candidate_kenya_pair_013,candidate_kenya_pair_019	noncoding_or_immunoglobulin_like_prefix	0	0	1	1	0	0	1	1	0	0	1	1	1	1	True	.	noncoding_or_immunoglobulin_like_prefix	True	6	1
APRT	1	1	0.087	91.0	0.042	40.0	candidate_kenya_pair_020	noncoding_or_immunoglobulin_like_prefix	0	0	1	1	0	0	0	0	0	0	1	1	1	1	True	.	noncoding_or_immunoglobulin_like_prefix	True	6	1
ARAP3	2	2	0.16	58.0	0.0285	53.5	candidate_kenya_pair_003,candidate_kenya_pair_008	possible_pseudogene_symbol	0	0	1	1	0	0	1	1	0	0	1	1	1	1	True	.	possible_pseudogene_symbol	True	6	1
ARHGAP12	1	1	0.173	34.0	0.07	16.0	candidate_kenya_pair_020	possible_pseudogene_symbol	0	0	1	1	0	0	0	0	0	0	1	1	1	1	True	.	possible_pseudogene_symbol	True	6	1
ARHGAP35	1	1	0.071	66.0	0.027	44.0	candidate_kenya_pair_004	possible_pseudogene_symbol	0	0	1	1	0	0	0	0	0	0	1	1	1	1	True	.	possible_pseudogene_symbol	True	6	1
ATF7IP	1	1	0.084	83.0	0.039	40.0	candidate_kenya_pair_003	possible_pseudogene_symbol	0	0	1	1	0	0	0	0	0	0	1	1	1	1	True	.	possible_pseudogene_symbol	True	6	1
ATF7IP2	2	3	0.286	7.0	0.091	13.0	candidate_kenya_pair_006,candidate_kenya_pair_010	possible_pseudogene_symbol	0	0	1	1	0	0	1	2	0	0	1	1	1	1	True	.	possible_pseudogene_symbol	True	6	1
ATP6AP2	1	1	0.045	100.0	0.027	57.0	candidate_kenya_pair_014	possible_pseudogene_symbol	0	0	1	1	0	0	0	0	0	0	1	1	1	1	True	.	possible_pseudogene_symbol	True	6	1
BCAP31	1	1	0.061	99.0	0.025	57.0	candidate_kenya_pair_019	possible_pseudogene_symbol	0	0	1	1	0	0	0	0	0	0	1	1	1	1	True	.	possible_pseudogene_symbol	True	6	1
BRINP2	2	2	0.09	46.0	0.032	41.5	candidate_kenya_pair_013,candidate_kenya_pair_017	possible_pseudogene_symbol	0	0	1	1	0	0	1	1	0	0	1	1	1	1	True	.	possible_pseudogene_symbol	True	6	1
BRIP1	1	1	0.253	123.0	0.04	69.0	candidate_kenya_pair_015	possible_pseudogene_symbol	0	0	1	1	0	0	0	0	0	0	1	1	1	1	True	.	possible_pseudogene_symbol	True	6	1
CAMP	2	2	0.07550000000000001	73.5	0.0415	35.5	candidate_kenya_pair_006,candidate_kenya_pair_018	possible_pseudogene_symbol	0	0	1	1	0	0	1	1	0	0	1	1	1	1	True	.	possible_pseudogene_symbol	True	6	1
CAMSAP1	1	1	0.054	116.0	0.04	35.0	candidate_kenya_pair_010	possible_pseudogene_symbol	0	0	1	1	0	0	0	0	0	0	1	1	1	1	True	.	possible_pseudogene_symbol	True	6	1
CARHSP1	2	3	0.09	103.0	0.021	56.0	candidate_kenya_pair_012,candidate_kenya_pair_021	possible_pseudogene_symbol	0	0	1	1	1	1	1	1	0	0	1	1	1	1	True	.	possible_pseudogene_symbol	True	6	1
CD2AP	1	1	0.075	65.0	0.026	63.0	candidate_kenya_pair_010	possible_pseudogene_symbol	0	0	1	1	0	0	0	0	0	0	1	1	1	1	True	.	possible_pseudogene_symbol	True	6	1
CEP112	3	3	0.113	40.0	0.04	35.0	candidate_kenya_pair_009,candidate_kenya_pair_013,candidate_kenya_pair_019	possible_pseudogene_symbol	0	0	1	1	0	0	2	2	0	0	1	1	1	1	True	.	possible_pseudogene_symbol	True	6	1
CEP126	3	3	0.11	37.0	0.052	25.0	candidate_kenya_pair_006,candidate_kenya_pair_013,candidate_kenya_pair_015	possible_pseudogene_symbol	0	0	1	1	0	0	2	2	0	0	1	1	1	1	True	.	possible_pseudogene_symbol	True	6	1
CEP135	1	1	0.088	51.0	0.028	58.0	candidate_kenya_pair_013	possible_pseudogene_symbol	0	0	1	1	0	0	0	0	0	0	1	1	1	1	True	.	possible_pseudogene_symbol	True	6	1
CEP19	1	1	0.274	164.0	0.014	102.0	candidate_kenya_pair_018	possible_pseudogene_symbol	0	0	1	1	0	0	0	0	0	0	1	1	1	1	True	.	possible_pseudogene_symbol	True	6	1
CEP250	2	2	0.07250000000000001	76.0	0.026	51.0	candidate_kenya_pair_008,candidate_kenya_pair_019	possible_pseudogene_symbol	0	0	1	1	0	0	1	1	0	0	1	1	1	1	True	.	possible_pseudogene_symbol	True	6	1
CEP78	2	2	0.066	173.5	0.0154725	157.5	candidate_kenya_pair_013,candidate_kenya_pair_019	possible_pseudogene_symbol	0	0	1	1	0	0	1	1	0	0	1	1	1	1	True	.	possible_pseudogene_symbol	True	6	1
CEP85	1	1	0.104	51.0	0.067	21.0	candidate_kenya_pair_003	possible_pseudogene_symbol	0	0	1	1	0	0	0	0	0	0	1	1	1	1	True	.	possible_pseudogene_symbol	True	6	1
CFAP53	2	2	0.526	47.0	0.034	48.5	candidate_kenya_pair_008,candidate_kenya_pair_015	possible_pseudogene_symbol	0	0	1	1	0	0	1	1	0	0	1	1	1	1	True	.	possible_pseudogene_symbol	True	6	1
CFAP54	2	2	0.054	101.0	0.024	70.0	candidate_kenya_pair_013,candidate_kenya_pair_019	possible_pseudogene_symbol	0	0	1	1	0	0	1	1	0	0	1	1	1	1	True	.	possible_pseudogene_symbol	True	6	1
CHERP	1	1	0.129	37.0	0.054	29.0	candidate_kenya_pair_005	possible_pseudogene_symbol	0	0	1	1	0	0	0	0	0	0	1	1	1	1	True	.	possible_pseudogene_symbol	True	6	1
CLASP2	2	2	0.11599999999999999	40.5	0.061	20.5	candidate_kenya_pair_005,candidate_kenya_pair_012	possible_pseudogene_symbol	0	0	1	1	0	0	1	1	0	0	1	1	1	1	True	.	possible_pseudogene_symbol	True	6	1
CLASRP	2	2	0.10300000000000001	74.5	0.055	39.0	candidate_kenya_pair_014,candidate_kenya_pair_015	possible_pseudogene_symbol	0	0	1	1	1	1	0	0	0	0	1	1	1	1	True	.	possible_pseudogene_symbol	True	6	1
CLIP1	1	1	0.107	39.0	0.031	43.0	candidate_kenya_pair_014	possible_pseudogene_symbol	0	0	1	1	0	0	0	0	0	0	1	1	1	1	True	.	possible_pseudogene_symbol	True	6	1
CLIP4	4	5	0.136	28.0	0.059	22.0	candidate_kenya_pair_011,candidate_kenya_pair_013,candidate_kenya_pair_015,candidate_kenya_pair_018	possible_pseudogene_symbol	0	0	1	1	0	0	3	4	0	0	1	1	1	1	True	.	possible_pseudogene_symbol	True	6	1
CNTNAP3	2	2	0.247	23.0	0.08249999999999999	13.0	candidate_kenya_pair_011,candidate_kenya_pair_012	possible_pseudogene_symbol	0	0	1	1	1	1	0	0	0	0	1	1	1	1	True	.	possible_pseudogene_symbol	True	6	1
CNTNAP4	1	1	0.116	57.0	0.027	56.0	candidate_kenya_pair_019	possible_pseudogene_symbol	0	0	1	1	0	0	0	0	0	0	1	1	1	1	True	.	possible_pseudogene_symbol	True	6	1
CREBBP	1	1	0.157	26.0	0.1	10.0	candidate_kenya_pair_003	possible_pseudogene_symbol	0	0	1	1	0	0	0	0	0	0	1	1	1	1	True	.	possible_pseudogene_symbol	True	6	1
CRISP1	2	2	0.1015	52.5	0.046	36.5	candidate_kenya_pair_013,candidate_kenya_pair_020	possible_pseudogene_symbol	0	0	1	1	0	0	1	1	0	0	1	1	1	1	True	.	possible_pseudogene_symbol	True	6	1
CTTNBP2	2	2	0.087	128.0	0.0205	86.5	candidate_kenya_pair_002,candidate_kenya_pair_005	possible_pseudogene_symbol	0	0	1	1	0	0	1	1	0	0	1	1	1	1	True	.	possible_pseudogene_symbol	True	6	1
CYFIP1	2	2	0.0805	155.0	0.023913	96.0	candidate_kenya_pair_015,candidate_kenya_pair_017	possible_pseudogene_symbol	0	0	1	1	0	0	1	1	0	0	1	1	1	1	True	.	possible_pseudogene_symbol	True	6	1
CYTIP	2	2	0.0885	52.5	0.0485	28.0	candidate_kenya_pair_018,candidate_kenya_pair_020	possible_pseudogene_symbol	0	0	1	1	0	0	1	1	0	0	1	1	1	1	True	.	possible_pseudogene_symbol	True	6	1
DAPP1	2	2	0.1815	171.0	0.0164795	112.5	candidate_kenya_pair_007,candidate_kenya_pair_013	possible_pseudogene_symbol	0	0	1	1	1	1	0	0	0	0	1	1	1	1	True	.	possible_pseudogene_symbol	True	6	1
DAZAP1	2	2	0.0655	244.0	0.0214805	199.0	candidate_kenya_pair_013,candidate_kenya_pair_021	possible_pseudogene_symbol	0	0	1	1	0	0	1	1	0	0	1	1	1	1	True	.	possible_pseudogene_symbol	True	6	1
DBP	1	1	0.053	105.0	0.012	122.0	candidate_kenya_pair_013	possible_pseudogene_symbol	0	0	1	1	0	0	0	0	0	0	1	1	1	1	True	.	possible_pseudogene_symbol	True	6	1
DMP1	1	1	0.047	133.0	0.015	89.0	candidate_kenya_pair_019	possible_pseudogene_symbol	0	0	1	1	0	0	0	0	0	0	1	1	1	1	True	.	possible_pseudogene_symbol	True	6	1
DPP7	1	1	0.038	94.0	0.014	82.0	candidate_kenya_pair_011	possible_pseudogene_symbol	0	0	1	1	0	0	0	0	0	0	1	1	1	1	True	.	possible_pseudogene_symbol	True	6	1
DRP2	3	4	0.1265	129.5	0.019	85.0	candidate_kenya_pair_003,candidate_kenya_pair_006,candidate_kenya_pair_013	possible_pseudogene_symbol	0	0	1	1	0	0	2	3	0	0	1	1	1	1	True	.	possible_pseudogene_symbol	True	6	1
DSPP	1	1	0.074	42.0	0.081	15.0	candidate_kenya_pair_003	possible_pseudogene_symbol	0	0	1	1	0	0	0	0	0	0	1	1	1	1	True	.	possible_pseudogene_symbol	True	6	1
DUSP27	1	1	0.073	112.0	0.032	43.0	candidate_kenya_pair_006	possible_pseudogene_symbol	0	0	1	1	0	0	0	0	0	0	1	1	1	1	True	.	possible_pseudogene_symbol	True	6	1
DUSP9	3	3	0.095	67.0	0.055	20.0	candidate_kenya_pair_005,candidate_kenya_pair_013,candidate_kenya_pair_014	possible_pseudogene_symbol	0	0	1	1	0	0	2	2	0	0	1	1	1	1	True	.	possible_pseudogene_symbol	True	6	1
EBNA1BP2	1	1	0.044	142.0	0.02	78.0	candidate_kenya_pair_006	possible_pseudogene_symbol	0	0	1	1	0	0	0	0	0	0	1	1	1	1	True	.	possible_pseudogene_symbol	True	6	1
EP300	2	2	0.0635	72.0	0.0655	23.5	candidate_kenya_pair_007,candidate_kenya_pair_015	possible_pseudogene_symbol	0	0	1	1	0	0	1	1	0	0	1	1	1	1	True	.	possible_pseudogene_symbol	True	6	1
ESRP2	1	1	0.036	218.0	0.008323	180.0	candidate_kenya_pair_019	possible_pseudogene_symbol	0	0	1	1	0	0	0	0	0	0	1	1	1	1	True	.	possible_pseudogene_symbol	True	6	1
FKBP3	1	1	0.078	83.0	0.031	42.0	candidate_kenya_pair_012	possible_pseudogene_symbol	0	0	1	1	0	0	0	0	0	0	1	1	1	1	True	.	possible_pseudogene_symbol	True	6	1
FKBP9	1	2	0.2475	90.0	0.0475	39.0	candidate_kenya_pair_006	possible_pseudogene_symbol	0	0	1	1	1	1	0	0	0	0	1	1	1	1	True	.	possible_pseudogene_symbol	True	6	1
FKRP	1	1	0.36	102.0	0.036	41.0	candidate_kenya_pair_010	possible_pseudogene_symbol	0	0	1	1	0	0	0	0	0	0	1	1	1	1	True	.	possible_pseudogene_symbol	True	6	1
FNBP4	1	1	0.111	40.0	0.049	30.0	candidate_kenya_pair_021	possible_pseudogene_symbol	0	0	1	1	0	0	0	0	0	0	1	1	1	1	True	.	possible_pseudogene_symbol	True	6	1
GBP5	2	2	0.134	207.5	0.0145815	181.5	candidate_kenya_pair_013,candidate_kenya_pair_018	possible_pseudogene_symbol	0	0	1	1	0	0	1	1	0	0	1	1	1	1	True	.	possible_pseudogene_symbol	True	6	1
GIMAP1-GIMAP5	1	1	0.213	317.0	0.037	122.0	candidate_kenya_pair_015	multi_gene_or_interval_annotation;possible_pseudogene_symbol	0	0	1	1	0	0	0	0	0	0	1	1	1	1	True	.	multi_gene_or_interval_annotation;possible_pseudogene_symbol	True	6	1
GMIP	2	2	0.058499999999999996	214.5	0.035812500000000004	173.0	candidate_kenya_pair_013,candidate_kenya_pair_019	possible_pseudogene_symbol	0	0	1	1	1	1	0	0	0	0	1	1	1	1	True	.	possible_pseudogene_symbol	True	6	1
GORASP2	2	3	0.124	44.0	0.036	37.0	candidate_kenya_pair_001,candidate_kenya_pair_013	possible_pseudogene_symbol	0	0	1	1	0	0	1	2	0	0	1	1	1	1	True	.	possible_pseudogene_symbol	True	6	1
GRASP	3	3	0.071	84.0	0.035	42.0	candidate_kenya_pair_005,candidate_kenya_pair_010,candidate_kenya_pair_020	possible_pseudogene_symbol	0	0	1	1	0	0	2	2	0	0	1	1	1	1	True	.	possible_pseudogene_symbol	True	6	1
HABP2	4	4	0.1565	97.5	0.020999999999999998	78.0	candidate_kenya_pair_003,candidate_kenya_pair_010,candidate_kenya_pair_013,candidate_kenya_pair_015	possible_pseudogene_symbol	0	0	1	1	0	0	3	3	0	0	1	1	1	1	True	.	possible_pseudogene_symbol	True	6	1
HJURP	2	2	0.07100000000000001	125.0	0.027999999999999997	52.0	candidate_kenya_pair_018,candidate_kenya_pair_021	possible_pseudogene_symbol	0	0	1	1	0	0	1	1	0	0	1	1	1	1	True	.	possible_pseudogene_symbol	True	6	1
HSPBP1	1	1	0.054	121.0	0.021	75.0	candidate_kenya_pair_009	possible_pseudogene_symbol	0	0	1	1	0	0	0	0	0	0	1	1	1	1	True	.	possible_pseudogene_symbol	True	6	1
IGHMBP2	2	3	0.954	155.0	0.014	111.0	candidate_kenya_pair_006,candidate_kenya_pair_013	noncoding_or_immunoglobulin_like_prefix;possible_pseudogene_symbol	0	0	1	1	1	1	1	1	0	0	1	1	1	1	True	.	noncoding_or_immunoglobulin_like_prefix;possible_pseudogene_symbol	True	6	1
IGLC3	1	1	0.333	129.0	0.033	94.0	candidate_kenya_pair_006	noncoding_or_immunoglobulin_like_prefix	0	0	1	1	0	0	0	0	0	0	1	1	1	1	True	.	noncoding_or_immunoglobulin_like_prefix	True	6	1
IGLV3-16	1	1	0.992	188.0	0.013	116.0	candidate_kenya_pair_006	multi_gene_or_interval_annotation;noncoding_or_immunoglobulin_like_prefix	0	0	1	1	0	0	0	0	0	0	1	1	1	1	True	.	multi_gene_or_interval_annotation;noncoding_or_immunoglobulin_like_prefix	True	6	1
IL18RAP	1	1	0.049	153.0	0.017	91.0	candidate_kenya_pair_018	possible_pseudogene_symbol	0	0	1	1	0	0	0	0	0	0	1	1	1	1	True	.	possible_pseudogene_symbol	True	6	1
IQGAP3	1	1	0.981	181.0	0.01	159.0	candidate_kenya_pair_006	possible_pseudogene_symbol	0	0	1	1	0	0	0	0	0	0	1	1	1	1	True	.	possible_pseudogene_symbol	True	6	1
KCP	1	1	0.103	243.0	0.011	135.0	candidate_kenya_pair_007	possible_pseudogene_symbol	0	0	1	1	0	0	0	0	0	0	1	1	1	1	True	.	possible_pseudogene_symbol	True	6	1
KIFBP	1	1	0.297	145.0	0.019	146.0	candidate_kenya_pair_013	possible_pseudogene_symbol	0	0	1	1	0	0	0	0	0	0	1	1	1	1	True	.	possible_pseudogene_symbol	True	6	1
KRTAP10-11	1	1	0.996	737.0	0.003257	468.0	candidate_kenya_pair_006	multi_gene_or_interval_annotation	0	0	1	1	0	0	0	0	0	0	1	1	1	1	True	.	multi_gene_or_interval_annotation	True	6	1
KRTAP10-5	1	1	0.977	142.0	0.017	86.0	candidate_kenya_pair_006	multi_gene_or_interval_annotation	0	0	1	1	0	0	0	0	0	0	1	1	1	1	True	.	multi_gene_or_interval_annotation	True	6	1
KRTAP10-6	1	1	0.048	163.0	0.022	70.0	candidate_kenya_pair_007	multi_gene_or_interval_annotation	0	0	1	1	0	0	0	0	0	0	1	1	1	1	True	.	multi_gene_or_interval_annotation	True	6	1
KRTAP10-7	1	1	0.191	31.0	0.022	56.0	candidate_kenya_pair_006	multi_gene_or_interval_annotation	0	0	1	1	0	0	0	0	0	0	1	1	1	1	True	.	multi_gene_or_interval_annotation	True	6	1
KRTAP12-3	1	1	0.989	258.0	0.012	131.0	candidate_kenya_pair_006	multi_gene_or_interval_annotation	0	0	1	1	0	0	0	0	0	0	1	1	1	1	True	.	multi_gene_or_interval_annotation	True	6	1
KRTAP4-2	1	2	0.053000000000000005	405.5	0.007360500000000001	200.0	candidate_kenya_pair_006	multi_gene_or_interval_annotation	0	0	1	1	1	1	0	0	0	0	1	1	1	1	True	.	multi_gene_or_interval_annotation	True	6	1
KRTAP4-3	1	3	0.107	224.0	0.006133	261.0	candidate_kenya_pair_013	multi_gene_or_interval_annotation	0	0	1	1	0	0	1	2	0	0	1	1	1	1	True	.	multi_gene_or_interval_annotation	True	6	1
KRTAP4-6	1	1	0.981	164.0	0.013	103.0	candidate_kenya_pair_006	multi_gene_or_interval_annotation	0	0	1	1	0	0	0	0	0	0	1	1	1	1	True	.	multi_gene_or_interval_annotation	True	6	1
LCP2	4	5	0.1	72.0	0.053	32.0	candidate_kenya_pair_006,candidate_kenya_pair_010,candidate_kenya_pair_014,candidate_kenya_pair_021	possible_pseudogene_symbol	0	0	1	1	0	0	4	4	0	0	1	1	1	1	True	.	possible_pseudogene_symbol	True	6	1
LRP1	4	4	0.0715	214.0	0.01484	121.5	candidate_kenya_pair_005,candidate_kenya_pair_009,candidate_kenya_pair_013,candidate_kenya_pair_015	possible_pseudogene_symbol	0	0	1	1	0	0	3	3	0	0	1	1	1	1	True	.	possible_pseudogene_symbol	True	6	1
LRP2	3	3	0.129	27.0	0.07	16.0	candidate_kenya_pair_003,candidate_kenya_pair_004,candidate_kenya_pair_006	possible_pseudogene_symbol	0	0	1	1	0	0	2	2	0	0	1	1	1	1	True	.	possible_pseudogene_symbol	True	6	1
LRP5	1	1	0.143	69.0	0.035	32.0	candidate_kenya_pair_017	possible_pseudogene_symbol	0	0	1	1	0	0	0	0	0	0	1	1	1	1	True	.	possible_pseudogene_symbol	True	6	1
LSAMP	3	3	0.083	134.0	0.02	66.0	candidate_kenya_pair_008,candidate_kenya_pair_009,candidate_kenya_pair_013	possible_pseudogene_symbol	0	0	1	1	0	0	2	2	0	0	1	1	1	1	True	.	possible_pseudogene_symbol	True	6	1
LTBP1	3	3	0.115	134.0	0.018	96.0	candidate_kenya_pair_010,candidate_kenya_pair_013,candidate_kenya_pair_018	possible_pseudogene_symbol	0	0	1	1	1	1	1	1	0	0	1	1	1	1	True	.	possible_pseudogene_symbol	True	6	1
LTBP4	4	4	0.0865	58.0	0.051	35.0	candidate_kenya_pair_001,candidate_kenya_pair_010,candidate_kenya_pair_012,candidate_kenya_pair_014	possible_pseudogene_symbol	0	0	1	1	0	0	3	3	0	0	1	1	1	1	True	.	possible_pseudogene_symbol	True	6	1
MAP11	2	2	0.187	21.0	0.077	18.5	candidate_kenya_pair_013,candidate_kenya_pair_020	possible_pseudogene_symbol	0	0	1	1	1	1	0	0	0	0	1	1	1	1	True	.	possible_pseudogene_symbol	True	6	1
MASP2	1	1	0.06	114.0	0.018	84.0	candidate_kenya_pair_012	possible_pseudogene_symbol	0	0	1	1	0	0	0	0	0	0	1	1	1	1	True	.	possible_pseudogene_symbol	True	6	1
MECP2	2	2	0.078	240.5	0.028988	170.5	candidate_kenya_pair_013,candidate_kenya_pair_019	possible_pseudogene_symbol	0	0	1	1	0	0	1	1	0	0	1	1	1	1	True	.	possible_pseudogene_symbol	True	6	1
MLXIP	3	3	0.088	56.0	0.025	57.0	candidate_kenya_pair_013,candidate_kenya_pair_015,candidate_kenya_pair_020	possible_pseudogene_symbol	0	0	1	1	0	0	2	2	0	0	1	1	1	1	True	.	possible_pseudogene_symbol	True	6	1
MMP8	1	1	0.125	39.0	0.063	20.0	candidate_kenya_pair_006	possible_pseudogene_symbol	0	0	1	1	0	0	0	0	0	0	1	1	1	1	True	.	possible_pseudogene_symbol	True	6	1
MPRIP	5	5	0.083	95.0	0.025	43.0	candidate_kenya_pair_001,candidate_kenya_pair_003,candidate_kenya_pair_008,candidate_kenya_pair_014,candidate_kenya_pair_017	possible_pseudogene_symbol	0	0	1	1	0	0	4	4	0	0	1	1	1	1	True	.	possible_pseudogene_symbol	True	6	1
MYCBP2	2	2	0.21349999999999997	100.0	0.026	66.0	candidate_kenya_pair_003,candidate_kenya_pair_018	possible_pseudogene_symbol	0	0	1	1	0	0	1	1	0	0	1	1	1	1	True	.	possible_pseudogene_symbol	True	6	1
NKX1-1	1	1	0.049	210.0	0.015	113.0	candidate_kenya_pair_015	multi_gene_or_interval_annotation	0	0	1	1	0	0	0	0	0	0	1	1	1	1	True	.	multi_gene_or_interval_annotation	True	6	1
NKX6-3	3	3	0.113	98.0	0.037	39.0	candidate_kenya_pair_004,candidate_kenya_pair_013,candidate_kenya_pair_020	multi_gene_or_interval_annotation	0	0	1	1	1	1	1	1	0	0	1	1	1	1	True	.	multi_gene_or_interval_annotation	True	6	1
NLRP9	1	1	0.111	77.0	0.028	50.0	candidate_kenya_pair_010	possible_pseudogene_symbol	0	0	1	1	0	0	0	0	0	0	1	1	1	1	True	.	possible_pseudogene_symbol	True	6	1
NOP58	2	2	0.21350000000000002	42.5	0.07050000000000001	21.0	candidate_kenya_pair_011,candidate_kenya_pair_019	possible_pseudogene_symbol	0	0	1	1	0	0	1	1	0	0	1	1	1	1	True	.	possible_pseudogene_symbol	True	6	1
NOP9	2	2	0.0935	62.0	0.028	52.5	candidate_kenya_pair_013,candidate_kenya_pair_020	possible_pseudogene_symbol	0	0	1	1	0	0	1	1	0	0	1	1	1	1	True	.	possible_pseudogene_symbol	True	6	1
NPHP3	2	3	0.131	57.0	0.031	36.0	candidate_kenya_pair_014,candidate_kenya_pair_018	possible_pseudogene_symbol	0	0	1	1	0	0	2	2	0	0	1	1	1	1	True	.	possible_pseudogene_symbol	True	6	1
NRBP2	2	2	0.08650000000000001	255.0	0.032626999999999996	200.5	candidate_kenya_pair_007,candidate_kenya_pair_013	possible_pseudogene_symbol	0	0	1	1	0	0	1	1	0	0	1	1	1	1	True	.	possible_pseudogene_symbol	True	6	1
NUFIP2	1	1	0.1	48.0	0.036	39.0	candidate_kenya_pair_021	possible_pseudogene_symbol	0	0	1	1	0	0	0	0	0	0	1	1	1	1	True	.	possible_pseudogene_symbol	True	6	1
NUP210	2	3	0.1	123.0	0.023	51.0	candidate_kenya_pair_013,candidate_kenya_pair_015	possible_pseudogene_symbol	0	0	1	1	0	0	2	2	0	0	1	1	1	1	True	.	possible_pseudogene_symbol	True	6	1
NUP42	1	1	0.091	50.0	0.059	24.0	candidate_kenya_pair_007	possible_pseudogene_symbol	0	0	1	1	0	0	0	0	0	0	1	1	1	1	True	.	possible_pseudogene_symbol	True	6	1
OR5AP2	1	1	0.306	267.0	0.005983	227.0	candidate_kenya_pair_013	possible_pseudogene_symbol	0	0	1	1	0	0	0	0	0	0	1	1	1	1	True	.	possible_pseudogene_symbol	True	6	1
OSBP	4	4	0.1075	71.5	0.0505	48.5	candidate_kenya_pair_007,candidate_kenya_pair_013,candidate_kenya_pair_014,candidate_kenya_pair_018	possible_pseudogene_symbol	0	0	1	1	1	1	2	2	0	0	1	1	1	1	True	.	possible_pseudogene_symbol	True	6	1
OTOP3	2	2	0.0495	116.0	0.02	67.0	candidate_kenya_pair_008,candidate_kenya_pair_019	possible_pseudogene_symbol	0	0	1	1	1	1	0	0	0	0	1	1	1	1	True	.	possible_pseudogene_symbol	True	6	1
PAK1IP1	1	1	0.062	78.0	0.025	53.0	candidate_kenya_pair_012	possible_pseudogene_symbol	0	0	1	1	0	0	0	0	0	0	1	1	1	1	True	.	possible_pseudogene_symbol	True	6	1
PARP15	3	3	0.304	60.0	0.045	24.0	candidate_kenya_pair_006,candidate_kenya_pair_010,candidate_kenya_pair_012	possible_pseudogene_symbol	0	0	1	1	0	0	2	2	0	0	1	1	1	1	True	.	possible_pseudogene_symbol	True	6	1
PARP2	1	1	0.052	122.0	0.012	127.0	candidate_kenya_pair_013	possible_pseudogene_symbol	0	0	1	1	0	0	0	0	0	0	1	1	1	1	True	.	possible_pseudogene_symbol	True	6	1
PBXIP1	2	2	0.069	119.0	0.028999999999999998	48.0	candidate_kenya_pair_001,candidate_kenya_pair_018	possible_pseudogene_symbol	0	0	1	1	0	0	1	1	0	0	1	1	1	1	True	.	possible_pseudogene_symbol	True	6	1
PELP1	1	1	0.092	43.0	0.038	36.0	candidate_kenya_pair_005	possible_pseudogene_symbol	0	0	1	1	0	0	0	0	0	0	1	1	1	1	True	.	possible_pseudogene_symbol	True	6	1
PKP4	1	1	0.094	65.0	0.033	35.0	candidate_kenya_pair_013	possible_pseudogene_symbol	0	0	1	1	0	0	0	0	0	0	1	1	1	1	True	.	possible_pseudogene_symbol	True	6	1
PRNP	1	1	0.059	39.0	0.062	16.0	candidate_kenya_pair_015	possible_pseudogene_symbol	0	0	1	1	0	0	0	0	0	0	1	1	1	1	True	.	possible_pseudogene_symbol	True	6	1
PUDP	1	1	0.029	232.0	0.017	96.0	candidate_kenya_pair_017	possible_pseudogene_symbol	0	0	1	1	0	0	0	0	0	0	1	1	1	1	True	.	possible_pseudogene_symbol	True	6	1
PXMP4	1	1	0.111	56.0	0.043	32.0	candidate_kenya_pair_014	possible_pseudogene_symbol	0	0	1	1	0	0	0	0	0	0	1	1	1	1	True	.	possible_pseudogene_symbol	True	6	1
PZP	1	1	0.059	162.0	0.02	83.0	candidate_kenya_pair_004	possible_pseudogene_symbol	0	0	1	1	0	0	0	0	0	0	1	1	1	1	True	.	possible_pseudogene_symbol	True	6	1
RAB3GAP1	3	3	0.214	61.0	0.029	51.0	candidate_kenya_pair_006,candidate_kenya_pair_008,candidate_kenya_pair_012	possible_pseudogene_symbol	0	0	1	1	0	0	2	2	0	0	1	1	1	1	True	.	possible_pseudogene_symbol	True	6	1
RABEP2	4	5	0.053	95.0	0.035	31.0	candidate_kenya_pair_003,candidate_kenya_pair_008,candidate_kenya_pair_011,candidate_kenya_pair_020	possible_pseudogene_symbol	0	0	1	1	0	0	3	4	0	0	1	1	1	1	True	.	possible_pseudogene_symbol	True	6	1
RANBP9	1	1	0.085	68.0	0.033	46.0	candidate_kenya_pair_012	possible_pseudogene_symbol	0	0	1	1	0	0	0	0	0	0	1	1	1	1	True	.	possible_pseudogene_symbol	True	6	1
RAP1GAP	2	2	0.067	241.5	0.02	125.0	candidate_kenya_pair_013,candidate_kenya_pair_015	possible_pseudogene_symbol	0	0	1	1	0	0	1	1	0	0	1	1	1	1	True	.	possible_pseudogene_symbol	True	6	1
RASIP1	2	2	0.057	97.5	0.0475	39.0	candidate_kenya_pair_003,candidate_kenya_pair_015	possible_pseudogene_symbol	0	0	1	1	1	1	0	0	0	0	1	1	1	1	True	.	possible_pseudogene_symbol	True	6	1
RBBP8	1	1	0.13	26.0	0.052	26.0	candidate_kenya_pair_018	possible_pseudogene_symbol	0	0	1	1	0	0	0	0	0	0	1	1	1	1	True	.	possible_pseudogene_symbol	True	6	1
RIMBP2	2	3	0.065	111.0	0.023	61.0	candidate_kenya_pair_009,candidate_kenya_pair_013	possible_pseudogene_symbol	0	0	1	1	0	0	1	2	0	0	1	1	1	1	True	.	possible_pseudogene_symbol	True	6	1
RIMBP3	1	1	0.038	247.0	0.011	121.0	candidate_kenya_pair_003	possible_pseudogene_symbol	0	0	1	1	0	0	0	0	0	0	1	1	1	1	True	.	possible_pseudogene_symbol	True	6	1
RP1	2	2	0.0875	113.0	0.053	56.0	candidate_kenya_pair_010,candidate_kenya_pair_019	possible_pseudogene_symbol	0	0	1	1	0	0	1	1	0	0	1	1	1	1	True	.	possible_pseudogene_symbol	True	6	1
RPAP2	1	1	0.087	69.0	0.039	41.0	candidate_kenya_pair_021	possible_pseudogene_symbol	0	0	1	1	0	0	0	0	0	0	1	1	1	1	True	.	possible_pseudogene_symbol	True	6	1
RRP1	5	5	0.093	113.0	0.025	59.0	candidate_kenya_pair_001,candidate_kenya_pair_005,candidate_kenya_pair_006,candidate_kenya_pair_013,candidate_kenya_pair_018	possible_pseudogene_symbol	0	0	1	1	1	1	3	3	0	0	1	1	1	1	True	.	possible_pseudogene_symbol	True	6	1
RXFP1	1	1	0.187	285.0	0.013	122.0	candidate_kenya_pair_018	possible_pseudogene_symbol	0	0	1	1	0	0	0	0	0	0	1	1	1	1	True	.	possible_pseudogene_symbol	True	6	1
SDCBP2	3	3	0.119	48.0	0.049	27.0	candidate_kenya_pair_002,candidate_kenya_pair_004,candidate_kenya_pair_021	possible_pseudogene_symbol	0	0	1	1	0	0	2	2	0	0	1	1	1	1	True	.	possible_pseudogene_symbol	True	6	1
SENP6	1	1	0.068	86.0	0.042	31.0	candidate_kenya_pair_015	possible_pseudogene_symbol	0	0	1	1	0	0	0	0	0	0	1	1	1	1	True	.	possible_pseudogene_symbol	True	6	1
SFSWAP	1	1	0.075	81.0	0.037	36.0	candidate_kenya_pair_021	possible_pseudogene_symbol	0	0	1	1	0	0	0	0	0	0	1	1	1	1	True	.	possible_pseudogene_symbol	True	6	1
SHKBP1	3	3	0.157	190.0	0.017	82.0	candidate_kenya_pair_001,candidate_kenya_pair_008,candidate_kenya_pair_012	possible_pseudogene_symbol	0	0	1	1	0	0	2	2	0	0	1	1	1	1	True	.	possible_pseudogene_symbol	True	6	1
SNAP91	2	2	0.2345	90.5	0.0555	39.0	candidate_kenya_pair_006,candidate_kenya_pair_010	possible_pseudogene_symbol	0	0	1	1	0	0	1	1	0	0	1	1	1	1	True	.	possible_pseudogene_symbol	True	6	1
SNRNP200	2	2	0.10350000000000001	103.5	0.0455	61.0	candidate_kenya_pair_007,candidate_kenya_pair_014	possible_pseudogene_symbol	0	0	1	1	0	0	1	1	0	0	1	1	1	1	True	.	possible_pseudogene_symbol	True	6	1
SRGAP1	5	5	0.069	102.0	0.029	56.0	candidate_kenya_pair_007,candidate_kenya_pair_013,candidate_kenya_pair_015,candidate_kenya_pair_019,candidate_kenya_pair_020	possible_pseudogene_symbol	0	0	1	1	0	0	4	4	0	0	1	1	1	1	True	.	possible_pseudogene_symbol	True	6	1
SRP68	1	1	0.041	196.0	0.024	66.0	candidate_kenya_pair_007	possible_pseudogene_symbol	0	0	1	1	0	0	0	0	0	0	1	1	1	1	True	.	possible_pseudogene_symbol	True	6	1
STEAP1	1	1	0.038	256.0	0.013	120.0	candidate_kenya_pair_009	possible_pseudogene_symbol	0	0	1	1	0	0	0	0	0	0	1	1	1	1	True	.	possible_pseudogene_symbol	True	6	1
STXBP2	1	1	0.956	74.0	0.034	46.0	candidate_kenya_pair_006	possible_pseudogene_symbol	0	0	1	1	0	0	0	0	0	0	1	1	1	1	True	.	possible_pseudogene_symbol	True	6	1
SYAP1	1	1	0.06	130.0	0.017	86.0	candidate_kenya_pair_008	possible_pseudogene_symbol	0	0	1	1	0	0	0	0	0	0	1	1	1	1	True	.	possible_pseudogene_symbol	True	6	1
SYCP3	1	1	0.033	195.0	0.008066	190.0	candidate_kenya_pair_013	possible_pseudogene_symbol	0	0	1	1	0	0	0	0	0	0	1	1	1	1	True	.	possible_pseudogene_symbol	True	6	1
TARBP1	1	1	0.149	31.0	0.071	19.0	candidate_kenya_pair_015	possible_pseudogene_symbol	0	0	1	1	0	0	0	0	0	0	1	1	1	1	True	.	possible_pseudogene_symbol	True	6	1
TARBP2	1	1	0.045	255.0	0.007331	199.0	candidate_kenya_pair_013	possible_pseudogene_symbol	0	0	1	1	0	0	0	0	0	0	1	1	1	1	True	.	possible_pseudogene_symbol	True	6	1
THAP11	1	1	0.059	101.0	0.036	38.0	candidate_kenya_pair_015	possible_pseudogene_symbol	0	0	1	1	0	0	0	0	0	0	1	1	1	1	True	.	possible_pseudogene_symbol	True	6	1
THRAP3	1	1	0.286	85.0	0.033	40.0	candidate_kenya_pair_006	possible_pseudogene_symbol	0	0	1	1	0	0	0	0	0	0	1	1	1	1	True	.	possible_pseudogene_symbol	True	6	1
TNFAIP3	1	1	0.04	238.0	0.017	89.0	candidate_kenya_pair_003	possible_pseudogene_symbol	0	0	1	1	0	0	0	0	0	0	1	1	1	1	True	.	possible_pseudogene_symbol	True	6	1
TP53BP1	3	4	0.0755	77.0	0.0225	65.0	candidate_kenya_pair_013,candidate_kenya_pair_014,candidate_kenya_pair_020	possible_pseudogene_symbol	0	0	1	1	0	0	3	3	0	0	1	1	1	1	True	.	possible_pseudogene_symbol	True	6	1
TRAP1	2	2	0.1295	101.5	0.033	40.5	candidate_kenya_pair_006,candidate_kenya_pair_010	possible_pseudogene_symbol	0	0	1	1	0	0	1	1	0	0	1	1	1	1	True	.	possible_pseudogene_symbol	True	6	1
TRIP11	1	1	0.061	84.0	0.033	36.0	candidate_kenya_pair_014	possible_pseudogene_symbol	0	0	1	1	0	0	0	0	0	0	1	1	1	1	True	.	possible_pseudogene_symbol	True	6	1
TRIP12	2	3	0.059	103.0	0.026	58.0	candidate_kenya_pair_015,candidate_kenya_pair_019	possible_pseudogene_symbol	0	0	1	1	0	0	1	2	0	0	1	1	1	1	True	.	possible_pseudogene_symbol	True	6	1
TRNP1	1	1	0.111	41.0	0.063	21.0	candidate_kenya_pair_021	possible_pseudogene_symbol	0	0	1	1	0	0	0	0	0	0	1	1	1	1	True	.	possible_pseudogene_symbol	True	6	1
TROAP	1	1	0.98	242.0	0.009986	163.0	candidate_kenya_pair_006	possible_pseudogene_symbol	0	0	1	1	0	0	0	0	0	0	1	1	1	1	True	.	possible_pseudogene_symbol	True	6	1
TSPOAP1	2	2	0.0825	112.0	0.049756	101.0	candidate_kenya_pair_003,candidate_kenya_pair_013	possible_pseudogene_symbol	0	0	1	1	0	0	1	1	0	0	1	1	1	1	True	.	possible_pseudogene_symbol	True	6	1
UPP2	1	1	0.057	108.0	0.026	57.0	candidate_kenya_pair_019	possible_pseudogene_symbol	0	0	1	1	0	0	0	0	0	0	1	1	1	1	True	.	possible_pseudogene_symbol	True	6	1
URGCP	2	2	0.1255	38.5	0.034	39.5	candidate_kenya_pair_013,candidate_kenya_pair_018	possible_pseudogene_symbol	0	0	1	1	0	0	1	1	0	0	1	1	1	1	True	.	possible_pseudogene_symbol	True	6	1
USP20	1	1	0.051	106.0	0.028	40.0	candidate_kenya_pair_010	possible_pseudogene_symbol	0	0	1	1	0	0	0	0	0	0	1	1	1	1	True	.	possible_pseudogene_symbol	True	6	1
USP21	1	1	0.056	120.0	0.028	55.0	candidate_kenya_pair_014	possible_pseudogene_symbol	0	0	1	1	0	0	0	0	0	0	1	1	1	1	True	.	possible_pseudogene_symbol	True	6	1
USP3	1	1	0.084	94.0	0.036	42.0	candidate_kenya_pair_020	possible_pseudogene_symbol	0	0	1	1	0	0	0	0	0	0	1	1	1	1	True	.	possible_pseudogene_symbol	True	6	1
USP35	1	1	0.285	248.0	0.015	116.0	candidate_kenya_pair_007	possible_pseudogene_symbol	0	0	1	1	0	0	0	0	0	0	1	1	1	1	True	.	possible_pseudogene_symbol	True	6	1
USP42	1	1	0.103	229.0	0.015	96.0	candidate_kenya_pair_002	possible_pseudogene_symbol	0	0	1	1	0	0	0	0	0	0	1	1	1	1	True	.	possible_pseudogene_symbol	True	6	1
USP46	1	1	0.06	185.0	0.019	92.0	candidate_kenya_pair_003	possible_pseudogene_symbol	0	0	1	1	0	0	0	0	0	0	1	1	1	1	True	.	possible_pseudogene_symbol	True	6	1
XIRP2	1	1	0.092	53.0	0.036	43.0	candidate_kenya_pair_001	possible_pseudogene_symbol	0	0	1	1	0	0	0	0	0	0	1	1	1	1	True	.	possible_pseudogene_symbol	True	6	1
XPNPEP1	2	2	0.053	118.0	0.0195	85.0	candidate_kenya_pair_014,candidate_kenya_pair_017	possible_pseudogene_symbol	0	0	1	1	0	0	1	1	0	0	1	1	1	1	True	.	possible_pseudogene_symbol	True	6	1
XPNPEP2	3	3	0.059	137.0	0.018	89.0	candidate_kenya_pair_001,candidate_kenya_pair_019,candidate_kenya_pair_021	possible_pseudogene_symbol	0	0	1	1	0	0	2	2	0	0	1	1	1	1	True	.	possible_pseudogene_symbol	True	6	1
ZFP1	1	1	0.354	73.0	0.039	32.0	candidate_kenya_pair_020	possible_pseudogene_symbol	0	0	1	1	0	0	0	0	0	0	1	1	1	1	True	.	possible_pseudogene_symbol	True	6	1
ZFP14	1	1	0.108	49.0	0.029	46.0	candidate_kenya_pair_013	possible_pseudogene_symbol	0	0	1	1	0	0	0	0	0	0	1	1	1	1	True	.	possible_pseudogene_symbol	True	6	1
ZFP69	1	2	0.08149999999999999	93.0	0.024	60.0	candidate_kenya_pair_012	possible_pseudogene_symbol	0	0	1	1	1	1	0	0	0	0	1	1	1	1	True	.	possible_pseudogene_symbol	True	6	1
AC004890.2	1	1	0.142	111.0	0.011	123.0	candidate_kenya_pair_013	noncoding_or_immunoglobulin_like_prefix	0	0	0	0	1	1	0	0	1	1	0	0	1	1	True	.	noncoding_or_immunoglobulin_like_prefix	True	3	-2
AC019109.1	1	1	0.148	26.0	0.091	12.0	candidate_kenya_pair_001	noncoding_or_immunoglobulin_like_prefix	0	0	0	0	1	1	0	0	1	1	0	0	1	1	True	.	noncoding_or_immunoglobulin_like_prefix	True	3	-2
AC073488.7	1	1	0.156	44.0	0.083	13.0	candidate_kenya_pair_003	noncoding_or_immunoglobulin_like_prefix	0	0	0	0	1	1	0	0	1	1	0	0	1	1	True	.	noncoding_or_immunoglobulin_like_prefix	True	3	-2
AC100872.1	1	1	0.096	43.0	0.056	22.0	candidate_kenya_pair_020	noncoding_or_immunoglobulin_like_prefix	0	0	0	0	1	1	0	0	1	1	0	0	1	1	True	.	noncoding_or_immunoglobulin_like_prefix	True	3	-2
AC118942.1	1	1	0.334	31.0	0.056	26.0	candidate_kenya_pair_015	noncoding_or_immunoglobulin_like_prefix	0	0	0	0	1	1	0	0	1	1	0	0	1	1	True	.	noncoding_or_immunoglobulin_like_prefix	True	3	-2
ACACB	5	5	0.113	62.0	0.045	35.0	candidate_kenya_pair_003,candidate_kenya_pair_005,candidate_kenya_pair_012,candidate_kenya_pair_013,candidate_kenya_pair_019	noncoding_or_immunoglobulin_like_prefix	0	0	0	0	1	1	4	4	1	1	0	0	1	1	True	.	noncoding_or_immunoglobulin_like_prefix	True	3	-2
AL136981.4	1	1	0.088	65.0	0.027	56.0	candidate_kenya_pair_014	noncoding_or_immunoglobulin_like_prefix	0	0	0	0	1	1	0	0	1	1	0	0	1	1	True	.	noncoding_or_immunoglobulin_like_prefix	True	3	-2
AL512310.5	1	1	0.032	96.0	0.019	85.0	candidate_kenya_pair_020	noncoding_or_immunoglobulin_like_prefix	0	0	0	0	1	1	0	0	1	1	0	0	1	1	True	.	noncoding_or_immunoglobulin_like_prefix	True	3	-2
AL807752.7	1	1	0.071	67.0	0.071	17.0	candidate_kenya_pair_009	noncoding_or_immunoglobulin_like_prefix	0	0	0	0	1	1	0	0	1	1	0	0	1	1	True	.	noncoding_or_immunoglobulin_like_prefix	True	3	-2
AL845472.1	1	1	0.068	91.0	0.024	64.0	candidate_kenya_pair_019	noncoding_or_immunoglobulin_like_prefix	0	0	0	0	1	1	0	0	1	1	0	0	1	1	True	.	noncoding_or_immunoglobulin_like_prefix	True	3	-2
ALCAM	1	1	0.078	120.0	0.017	85.0	candidate_kenya_pair_012	noncoding_or_immunoglobulin_like_prefix	0	0	0	0	1	1	0	0	1	1	0	0	1	1	True	.	noncoding_or_immunoglobulin_like_prefix	True	3	-2
ALDH1L2	2	2	0.5425	79.0	0.036	35.5	candidate_kenya_pair_005,candidate_kenya_pair_006	noncoding_or_immunoglobulin_like_prefix	0	0	0	0	1	1	1	1	1	1	0	0	1	1	True	.	noncoding_or_immunoglobulin_like_prefix	True	3	-2
ALOX15P1	2	3	0.213	52.0	0.045	26.0	candidate_kenya_pair_002,candidate_kenya_pair_006	noncoding_or_immunoglobulin_like_prefix;possible_pseudogene_symbol	0	0	0	0	1	1	2	2	1	1	0	0	1	1	True	.	noncoding_or_immunoglobulin_like_prefix;possible_pseudogene_symbol	True	3	-2
APH1A	1	1	0.037	153.0	0.028	50.0	candidate_kenya_pair_007	noncoding_or_immunoglobulin_like_prefix	0	0	0	0	1	1	0	0	1	1	0	0	1	1	True	.	noncoding_or_immunoglobulin_like_prefix	True	3	-2
ARMC4P1	1	2	0.112	34.5	0.044	29.0	candidate_kenya_pair_020	possible_pseudogene_symbol	0	0	0	0	1	1	1	1	1	1	0	0	1	1	True	.	possible_pseudogene_symbol	True	3	-2
ASAP2	4	5	0.096	128.0	0.04	26.0	candidate_kenya_pair_001,candidate_kenya_pair_005,candidate_kenya_pair_006,candidate_kenya_pair_013	possible_pseudogene_symbol	0	0	0	0	1	1	4	4	1	1	0	0	1	1	True	.	possible_pseudogene_symbol	True	3	-2
CLIP2	1	1	0.055	107.0	0.029	41.0	candidate_kenya_pair_019	possible_pseudogene_symbol	0	0	0	0	1	1	0	0	1	1	0	0	1	1	True	.	possible_pseudogene_symbol	True	3	-2
FAM86MP	1	1	0.193	34.0	0.1	14.0	candidate_kenya_pair_010	possible_pseudogene_symbol	0	0	0	0	1	1	0	0	1	1	0	0	1	1	True	.	possible_pseudogene_symbol	True	3	-2
HMGA2-AS1	1	1	0.075	87.0	0.033	46.0	candidate_kenya_pair_006	multi_gene_or_interval_annotation	0	0	0	0	1	1	0	0	1	1	0	0	1	1	True	.	multi_gene_or_interval_annotation	True	3	-2
IGLV3-1	1	2	0.988	276.0	0.0094195	177.5	candidate_kenya_pair_006	multi_gene_or_interval_annotation;noncoding_or_immunoglobulin_like_prefix	0	0	0	0	1	1	1	1	1	1	0	0	1	1	True	.	multi_gene_or_interval_annotation;noncoding_or_immunoglobulin_like_prefix	True	3	-2
LBP	2	3	0.987	114.0	0.02	75.0	candidate_kenya_pair_006,candidate_kenya_pair_019	possible_pseudogene_symbol	0	0	0	0	1	1	2	2	1	1	0	0	1	1	True	.	possible_pseudogene_symbol	True	3	-2
LGALS3BP	1	1	0.091	29.0	0.056	18.0	candidate_kenya_pair_017	possible_pseudogene_symbol	0	0	0	0	1	1	0	0	1	1	0	0	1	1	True	.	possible_pseudogene_symbol	True	3	-2
LINC01547	1	1	0.063	59.0	0.042	31.0	candidate_kenya_pair_014	noncoding_or_immunoglobulin_like_prefix	0	0	0	0	1	1	0	0	1	1	0	0	1	1	True	.	noncoding_or_immunoglobulin_like_prefix	True	3	-2
LINC02692	1	1	0.075	65.0	0.047	30.0	candidate_kenya_pair_018	noncoding_or_immunoglobulin_like_prefix	0	0	0	0	1	1	0	0	1	1	0	0	1	1	True	.	noncoding_or_immunoglobulin_like_prefix	True	3	-2
MBL1P	1	1	0.058	182.0	0.012	129.0	candidate_kenya_pair_015	possible_pseudogene_symbol	0	0	0	0	1	1	0	0	1	1	0	0	1	1	True	.	possible_pseudogene_symbol	True	3	-2
MED15P8	1	1	0.073	62.0	0.056	23.0	candidate_kenya_pair_001	possible_pseudogene_symbol	0	0	0	0	1	1	0	0	1	1	0	0	1	1	True	.	possible_pseudogene_symbol	True	3	-2
MIR3146	1	1	0.081	77.0	0.029	54.0	candidate_kenya_pair_014	noncoding_or_immunoglobulin_like_prefix	0	0	0	0	1	1	0	0	1	1	0	0	1	1	True	.	noncoding_or_immunoglobulin_like_prefix	True	3	-2
MPP7	2	2	0.4215	112.0	0.032	64.5	candidate_kenya_pair_006,candidate_kenya_pair_015	possible_pseudogene_symbol	0	0	0	0	1	1	1	1	1	1	0	0	1	1	True	.	possible_pseudogene_symbol	True	3	-2
NUBP2	1	1	0.042	146.0	0.018	85.0	candidate_kenya_pair_015	possible_pseudogene_symbol	0	0	0	0	1	1	0	0	1	1	0	0	1	1	True	.	possible_pseudogene_symbol	True	3	-2
PCED1B-AS1	1	1	0.087	64.0	0.037	38.0	candidate_kenya_pair_001	multi_gene_or_interval_annotation	0	0	0	0	1	1	0	0	1	1	0	0	1	1	True	.	multi_gene_or_interval_annotation	True	3	-2
PNLIPRP1	1	1	0.071	83.0	0.014	100.0	candidate_kenya_pair_013	possible_pseudogene_symbol	0	0	0	0	1	1	0	0	1	1	0	0	1	1	True	.	possible_pseudogene_symbol	True	3	-2
PTTG1IP	1	1	0.119	30.0	0.088	11.0	candidate_kenya_pair_015	possible_pseudogene_symbol	0	0	0	0	1	1	0	0	1	1	0	0	1	1	True	.	possible_pseudogene_symbol	True	3	-2
RANBP3	2	2	0.0585	150.5	0.015312000000000001	111.0	candidate_kenya_pair_008,candidate_kenya_pair_012	possible_pseudogene_symbol	0	0	0	0	1	1	1	1	1	1	0	0	1	1	True	.	possible_pseudogene_symbol	True	3	-2
RPGRIP1	3	3	0.105	58.0	0.048	29.0	candidate_kenya_pair_014,candidate_kenya_pair_015,candidate_kenya_pair_019	possible_pseudogene_symbol	0	0	0	0	1	1	2	2	1	1	0	0	1	1	True	.	possible_pseudogene_symbol	True	3	-2
RRP12	1	1	0.981	176.0	0.019	85.0	candidate_kenya_pair_006	possible_pseudogene_symbol	0	0	0	0	1	1	0	0	1	1	0	0	1	1	True	.	possible_pseudogene_symbol	True	3	-2
RTP1	2	2	0.069	271.5	0.0211335	150.0	candidate_kenya_pair_003,candidate_kenya_pair_006	possible_pseudogene_symbol	0	0	0	0	1	1	1	1	1	1	0	0	1	1	True	.	possible_pseudogene_symbol	True	3	-2
SGIP1	1	1	0.232	121.0	0.024	68.0	candidate_kenya_pair_009	possible_pseudogene_symbol	0	0	0	0	1	1	0	0	1	1	0	0	1	1	True	.	possible_pseudogene_symbol	True	3	-2
SLC22A20P	1	1	0.07	79.0	0.034	37.0	candidate_kenya_pair_006	possible_pseudogene_symbol	0	0	0	0	1	1	0	0	1	1	0	0	1	1	True	.	possible_pseudogene_symbol	True	3	-2
SLC25A21-AS1	1	1	0.074	59.0	0.038	32.0	candidate_kenya_pair_017	multi_gene_or_interval_annotation	0	0	0	0	1	1	0	0	1	1	0	0	1	1	True	.	multi_gene_or_interval_annotation	True	3	-2
SLC9B1P3	2	5	0.103	45.0	0.091	17.0	candidate_kenya_pair_006,candidate_kenya_pair_020	possible_pseudogene_symbol	0	0	0	0	1	1	2	4	1	1	0	0	1	1	True	.	possible_pseudogene_symbol	True	3	-2
SP9	1	1	0.041	166.0	0.018	72.0	candidate_kenya_pair_020	possible_pseudogene_symbol	0	0	0	0	1	1	0	0	1	1	0	0	1	1	True	.	possible_pseudogene_symbol	True	3	-2
SYCP1	2	3	0.13	48.0	0.053	26.0	candidate_kenya_pair_001,candidate_kenya_pair_007	possible_pseudogene_symbol	0	0	0	0	1	1	2	2	1	1	0	0	1	1	True	.	possible_pseudogene_symbol	True	3	-2
USP27X-AS1	1	1	0.125	33.0	0.053	27.0	candidate_kenya_pair_008	multi_gene_or_interval_annotation	0	0	0	0	1	1	0	0	1	1	0	0	1	1	True	.	multi_gene_or_interval_annotation	True	3	-2
ZNF542P	1	1	0.128	41.0	0.07	20.0	candidate_kenya_pair_017	possible_pseudogene_symbol	0	0	0	0	1	1	0	0	1	1	0	0	1	1	True	.	possible_pseudogene_symbol	True	3	-2
