target,model,accuracy,weighted_f1
stage2,fuzzy_80_20,0.11538461538461539,0.1079190650619222
diagnosis,fuzzy_80_20,0.21153846153846154,0.22230769230769232
laterality,fuzzy_80_20,0.4423076923076923,0.31101029252437706
ihc,fuzzy_80_20,0.36538461538461536,0.2166596989966555
