target,model,accuracy,weighted_f1
stage2,fuzzy_v4_cov,0.05,0.0058823529411764705
diagnosis,fuzzy_v4_cov,0.15,0.24545454545454548
laterality,fuzzy_v4_cov,0.6,0.5238095238095238
ihc,fuzzy_v4_cov,0.45,0.327037037037037
