target,model,accuracy,accuracy,weighted_f1,weighted_f1,macro_f1,macro_f1,balanced_acc,balanced_acc
,,mean,std,mean,std,mean,std,mean,std
diagnosis,fuzzy,0.1423076923076923,0.05195867725425499,0.14971942800788954,0.045132902165420326,0.09862393162393161,0.03625962481266544,0.3630777958352709,0.009901595520764655
ihc,fuzzy,0.46538461538461534,0.06435846357954426,0.32662361232177284,0.0680213818748401,0.21153123821602082,0.03296597369659201,0.28182720057720057,0.012656590432165455
laterality,fuzzy,0.5076923076923077,0.08664523327745235,0.3811871824941255,0.0992019889431939,0.27545914414073525,0.07240404299651301,0.37288930386969604,0.09298892448729118
stage2,fuzzy,0.09615384615384616,0.01359820733051053,0.0839566452015002,0.013468011071834983,0.0806488348180746,0.03199089134275604,0.33570460704607047,0.0572653559113564
