target,model,accuracy,accuracy,weighted_f1,weighted_f1
,,mean,std,mean,std
diagnosis,fuzzy,0.1423076923076923,0.05195867725425499,0.14971942800788954,0.045132902165420326
ihc,fuzzy,0.46538461538461534,0.06435846357954426,0.32662361232177284,0.0680213818748401
laterality,fuzzy,0.5076923076923077,0.08664523327745235,0.3811871824941255,0.0992019889431939
stage2,fuzzy,0.09615384615384616,0.01359820733051053,0.0839566452015002,0.013468011071834983
